AUID_ATTNS,MonitoringLocationTypeName,AU_Type,TADA.CharacteristicName,TADA.ResultMeasure.MeasureUnitCode,TADA.ResultSampleFractionText_new,n_Samples,n_SampDates,n_WaterYears,Waterbody Type,Fraction,Use,Type,Minimum Assessment Period,Minimum number of data points,Min_Assess_Period_Yrs,Min_Num_Pts,Min_Period_Pass,Min_Data_Pass,Data_Sufficient,Hardness_Dependency
AK_B_1010203_001,BEACH Program Site-Ocean,Beach,"TEMPERATURE, WATER",DEG C,,75,61,4,Marine,,Water Supply,,,,,,,,,Hardness dependency not applicable.
AK_B_1010204_001,BEACH Program Site-Ocean,Beach,"TEMPERATURE, WATER",DEG C,,81,67,5,Marine,,Water Supply,,,,,,,,,Hardness dependency not applicable.
AK_B_1010204_002,BEACH Program Site-Ocean,Beach,"TEMPERATURE, WATER",DEG C,,75,60,4,Marine,,Water Supply,,,,,,,,,Hardness dependency not applicable.
AK_B_1010204_003,BEACH Program Site-Ocean,Beach,"TEMPERATURE, WATER",DEG C,,82,67,5,Marine,,Water Supply,,,,,,,,,Hardness dependency not applicable.
AK_B_1010204_004,BEACH Program Site-Ocean,Beach,"TEMPERATURE, WATER",DEG C,,75,61,4,Marine,,Water Supply,,,,,,,,,Hardness dependency not applicable.
AK_B_1010204_005,BEACH Program Site-Ocean,Beach,"TEMPERATURE, WATER",DEG C,,82,67,5,Marine,,Water Supply,,,,,,,,,Hardness dependency not applicable.
AK_B_1010204_006,BEACH Program Site-Ocean,Beach,"TEMPERATURE, WATER",DEG C,,76,61,4,Marine,,Water Supply,,,,,,,,,Hardness dependency not applicable.
AK_B_1010204_007,BEACH Program Site-Ocean,Beach,"TEMPERATURE, WATER",DEG C,,82,67,5,Marine,,Water Supply,,,,,,,,,Hardness dependency not applicable.
AK_B_1010204_008,BEACH Program Site-Ocean,Beach,"TEMPERATURE, WATER",DEG C,,58,44,3,Marine,,Water Supply,,,,,,,,,Hardness dependency not applicable.
AK_B_1010205_001,BEACH Program Site-Ocean,Beach,"TEMPERATURE, WATER",DEG C,,81,67,5,Marine,,Water Supply,,,,,,,,,Hardness dependency not applicable.
AK_B_1010208_001,BEACH Program Site-Ocean,Beach,"TEMPERATURE, WATER",DEG C,,75,61,5,Marine,,Water Supply,,,,,,,,,Hardness dependency not applicable.
AK_B_1010208_002,BEACH Program Site-Ocean,Beach,"TEMPERATURE, WATER",DEG C,,63,49,4,Marine,,Water Supply,,,,,,,,,Hardness dependency not applicable.
AK_B_1021109_001,BEACH Program Site-Ocean,Beach,"TEMPERATURE, WATER",DEG C,,28,28,2,Marine,,Water Supply,,,,,,,,,Hardness dependency not applicable.
AK_B_1021109_003,BEACH Program Site-Ocean,Beach,"TEMPERATURE, WATER",DEG C,,28,28,2,Marine,,Water Supply,,,,,,,,,Hardness dependency not applicable.
AK_B_2030218_002,BEACH Program Site-Ocean,Beach,"TEMPERATURE, WATER",DEG C,,51,46,5,Marine,,Water Supply,,,,,,,,,Hardness dependency not applicable.
AK_B_2030218_003,BEACH Program Site-Ocean,Beach,"TEMPERATURE, WATER",DEG C,,56,48,5,Marine,,Water Supply,,,,,,,,,Hardness dependency not applicable.
AK_B_3030311_001,Estuary,Beach,"TEMPERATURE, WATER",DEG C,,7,7,1,Marine,,Water Supply,,,,,,,,,Hardness dependency not applicable.
AK_B_3030311_002,Estuary,Beach,"TEMPERATURE, WATER",DEG C,,7,7,1,Marine,,Water Supply,,,,,,,,,Hardness dependency not applicable.
AK_B_3030311_003,Estuary,Beach,"TEMPERATURE, WATER",DEG C,,7,7,1,Marine,,Water Supply,,,,,,,,,Hardness dependency not applicable.
AK_L_2030212_001,Lake,Lake,ALUMINUM,UG/L,DISSOLVED,6,3,2,,,,,,,,,,,,Hardness dependency not applicable.
AK_L_2030212_001,Lake,Lake,COPPER,UG/L,TOTAL,6,3,2,,,,,,,,,,,,Hardness dependency not applicable.
AK_L_2030212_001,Lake,Lake,HARDNESS,UG/L,TOTAL,6,3,2,,,,,,,,,,,,Hardness dependency not applicable.
AK_L_2030212_001,Lake,Lake,"TEMPERATURE, WATER",DEG C,,8,4,2,Freshwater,,Aquatic Life,,,,,,,,,Hardness dependency not applicable.
AK_L_2030212_001,Lake,Lake,"TEMPERATURE, WATER",DEG C,,8,4,2,Freshwater,,Primary Contact Recreation,,,,,,,,,Hardness dependency not applicable.
AK_L_2030212_001,Lake,Lake,"TEMPERATURE, WATER",DEG C,,8,4,2,Freshwater,,Water Supply,,,,,,,,,Hardness dependency not applicable.
AK_L_8030609_003,Lake,Lake,"TEMPERATURE, WATER",DEG C,,10,10,2,Freshwater,,Aquatic Life,,,,,,,,,Hardness dependency not applicable.
AK_L_8030609_003,Lake,Lake,"TEMPERATURE, WATER",DEG C,,10,10,2,Freshwater,,Primary Contact Recreation,,,,,,,,,Hardness dependency not applicable.
AK_L_8030609_003,Lake,Lake,"TEMPERATURE, WATER",DEG C,,10,10,2,Freshwater,,Water Supply,,,,,,,,,Hardness dependency not applicable.
AK_L_8030709_001,Lake,Lake,"TEMPERATURE, WATER",DEG C,,10,10,2,Freshwater,,Aquatic Life,,,,,,,,,Hardness dependency not applicable.
AK_L_8030709_001,Lake,Lake,"TEMPERATURE, WATER",DEG C,,10,10,2,Freshwater,,Primary Contact Recreation,,,,,,,,,Hardness dependency not applicable.
AK_L_8030709_001,Lake,Lake,"TEMPERATURE, WATER",DEG C,,10,10,2,Freshwater,,Water Supply,,,,,,,,,Hardness dependency not applicable.
AK_M_1010204_006,Ocean,Marine,COPPER,UG/L,TOTAL,16,3,3,,,,,,,,,,,,Hardness dependency not applicable.
AK_M_1010204_006,Ocean,Marine,NICKEL,UG/L,TOTAL,16,3,3,,,,,,,,,,,,Hardness dependency not applicable.
AK_M_1010204_006,Ocean,Marine,"TEMPERATURE, WATER",DEG C,,64,3,3,Marine,,Water Supply,,,,,,,,,Hardness dependency not applicable.
AK_M_1010204_006,Ocean,Marine,ZINC,UG/L,TOTAL,16,3,3,,,,,,,,,,,,Hardness dependency not applicable.
AK_M_1010204_008,Ocean,Marine,COPPER,UG/L,TOTAL,13,3,3,,,,,,,,,,,,Hardness dependency not applicable.
AK_M_1010204_008,Ocean,Marine,NICKEL,UG/L,TOTAL,13,3,3,,,,,,,,,,,,Hardness dependency not applicable.
AK_M_1010204_008,Ocean,Marine,"TEMPERATURE, WATER",DEG C,,52,3,3,Marine,,Water Supply,,,,,,,,,Hardness dependency not applicable.
AK_M_1010204_008,Ocean,Marine,ZINC,UG/L,TOTAL,13,3,3,,,,,,,,,,,,Hardness dependency not applicable.
AK_M_1010204_010,Ocean,Marine,COPPER,UG/L,TOTAL,12,4,3,,,,,,,,,,,,Hardness dependency not applicable.
AK_M_1010204_010,Ocean,Marine,NICKEL,UG/L,TOTAL,12,4,3,,,,,,,,,,,,Hardness dependency not applicable.
AK_M_1010204_010,Ocean,Marine,"TEMPERATURE, WATER",DEG C,,48,4,3,Marine,,Water Supply,,,,,,,,,Hardness dependency not applicable.
AK_M_1010204_010,Ocean,Marine,ZINC,UG/L,TOTAL,12,4,3,,,,,,,,,,,,Hardness dependency not applicable.
AK_M_1010207_001,Ocean,Marine,COPPER,UG/L,TOTAL,3,3,3,,,,,,,,,,,,Hardness dependency not applicable.
AK_M_1010207_001,Ocean,Marine,NICKEL,UG/L,TOTAL,3,3,3,,,,,,,,,,,,Hardness dependency not applicable.
AK_M_1010207_001,Ocean,Marine,"TEMPERATURE, WATER",DEG C,,12,3,3,Marine,,Water Supply,,,,,,,,,Hardness dependency not applicable.
AK_M_1010207_001,Ocean,Marine,ZINC,UG/L,TOTAL,3,3,3,,,,,,,,,,,,Hardness dependency not applicable.
AK_M_1010207_008,Ocean,Marine,COPPER,UG/L,TOTAL,2,2,2,,,,,,,,,,,,Hardness dependency not applicable.
AK_M_1010207_008,Ocean,Marine,NICKEL,UG/L,TOTAL,2,2,2,,,,,,,,,,,,Hardness dependency not applicable.
AK_M_1010207_008,Ocean,Marine,"TEMPERATURE, WATER",DEG C,,8,2,2,Marine,,Water Supply,,,,,,,,,Hardness dependency not applicable.
AK_M_1010207_008,Ocean,Marine,ZINC,UG/L,TOTAL,2,2,2,,,,,,,,,,,,Hardness dependency not applicable.
AK_M_1010210_003,Ocean,Marine,COPPER,UG/L,TOTAL,3,3,3,,,,,,,,,,,,Hardness dependency not applicable.
AK_M_1010210_003,Ocean,Marine,NICKEL,UG/L,TOTAL,3,3,3,,,,,,,,,,,,Hardness dependency not applicable.
AK_M_1010210_003,Ocean,Marine,"TEMPERATURE, WATER",DEG C,,12,3,3,Marine,,Water Supply,,,,,,,,,Hardness dependency not applicable.
AK_M_1010210_003,Ocean,Marine,ZINC,UG/L,TOTAL,3,3,3,,,,,,,,,,,,Hardness dependency not applicable.
AK_M_1020401_005,Ocean,Marine,COPPER,UG/L,TOTAL,2,2,2,,,,,,,,,,,,Hardness dependency not applicable.
AK_M_1020401_005,Ocean,Marine,NICKEL,UG/L,TOTAL,2,2,2,,,,,,,,,,,,Hardness dependency not applicable.
AK_M_1020401_005,Ocean,Marine,"TEMPERATURE, WATER",DEG C,,8,2,2,Marine,,Water Supply,,,,,,,,,Hardness dependency not applicable.
AK_M_1020401_005,Ocean,Marine,ZINC,UG/L,TOTAL,2,2,2,,,,,,,,,,,,Hardness dependency not applicable.
AK_M_1020612_003,Ocean,Marine,COPPER,UG/L,TOTAL,3,3,3,,,,,,,,,,,,Hardness dependency not applicable.
AK_M_1020612_003,Ocean,Marine,NICKEL,UG/L,TOTAL,3,3,3,,,,,,,,,,,,Hardness dependency not applicable.
AK_M_1020612_003,Ocean,Marine,"TEMPERATURE, WATER",DEG C,,12,3,3,Marine,,Water Supply,,,,,,,,,Hardness dependency not applicable.
AK_M_1020612_003,Ocean,Marine,ZINC,UG/L,TOTAL,3,3,3,,,,,,,,,,,,Hardness dependency not applicable.
AK_M_1020903_010,Ocean,Marine,COPPER,UG/L,TOTAL,6,4,3,,,,,,,,,,,,Hardness dependency not applicable.
AK_M_1020903_010,Ocean,Marine,NICKEL,UG/L,TOTAL,6,4,3,,,,,,,,,,,,Hardness dependency not applicable.
AK_M_1020903_010,Ocean,Marine,"TEMPERATURE, WATER",DEG C,,24,4,3,Marine,,Water Supply,,,,,,,,,Hardness dependency not applicable.
AK_M_1020903_010,Ocean,Marine,ZINC,UG/L,TOTAL,6,4,3,,,,,,,,,,,,Hardness dependency not applicable.
AK_M_1020904_004,Ocean,Marine,COPPER,UG/L,TOTAL,15,3,3,,,,,,,,,,,,Hardness dependency not applicable.
AK_M_1020904_004,Ocean,Marine,NICKEL,UG/L,TOTAL,15,3,3,,,,,,,,,,,,Hardness dependency not applicable.
AK_M_1020904_004,Ocean,Marine,"TEMPERATURE, WATER",DEG C,,60,3,3,Marine,,Water Supply,,,,,,,,,Hardness dependency not applicable.
AK_M_1020904_004,Ocean,Marine,ZINC,UG/L,TOTAL,15,3,3,,,,,,,,,,,,Hardness dependency not applicable.
AK_M_1021008_007,Ocean,Marine,COPPER,UG/L,TOTAL,1,1,1,,,,,,,,,,,,Hardness dependency not applicable.
AK_M_1021008_007,Ocean,Marine,NICKEL,UG/L,TOTAL,1,1,1,,,,,,,,,,,,Hardness dependency not applicable.
AK_M_1021008_007,Ocean,Marine,"TEMPERATURE, WATER",DEG C,,4,1,1,Marine,,Water Supply,,,,,,,,,Hardness dependency not applicable.
AK_M_1021008_007,Ocean,Marine,ZINC,UG/L,TOTAL,1,1,1,,,,,,,,,,,,Hardness dependency not applicable.
AK_M_1021010_006,Ocean,Marine,COPPER,UG/L,TOTAL,16,3,3,,,,,,,,,,,,Hardness dependency not applicable.
AK_M_1021010_006,Ocean,Marine,NICKEL,UG/L,TOTAL,16,3,3,,,,,,,,,,,,Hardness dependency not applicable.
AK_M_1021010_006,Ocean,Marine,"TEMPERATURE, WATER",DEG C,,64,3,3,Marine,,Water Supply,,,,,,,,,Hardness dependency not applicable.
AK_M_1021010_006,Ocean,Marine,ZINC,UG/L,TOTAL,16,3,3,,,,,,,,,,,,Hardness dependency not applicable.
AK_M_1021012_001,Ocean,Marine,COPPER,UG/L,TOTAL,3,3,3,,,,,,,,,,,,Hardness dependency not applicable.
AK_M_1021012_001,Ocean,Marine,NICKEL,UG/L,TOTAL,3,3,3,,,,,,,,,,,,Hardness dependency not applicable.
AK_M_1021012_001,Ocean,Marine,"TEMPERATURE, WATER",DEG C,,12,3,3,Marine,,Water Supply,,,,,,,,,Hardness dependency not applicable.
AK_M_1021012_001,Ocean,Marine,ZINC,UG/L,TOTAL,3,3,3,,,,,,,,,,,,Hardness dependency not applicable.
AK_M_1021109_002,Ocean,Marine,COPPER,UG/L,TOTAL,8,3,3,,,,,,,,,,,,Hardness dependency not applicable.
AK_M_1021109_002,Ocean,Marine,NICKEL,UG/L,TOTAL,8,3,3,,,,,,,,,,,,Hardness dependency not applicable.
AK_M_1021109_002,Ocean,Marine,"TEMPERATURE, WATER",DEG C,,35,3,3,Marine,,Water Supply,,,,,,,,,Hardness dependency not applicable.
AK_M_1021109_002,Ocean,Marine,ZINC,UG/L,TOTAL,8,3,3,,,,,,,,,,,,Hardness dependency not applicable.
AK_M_1021109_005,Ocean,Marine,COPPER,UG/L,TOTAL,12,3,3,,,,,,,,,,,,Hardness dependency not applicable.
AK_M_1021109_005,Ocean,Marine,NICKEL,UG/L,TOTAL,12,3,3,,,,,,,,,,,,Hardness dependency not applicable.
AK_M_1021109_005,Ocean,Marine,"TEMPERATURE, WATER",DEG C,,48,3,3,Marine,,Water Supply,,,,,,,,,Hardness dependency not applicable.
AK_M_1021109_005,Ocean,Marine,ZINC,UG/L,TOTAL,12,3,3,,,,,,,,,,,,Hardness dependency not applicable.
AK_M_1021109_010,Ocean,Marine,COPPER,UG/L,TOTAL,2,2,2,,,,,,,,,,,,Hardness dependency not applicable.
AK_M_1021109_010,Ocean,Marine,NICKEL,UG/L,TOTAL,2,2,2,,,,,,,,,,,,Hardness dependency not applicable.
AK_M_1021109_010,Ocean,Marine,"TEMPERATURE, WATER",DEG C,,10,3,3,Marine,,Water Supply,,,,,,,,,Hardness dependency not applicable.
AK_M_1021109_010,Ocean,Marine,ZINC,UG/L,TOTAL,2,2,2,,,,,,,,,,,,Hardness dependency not applicable.
AK_M_1021201_001,Ocean,Marine,COPPER,UG/L,TOTAL,2,2,2,,,,,,,,,,,,Hardness dependency not applicable.
AK_M_1021201_001,Ocean,Marine,NICKEL,UG/L,TOTAL,2,2,2,,,,,,,,,,,,Hardness dependency not applicable.
AK_M_1021201_001,Ocean,Marine,"TEMPERATURE, WATER",DEG C,,8,2,2,Marine,,Water Supply,,,,,,,,,Hardness dependency not applicable.
AK_M_1021201_001,Ocean,Marine,ZINC,UG/L,TOTAL,2,2,2,,,,,,,,,,,,Hardness dependency not applicable.
AK_M_1021211_005,Ocean,Marine,COPPER,UG/L,TOTAL,9,3,3,,,,,,,,,,,,Hardness dependency not applicable.
AK_M_1021211_005,Ocean,Marine,NICKEL,UG/L,TOTAL,9,3,3,,,,,,,,,,,,Hardness dependency not applicable.
AK_M_1021211_005,Ocean,Marine,"TEMPERATURE, WATER",DEG C,,36,3,3,Marine,,Water Supply,,,,,,,,,Hardness dependency not applicable.
AK_M_1021211_005,Ocean,Marine,ZINC,UG/L,TOTAL,9,3,3,,,,,,,,,,,,Hardness dependency not applicable.
AK_M_1021211_007,Ocean,Marine,COPPER,UG/L,TOTAL,3,3,3,,,,,,,,,,,,Hardness dependency not applicable.
AK_M_1021211_007,Ocean,Marine,NICKEL,UG/L,TOTAL,3,3,3,,,,,,,,,,,,Hardness dependency not applicable.
AK_M_1021211_007,Ocean,Marine,"TEMPERATURE, WATER",DEG C,,12,3,3,Marine,,Water Supply,,,,,,,,,Hardness dependency not applicable.
AK_M_1021211_007,Ocean,Marine,ZINC,UG/L,TOTAL,3,3,3,,,,,,,,,,,,Hardness dependency not applicable.
AK_M_1021212_012,Ocean,Marine,COPPER,UG/L,TOTAL,6,3,3,,,,,,,,,,,,Hardness dependency not applicable.
AK_M_1021212_012,Ocean,Marine,NICKEL,UG/L,TOTAL,6,3,3,,,,,,,,,,,,Hardness dependency not applicable.
AK_M_1021212_012,Ocean,Marine,"TEMPERATURE, WATER",DEG C,,24,3,3,Marine,,Water Supply,,,,,,,,,Hardness dependency not applicable.
AK_M_1021212_012,Ocean,Marine,ZINC,UG/L,TOTAL,6,3,3,,,,,,,,,,,,Hardness dependency not applicable.
AK_M_1021212_013,Ocean,Marine,COPPER,UG/L,TOTAL,6,3,3,,,,,,,,,,,,Hardness dependency not applicable.
AK_M_1021212_013,Ocean,Marine,NICKEL,UG/L,TOTAL,6,3,3,,,,,,,,,,,,Hardness dependency not applicable.
AK_M_1021212_013,Ocean,Marine,"TEMPERATURE, WATER",DEG C,,24,3,3,Marine,,Water Supply,,,,,,,,,Hardness dependency not applicable.
AK_M_1021212_013,Ocean,Marine,ZINC,UG/L,TOTAL,6,3,3,,,,,,,,,,,,Hardness dependency not applicable.
AK_M_1021212_017,Ocean,Marine,COPPER,UG/L,TOTAL,6,3,3,,,,,,,,,,,,Hardness dependency not applicable.
AK_M_1021212_017,Ocean,Marine,NICKEL,UG/L,TOTAL,6,3,3,,,,,,,,,,,,Hardness dependency not applicable.
AK_M_1021212_017,Ocean,Marine,"TEMPERATURE, WATER",DEG C,,24,3,3,Marine,,Water Supply,,,,,,,,,Hardness dependency not applicable.
AK_M_1021212_017,Ocean,Marine,ZINC,UG/L,TOTAL,6,3,3,,,,,,,,,,,,Hardness dependency not applicable.
AK_M_1030106_001,Ocean,Marine,COPPER,UG/L,TOTAL,3,3,3,,,,,,,,,,,,Hardness dependency not applicable.
AK_M_1030106_001,Ocean,Marine,NICKEL,UG/L,TOTAL,3,3,3,,,,,,,,,,,,Hardness dependency not applicable.
AK_M_1030106_001,Ocean,Marine,"TEMPERATURE, WATER",DEG C,,12,3,3,Marine,,Water Supply,,,,,,,,,Hardness dependency not applicable.
AK_M_1030106_001,Ocean,Marine,ZINC,UG/L,TOTAL,3,3,3,,,,,,,,,,,,Hardness dependency not applicable.
AK_M_1030106_002,Ocean,Marine,COPPER,UG/L,TOTAL,3,3,3,,,,,,,,,,,,Hardness dependency not applicable.
AK_M_1030106_002,Ocean,Marine,NICKEL,UG/L,TOTAL,3,3,3,,,,,,,,,,,,Hardness dependency not applicable.
AK_M_1030106_002,Ocean,Marine,"TEMPERATURE, WATER",DEG C,,12,3,3,Marine,,Water Supply,,,,,,,,,Hardness dependency not applicable.
AK_M_1030106_002,Ocean,Marine,ZINC,UG/L,TOTAL,3,3,3,,,,,,,,,,,,Hardness dependency not applicable.
AK_M_1030106_003,Ocean,Marine,COPPER,UG/L,TOTAL,24,3,3,,,,,,,,,,,,Hardness dependency not applicable.
AK_M_1030106_003,Ocean,Marine,NICKEL,UG/L,TOTAL,24,3,3,,,,,,,,,,,,Hardness dependency not applicable.
AK_M_1030106_003,Ocean,Marine,"TEMPERATURE, WATER",DEG C,,96,3,3,Marine,,Water Supply,,,,,,,,,Hardness dependency not applicable.
AK_M_1030106_003,Ocean,Marine,ZINC,UG/L,TOTAL,24,3,3,,,,,,,,,,,,Hardness dependency not applicable.
AK_M_1030107_025,Ocean,Marine,COPPER,UG/L,TOTAL,6,3,3,,,,,,,,,,,,Hardness dependency not applicable.
AK_M_1030107_025,Ocean,Marine,NICKEL,UG/L,TOTAL,6,3,3,,,,,,,,,,,,Hardness dependency not applicable.
AK_M_1030107_025,Ocean,Marine,"TEMPERATURE, WATER",DEG C,,24,3,3,Marine,,Water Supply,,,,,,,,,Hardness dependency not applicable.
AK_M_1030107_025,Ocean,Marine,ZINC,UG/L,TOTAL,6,3,3,,,,,,,,,,,,Hardness dependency not applicable.
AK_M_1030108_001,Ocean,Marine,COPPER,UG/L,TOTAL,3,3,3,,,,,,,,,,,,Hardness dependency not applicable.
AK_M_1030108_001,Ocean,Marine,NICKEL,UG/L,TOTAL,3,3,3,,,,,,,,,,,,Hardness dependency not applicable.
AK_M_1030108_001,Ocean,Marine,"TEMPERATURE, WATER",DEG C,,12,3,3,Marine,,Water Supply,,,,,,,,,Hardness dependency not applicable.
AK_M_1030108_001,Ocean,Marine,ZINC,UG/L,TOTAL,3,3,3,,,,,,,,,,,,Hardness dependency not applicable.
AK_M_1030108_002,Ocean,Marine,COPPER,UG/L,TOTAL,5,4,3,,,,,,,,,,,,Hardness dependency not applicable.
AK_M_1030108_002,Ocean,Marine,NICKEL,UG/L,TOTAL,5,4,3,,,,,,,,,,,,Hardness dependency not applicable.
AK_M_1030108_002,Ocean,Marine,"TEMPERATURE, WATER",DEG C,,20,4,3,Marine,,Water Supply,,,,,,,,,Hardness dependency not applicable.
AK_M_1030108_002,Ocean,Marine,ZINC,UG/L,TOTAL,5,4,3,,,,,,,,,,,,Hardness dependency not applicable.
AK_M_1030214_001,Ocean,Marine,COPPER,UG/L,TOTAL,3,3,3,,,,,,,,,,,,Hardness dependency not applicable.
AK_M_1030214_001,Ocean,Marine,NICKEL,UG/L,TOTAL,3,3,3,,,,,,,,,,,,Hardness dependency not applicable.
AK_M_1030214_001,Ocean,Marine,"TEMPERATURE, WATER",DEG C,,12,3,3,Marine,,Water Supply,,,,,,,,,Hardness dependency not applicable.
AK_M_1030214_001,Ocean,Marine,ZINC,UG/L,TOTAL,3,3,3,,,,,,,,,,,,Hardness dependency not applicable.
AK_M_1030305_003,Ocean,Marine,COPPER,UG/L,TOTAL,19,3,3,,,,,,,,,,,,Hardness dependency not applicable.
AK_M_1030305_003,Ocean,Marine,NICKEL,UG/L,TOTAL,19,3,3,,,,,,,,,,,,Hardness dependency not applicable.
AK_M_1030305_003,Ocean,Marine,"TEMPERATURE, WATER",DEG C,,76,3,3,Marine,,Water Supply,,,,,,,,,Hardness dependency not applicable.
AK_M_1030305_003,Ocean,Marine,ZINC,UG/L,TOTAL,19,3,3,,,,,,,,,,,,Hardness dependency not applicable.
AK_M_1030308_001,Ocean,Marine,COPPER,UG/L,TOTAL,3,3,3,,,,,,,,,,,,Hardness dependency not applicable.
AK_M_1030308_001,Ocean,Marine,NICKEL,UG/L,TOTAL,3,3,3,,,,,,,,,,,,Hardness dependency not applicable.
AK_M_1030308_001,Ocean,Marine,"TEMPERATURE, WATER",DEG C,,12,3,3,Marine,,Water Supply,,,,,,,,,Hardness dependency not applicable.
AK_M_1030308_001,Ocean,Marine,ZINC,UG/L,TOTAL,3,3,3,,,,,,,,,,,,Hardness dependency not applicable.
AK_M_1030308_005,Ocean,Marine,COPPER,UG/L,TOTAL,13,3,3,,,,,,,,,,,,Hardness dependency not applicable.
AK_M_1030308_005,Ocean,Marine,NICKEL,UG/L,TOTAL,13,3,3,,,,,,,,,,,,Hardness dependency not applicable.
AK_M_1030308_005,Ocean,Marine,"TEMPERATURE, WATER",DEG C,,52,3,3,Marine,,Water Supply,,,,,,,,,Hardness dependency not applicable.
AK_M_1030308_005,Ocean,Marine,ZINC,UG/L,TOTAL,13,3,3,,,,,,,,,,,,Hardness dependency not applicable.
AK_M_1030308_007,Ocean,Marine,COPPER,UG/L,TOTAL,3,3,3,,,,,,,,,,,,Hardness dependency not applicable.
AK_M_1030308_007,Ocean,Marine,NICKEL,UG/L,TOTAL,3,3,3,,,,,,,,,,,,Hardness dependency not applicable.
AK_M_1030308_007,Ocean,Marine,"TEMPERATURE, WATER",DEG C,,12,3,3,Marine,,Water Supply,,,,,,,,,Hardness dependency not applicable.
AK_M_1030308_007,Ocean,Marine,ZINC,UG/L,TOTAL,3,3,3,,,,,,,,,,,,Hardness dependency not applicable.
AK_M_1030409_004,Ocean,Marine,COPPER,UG/L,TOTAL,3,3,3,,,,,,,,,,,,Hardness dependency not applicable.
AK_M_1030409_004,Ocean,Marine,NICKEL,UG/L,TOTAL,3,3,3,,,,,,,,,,,,Hardness dependency not applicable.
AK_M_1030409_004,Ocean,Marine,"TEMPERATURE, WATER",DEG C,,12,3,3,Marine,,Water Supply,,,,,,,,,Hardness dependency not applicable.
AK_M_1030409_004,Ocean,Marine,ZINC,UG/L,TOTAL,3,3,3,,,,,,,,,,,,Hardness dependency not applicable.
AK_M_1050001_001,Ocean,Marine,COPPER,UG/L,TOTAL,3,3,3,,,,,,,,,,,,Hardness dependency not applicable.
AK_M_1050001_001,Ocean,Marine,NICKEL,UG/L,TOTAL,3,3,3,,,,,,,,,,,,Hardness dependency not applicable.
AK_M_1050001_001,Ocean,Marine,"TEMPERATURE, WATER",DEG C,,12,3,3,Marine,,Water Supply,,,,,,,,,Hardness dependency not applicable.
AK_M_1050001_001,Ocean,Marine,ZINC,UG/L,TOTAL,3,3,3,,,,,,,,,,,,Hardness dependency not applicable.
AK_M_1050002_002,Ocean,Marine,COPPER,UG/L,TOTAL,3,3,3,,,,,,,,,,,,Hardness dependency not applicable.
AK_M_1050002_002,Ocean,Marine,NICKEL,UG/L,TOTAL,3,3,3,,,,,,,,,,,,Hardness dependency not applicable.
AK_M_1050002_002,Ocean,Marine,"TEMPERATURE, WATER",DEG C,,12,3,3,Marine,,Water Supply,,,,,,,,,Hardness dependency not applicable.
AK_M_1050002_002,Ocean,Marine,ZINC,UG/L,TOTAL,3,3,3,,,,,,,,,,,,Hardness dependency not applicable.
AK_M_1050004_001,Ocean,Marine,COPPER,UG/L,TOTAL,9,4,3,,,,,,,,,,,,Hardness dependency not applicable.
AK_M_1050004_001,Ocean,Marine,NICKEL,UG/L,TOTAL,9,4,3,,,,,,,,,,,,Hardness dependency not applicable.
AK_M_1050004_001,Ocean,Marine,"TEMPERATURE, WATER",DEG C,,36,4,3,Marine,,Water Supply,,,,,,,,,Hardness dependency not applicable.
AK_M_1050004_001,Ocean,Marine,ZINC,UG/L,TOTAL,10,5,3,,,,,,,,,,,,Hardness dependency not applicable.
AK_M_1050005_001,Ocean,Marine,COPPER,UG/L,TOTAL,2,2,2,,,,,,,,,,,,Hardness dependency not applicable.
AK_M_1050005_001,Ocean,Marine,NICKEL,UG/L,TOTAL,2,2,2,,,,,,,,,,,,Hardness dependency not applicable.
AK_M_1050005_001,Ocean,Marine,"TEMPERATURE, WATER",DEG C,,8,2,2,Marine,,Water Supply,,,,,,,,,Hardness dependency not applicable.
AK_M_1050005_001,Ocean,Marine,ZINC,UG/L,TOTAL,2,2,2,,,,,,,,,,,,Hardness dependency not applicable.
AK_M_1050006_003,Ocean,Marine,COPPER,UG/L,TOTAL,3,3,3,,,,,,,,,,,,Hardness dependency not applicable.
AK_M_1050006_003,Ocean,Marine,NICKEL,UG/L,TOTAL,3,3,3,,,,,,,,,,,,Hardness dependency not applicable.
AK_M_1050006_003,Ocean,Marine,"TEMPERATURE, WATER",DEG C,,12,3,3,Marine,,Water Supply,,,,,,,,,Hardness dependency not applicable.
AK_M_1050006_003,Ocean,Marine,ZINC,UG/L,TOTAL,3,3,3,,,,,,,,,,,,Hardness dependency not applicable.
AK_M_1050006_004,Ocean,Marine,COPPER,UG/L,TOTAL,2,2,2,,,,,,,,,,,,Hardness dependency not applicable.
AK_M_1050006_004,Ocean,Marine,NICKEL,UG/L,TOTAL,2,2,2,,,,,,,,,,,,Hardness dependency not applicable.
AK_M_1050006_004,Ocean,Marine,"TEMPERATURE, WATER",DEG C,,8,2,2,Marine,,Water Supply,,,,,,,,,Hardness dependency not applicable.
AK_M_1050006_004,Ocean,Marine,ZINC,UG/L,TOTAL,2,2,2,,,,,,,,,,,,Hardness dependency not applicable.
AK_M_1050007_001,Ocean,Marine,COPPER,UG/L,TOTAL,3,3,3,,,,,,,,,,,,Hardness dependency not applicable.
AK_M_1050007_001,Ocean,Marine,NICKEL,UG/L,TOTAL,3,3,3,,,,,,,,,,,,Hardness dependency not applicable.
AK_M_1050007_001,Ocean,Marine,"TEMPERATURE, WATER",DEG C,,12,3,3,Marine,,Water Supply,,,,,,,,,Hardness dependency not applicable.
AK_M_1050007_001,Ocean,Marine,ZINC,UG/L,TOTAL,3,3,3,,,,,,,,,,,,Hardness dependency not applicable.
AK_M_1050008_001,Ocean,Marine,COPPER,UG/L,TOTAL,6,3,3,,,,,,,,,,,,Hardness dependency not applicable.
AK_M_1050008_001,Ocean,Marine,NICKEL,UG/L,TOTAL,6,3,3,,,,,,,,,,,,Hardness dependency not applicable.
AK_M_1050008_001,Ocean,Marine,"TEMPERATURE, WATER",DEG C,,24,3,3,Marine,,Water Supply,,,,,,,,,Hardness dependency not applicable.
AK_M_1050008_001,Ocean,Marine,ZINC,UG/L,TOTAL,6,3,3,,,,,,,,,,,,Hardness dependency not applicable.
AK_M_1050009_001,Ocean,Marine,COPPER,UG/L,TOTAL,3,3,3,,,,,,,,,,,,Hardness dependency not applicable.
AK_M_1050009_001,Ocean,Marine,NICKEL,UG/L,TOTAL,3,3,3,,,,,,,,,,,,Hardness dependency not applicable.
AK_M_1050009_001,Ocean,Marine,"TEMPERATURE, WATER",DEG C,,12,3,3,Marine,,Water Supply,,,,,,,,,Hardness dependency not applicable.
AK_M_1050009_001,Ocean,Marine,ZINC,UG/L,TOTAL,3,3,3,,,,,,,,,,,,Hardness dependency not applicable.
AK_M_1050011_007,Ocean,Marine,COPPER,UG/L,TOTAL,2,2,2,,,,,,,,,,,,Hardness dependency not applicable.
AK_M_1050011_007,Ocean,Marine,NICKEL,UG/L,TOTAL,2,2,2,,,,,,,,,,,,Hardness dependency not applicable.
AK_M_1050011_007,Ocean,Marine,"TEMPERATURE, WATER",DEG C,,8,2,2,Marine,,Water Supply,,,,,,,,,Hardness dependency not applicable.
AK_M_1050011_007,Ocean,Marine,ZINC,UG/L,TOTAL,2,2,2,,,,,,,,,,,,Hardness dependency not applicable.
AK_M_2020111_005,Ocean,Marine,COPPER,UG/L,TOTAL,3,3,3,,,,,,,,,,,,Hardness dependency not applicable.
AK_M_2020111_005,Ocean,Marine,NICKEL,UG/L,TOTAL,3,3,3,,,,,,,,,,,,Hardness dependency not applicable.
AK_M_2020111_005,Ocean,Marine,"TEMPERATURE, WATER",DEG C,,12,3,3,Marine,,Water Supply,,,,,,,,,Hardness dependency not applicable.
AK_M_2020111_005,Ocean,Marine,ZINC,UG/L,TOTAL,3,3,3,,,,,,,,,,,,Hardness dependency not applicable.
AK_M_2020111_011,Ocean,Marine,COPPER,UG/L,TOTAL,15,3,3,,,,,,,,,,,,Hardness dependency not applicable.
AK_M_2020111_011,Ocean,Marine,NICKEL,UG/L,TOTAL,15,3,3,,,,,,,,,,,,Hardness dependency not applicable.
AK_M_2020111_011,Ocean,Marine,"TEMPERATURE, WATER",DEG C,,60,4,3,Marine,,Water Supply,,,,,,,,,Hardness dependency not applicable.
AK_M_2020111_011,Ocean,Marine,ZINC,UG/L,TOTAL,15,3,3,,,,,,,,,,,,Hardness dependency not applicable.
AK_M_2020120_011,Ocean,Marine,COPPER,UG/L,TOTAL,16,3,3,,,,,,,,,,,,Hardness dependency not applicable.
AK_M_2020120_011,Ocean,Marine,NICKEL,UG/L,TOTAL,16,3,3,,,,,,,,,,,,Hardness dependency not applicable.
AK_M_2020120_011,Ocean,Marine,"TEMPERATURE, WATER",DEG C,,64,3,3,Marine,,Water Supply,,,,,,,,,Hardness dependency not applicable.
AK_M_2020120_011,Ocean,Marine,ZINC,UG/L,TOTAL,16,3,3,,,,,,,,,,,,Hardness dependency not applicable.
AK_M_2020205_001,Ocean,Marine,COPPER,UG/L,TOTAL,16,3,3,,,,,,,,,,,,Hardness dependency not applicable.
AK_M_2020205_001,Ocean,Marine,NICKEL,UG/L,TOTAL,16,3,3,,,,,,,,,,,,Hardness dependency not applicable.
AK_M_2020205_001,Ocean,Marine,"TEMPERATURE, WATER",DEG C,,61,3,3,Marine,,Water Supply,,,,,,,,,Hardness dependency not applicable.
AK_M_2020205_001,Ocean,Marine,ZINC,UG/L,TOTAL,16,3,3,,,,,,,,,,,,Hardness dependency not applicable.
AK_M_2020206_011,Ocean,Marine,COPPER,UG/L,TOTAL,2,2,2,,,,,,,,,,,,Hardness dependency not applicable.
AK_M_2020206_011,Ocean,Marine,NICKEL,UG/L,TOTAL,2,2,2,,,,,,,,,,,,Hardness dependency not applicable.
AK_M_2020206_011,Ocean,Marine,"TEMPERATURE, WATER",DEG C,,8,2,2,Marine,,Water Supply,,,,,,,,,Hardness dependency not applicable.
AK_M_2020206_011,Ocean,Marine,ZINC,UG/L,TOTAL,2,2,2,,,,,,,,,,,,Hardness dependency not applicable.
AK_M_2020302_015,Ocean,Marine,COPPER,UG/L,TOTAL,2,2,2,,,,,,,,,,,,Hardness dependency not applicable.
AK_M_2020302_015,Ocean,Marine,NICKEL,UG/L,TOTAL,2,2,2,,,,,,,,,,,,Hardness dependency not applicable.
AK_M_2020302_015,Ocean,Marine,"TEMPERATURE, WATER",DEG C,,8,2,2,Marine,,Water Supply,,,,,,,,,Hardness dependency not applicable.
AK_M_2020302_015,Ocean,Marine,ZINC,UG/L,TOTAL,2,2,2,,,,,,,,,,,,Hardness dependency not applicable.
AK_M_2030108_006,Ocean,Marine,COPPER,UG/L,TOTAL,16,3,3,,,,,,,,,,,,Hardness dependency not applicable.
AK_M_2030108_006,Ocean,Marine,NICKEL,UG/L,TOTAL,16,3,3,,,,,,,,,,,,Hardness dependency not applicable.
AK_M_2030108_006,Ocean,Marine,"TEMPERATURE, WATER",DEG C,,64,3,3,Marine,,Water Supply,,,,,,,,,Hardness dependency not applicable.
AK_M_2030108_006,Ocean,Marine,ZINC,UG/L,TOTAL,16,3,3,,,,,,,,,,,,Hardness dependency not applicable.
AK_M_2040108_006,Ocean,Marine,COPPER,UG/L,TOTAL,18,3,3,,,,,,,,,,,,Hardness dependency not applicable.
AK_M_2040108_006,Ocean,Marine,NICKEL,UG/L,TOTAL,18,3,3,,,,,,,,,,,,Hardness dependency not applicable.
AK_M_2040108_006,Ocean,Marine,"TEMPERATURE, WATER",DEG C,,72,3,3,Marine,,Water Supply,,,,,,,,,Hardness dependency not applicable.
AK_M_2040108_006,Ocean,Marine,ZINC,UG/L,TOTAL,18,3,3,,,,,,,,,,,,Hardness dependency not applicable.
AK_M_2070114_018,Ocean,Marine,COPPER,UG/L,TOTAL,1,1,1,,,,,,,,,,,,Hardness dependency not applicable.
AK_M_2070114_018,Ocean,Marine,NICKEL,UG/L,TOTAL,1,1,1,,,,,,,,,,,,Hardness dependency not applicable.
AK_M_2070114_018,Ocean,Marine,"TEMPERATURE, WATER",DEG C,,4,1,1,Marine,,Water Supply,,,,,,,,,Hardness dependency not applicable.
AK_M_2070114_018,Ocean,Marine,ZINC,UG/L,TOTAL,1,1,1,,,,,,,,,,,,Hardness dependency not applicable.
AK_M_2070115_007,Ocean,Marine,COPPER,UG/L,TOTAL,9,3,3,,,,,,,,,,,,Hardness dependency not applicable.
AK_M_2070115_007,Ocean,Marine,NICKEL,UG/L,TOTAL,9,3,3,,,,,,,,,,,,Hardness dependency not applicable.
AK_M_2070115_007,Ocean,Marine,"TEMPERATURE, WATER",DEG C,,36,3,3,Marine,,Water Supply,,,,,,,,,Hardness dependency not applicable.
AK_M_2070115_007,Ocean,Marine,ZINC,UG/L,TOTAL,9,3,3,,,,,,,,,,,,Hardness dependency not applicable.
AK_M_2070115_011,Ocean,Marine,COPPER,UG/L,TOTAL,3,3,3,,,,,,,,,,,,Hardness dependency not applicable.
AK_M_2070115_011,Ocean,Marine,NICKEL,UG/L,TOTAL,3,3,3,,,,,,,,,,,,Hardness dependency not applicable.
AK_M_2070115_011,Ocean,Marine,"TEMPERATURE, WATER",DEG C,,12,3,3,Marine,,Water Supply,,,,,,,,,Hardness dependency not applicable.
AK_M_2070115_011,Ocean,Marine,ZINC,UG/L,TOTAL,3,3,3,,,,,,,,,,,,Hardness dependency not applicable.
AK_M_2070115_016,Ocean,Marine,COPPER,UG/L,TOTAL,3,3,3,,,,,,,,,,,,Hardness dependency not applicable.
AK_M_2070115_016,Ocean,Marine,NICKEL,UG/L,TOTAL,3,3,3,,,,,,,,,,,,Hardness dependency not applicable.
AK_M_2070115_016,Ocean,Marine,"TEMPERATURE, WATER",DEG C,,12,3,3,Marine,,Water Supply,,,,,,,,,Hardness dependency not applicable.
AK_M_2070115_016,Ocean,Marine,ZINC,UG/L,TOTAL,3,3,3,,,,,,,,,,,,Hardness dependency not applicable.
AK_M_3010208_005,Ocean,Marine,COPPER,UG/L,TOTAL,6,2,2,,,,,,,,,,,,Hardness dependency not applicable.
AK_M_3010208_005,Ocean,Marine,NICKEL,UG/L,TOTAL,6,2,2,,,,,,,,,,,,Hardness dependency not applicable.
AK_M_3010208_005,Ocean,Marine,"TEMPERATURE, WATER",DEG C,,24,2,2,Marine,,Water Supply,,,,,,,,,Hardness dependency not applicable.
AK_M_3010208_005,Ocean,Marine,ZINC,UG/L,TOTAL,6,2,2,,,,,,,,,,,,Hardness dependency not applicable.
AK_M_3010208_006,Ocean,Marine,COPPER,UG/L,TOTAL,2,2,2,,,,,,,,,,,,Hardness dependency not applicable.
AK_M_3010208_006,Ocean,Marine,NICKEL,UG/L,TOTAL,2,2,2,,,,,,,,,,,,Hardness dependency not applicable.
AK_M_3010208_006,Ocean,Marine,"TEMPERATURE, WATER",DEG C,,8,2,2,Marine,,Water Supply,,,,,,,,,Hardness dependency not applicable.
AK_M_3010208_006,Ocean,Marine,ZINC,UG/L,TOTAL,2,2,2,,,,,,,,,,,,Hardness dependency not applicable.
AK_M_3010208_008,Ocean,Marine,COPPER,UG/L,TOTAL,2,2,2,,,,,,,,,,,,Hardness dependency not applicable.
AK_M_3010208_008,Ocean,Marine,NICKEL,UG/L,TOTAL,2,2,2,,,,,,,,,,,,Hardness dependency not applicable.
AK_M_3010208_008,Ocean,Marine,"TEMPERATURE, WATER",DEG C,,8,2,2,Marine,,Water Supply,,,,,,,,,Hardness dependency not applicable.
AK_M_3010208_008,Ocean,Marine,ZINC,UG/L,TOTAL,2,2,2,,,,,,,,,,,,Hardness dependency not applicable.
AK_M_3010208_009,Ocean,Marine,COPPER,UG/L,TOTAL,2,2,2,,,,,,,,,,,,Hardness dependency not applicable.
AK_M_3010208_009,Ocean,Marine,NICKEL,UG/L,TOTAL,2,2,2,,,,,,,,,,,,Hardness dependency not applicable.
AK_M_3010208_009,Ocean,Marine,"TEMPERATURE, WATER",DEG C,,8,2,2,Marine,,Water Supply,,,,,,,,,Hardness dependency not applicable.
AK_M_3010208_009,Ocean,Marine,ZINC,UG/L,TOTAL,2,2,2,,,,,,,,,,,,Hardness dependency not applicable.
AK_M_5010417_001,Ocean,Marine,COPPER,UG/L,TOTAL,8,2,2,,,,,,,,,,,,Hardness dependency not applicable.
AK_M_5010417_001,Ocean,Marine,NICKEL,UG/L,TOTAL,8,2,2,,,,,,,,,,,,Hardness dependency not applicable.
AK_M_5010417_001,Ocean,Marine,"TEMPERATURE, WATER",DEG C,,31,2,2,Marine,,Water Supply,,,,,,,,,Hardness dependency not applicable.
AK_M_5010417_001,Ocean,Marine,ZINC,UG/L,TOTAL,8,2,2,,,,,,,,,,,,Hardness dependency not applicable.
AK_M_5010420_001,Ocean,Marine,COPPER,UG/L,TOTAL,2,2,2,,,,,,,,,,,,Hardness dependency not applicable.
AK_M_5010420_001,Ocean,Marine,NICKEL,UG/L,TOTAL,2,2,2,,,,,,,,,,,,Hardness dependency not applicable.
AK_M_5010420_001,Ocean,Marine,"TEMPERATURE, WATER",DEG C,,8,2,2,Marine,,Water Supply,,,,,,,,,Hardness dependency not applicable.
AK_M_5010420_001,Ocean,Marine,ZINC,UG/L,TOTAL,2,2,2,,,,,,,,,,,,Hardness dependency not applicable.
AK_M_6020201_004,Ocean,Marine,COPPER,UG/L,TOTAL,4,1,1,,,,,,,,,,,,Hardness dependency not applicable.
AK_M_6020201_004,Ocean,Marine,NICKEL,UG/L,TOTAL,4,1,1,,,,,,,,,,,,Hardness dependency not applicable.
AK_M_6020201_004,Ocean,Marine,"TEMPERATURE, WATER",DEG C,,16,1,1,Marine,,Water Supply,,,,,,,,,Hardness dependency not applicable.
AK_M_6020201_004,Ocean,Marine,ZINC,UG/L,TOTAL,4,1,1,,,,,,,,,,,,Hardness dependency not applicable.
AK_R_1010504_005,Stream,River,ALKALINITY,UG/L,DISSOLVED,66,43,6,,,,,,,,,,,,Hardness dependency not applicable.
AK_R_1010504_005,Stream,River,ALUMINUM,UG/L,DISSOLVED,50,43,6,,,,,,,,,,,,Hardness dependency not applicable.
AK_R_1010504_005,Stream,River,ARSENIC,UG/L,TOTAL,51,44,6,,,,,,,,,,,,Hardness dependency not applicable.
AK_R_1010504_005,Stream,River,BARIUM,UG/L,TOTAL RECOVERABLE,51,44,6,,,,,,,,,,,,Hardness dependency not applicable.
AK_R_1010504_005,Stream,River,BERYLLIUM,UG/L,TOTAL RECOVERABLE,50,43,6,,,,,,,,,,,,Hardness dependency not applicable.
AK_R_1010504_005,Stream,River,CADMIUM,UG/L,TOTAL,51,44,6,,,,,,,,,,,,Hardness dependency not applicable.
AK_R_1010504_005,Stream,River,CHROMIUM,UG/L,DISSOLVED,50,43,6,,,,,,,,,,,,Hardness dependency not applicable.
AK_R_1010504_005,Stream,River,CHROMIUM,UG/L,TOTAL RECOVERABLE,51,44,6,,,,,,,,,,,,Hardness dependency not applicable.
AK_R_1010504_005,Stream,River,COBALT,UG/L,TOTAL RECOVERABLE,51,44,6,,,,,,,,,,,,Hardness dependency not applicable.
AK_R_1010504_005,Stream,River,COPPER,UG/L,TOTAL RECOVERABLE,51,44,6,,,,,,,,,,,,Hardness dependency not applicable.
AK_R_1010504_005,Stream,River,HARDNESS,UG/L,,50,43,6,,,,,,,,,,,,Hardness dependency not applicable.
AK_R_1010504_005,Stream,River,IRON,UG/L,TOTAL RECOVERABLE,51,44,6,,,,,,,,,,,,Hardness dependency not applicable.
AK_R_1010504_005,Stream,River,LEAD,UG/L,TOTAL RECOVERABLE,51,44,6,,,,,,,,,,,,Hardness dependency not applicable.
AK_R_1010504_005,Stream,River,LITHIUM,UG/L,TOTAL RECOVERABLE,51,44,6,,,,,,,,,,,,Hardness dependency not applicable.
AK_R_1010504_005,Stream,River,MANGANESE,UG/L,TOTAL RECOVERABLE,51,44,6,,,,,,,,,,,,Hardness dependency not applicable.
AK_R_1010504_005,Stream,River,MERCURY,UG/L,TOTAL RECOVERABLE,50,43,6,,,,,,,,,,,,Hardness dependency not applicable.
AK_R_1010504_005,Stream,River,MOLYBDENUM,UG/L,TOTAL RECOVERABLE,51,44,6,,,,,,,,,,,,Hardness dependency not applicable.
AK_R_1010504_005,Stream,River,NICKEL,UG/L,TOTAL RECOVERABLE,51,44,6,,,,,,,,,,,,Hardness dependency not applicable.
AK_R_1010504_005,Stream,River,SELENIUM,UG/L,TOTAL,51,44,6,,,,,,,,,,,,Hardness dependency not applicable.
AK_R_1010504_005,Stream,River,SILVER,UG/L,TOTAL RECOVERABLE,51,44,6,,,,,,,,,,,,Hardness dependency not applicable.
AK_R_1010504_005,Stream,River,"TEMPERATURE, WATER",DEG C,,158,42,6,Freshwater,,Aquatic Life,,,,,,,,,Hardness dependency not applicable.
AK_R_1010504_005,Stream,River,"TEMPERATURE, WATER",DEG C,,158,42,6,Freshwater,,Primary Contact Recreation,,,,,,,,,Hardness dependency not applicable.
AK_R_1010504_005,Stream,River,"TEMPERATURE, WATER",DEG C,,158,42,6,Freshwater,,Water Supply,,,,,,,,,Hardness dependency not applicable.
AK_R_1010504_005,Stream,River,THALLIUM,UG/L,TOTAL,37,30,5,,,,,,,,,,,,Hardness dependency not applicable.
AK_R_1010504_005,Stream,River,ZINC,UG/L,TOTAL RECOVERABLE,51,44,6,,,,,,,,,,,,Hardness dependency not applicable.
AK_R_1010601_009,Stream,River,ALKALINITY,UG/L,DISSOLVED,26,23,4,,,,,,,,,,,,Hardness dependency not applicable.
AK_R_1010601_009,Stream,River,ALUMINUM,UG/L,DISSOLVED,34,31,4,,,,,,,,,,,,Hardness dependency not applicable.
AK_R_1010601_009,Stream,River,ARSENIC,UG/L,TOTAL,34,31,4,,,,,,,,,,,,Hardness dependency not applicable.
AK_R_1010601_009,Stream,River,BARIUM,UG/L,TOTAL RECOVERABLE,34,31,4,,,,,,,,,,,,Hardness dependency not applicable.
AK_R_1010601_009,Stream,River,BERYLLIUM,UG/L,TOTAL RECOVERABLE,34,31,4,,,,,,,,,,,,Hardness dependency not applicable.
AK_R_1010601_009,Stream,River,CADMIUM,UG/L,TOTAL,34,31,4,,,,,,,,,,,,Hardness dependency not applicable.
AK_R_1010601_009,Stream,River,CHROMIUM,UG/L,DISSOLVED,34,31,4,,,,,,,,,,,,Hardness dependency not applicable.
AK_R_1010601_009,Stream,River,CHROMIUM,UG/L,TOTAL RECOVERABLE,34,31,4,,,,,,,,,,,,Hardness dependency not applicable.
AK_R_1010601_009,Stream,River,COBALT,UG/L,TOTAL RECOVERABLE,34,31,4,,,,,,,,,,,,Hardness dependency not applicable.
AK_R_1010601_009,Stream,River,COPPER,UG/L,TOTAL RECOVERABLE,34,31,4,,,,,,,,,,,,Hardness dependency not applicable.
AK_R_1010601_009,Stream,River,HARDNESS,UG/L,,34,31,4,,,,,,,,,,,,Hardness dependency not applicable.
AK_R_1010601_009,Stream,River,IRON,UG/L,TOTAL RECOVERABLE,34,31,4,,,,,,,,,,,,Hardness dependency not applicable.
AK_R_1010601_009,Stream,River,LEAD,UG/L,TOTAL RECOVERABLE,34,31,4,,,,,,,,,,,,Hardness dependency not applicable.
AK_R_1010601_009,Stream,River,LITHIUM,UG/L,TOTAL RECOVERABLE,34,31,4,,,,,,,,,,,,Hardness dependency not applicable.
AK_R_1010601_009,Stream,River,MANGANESE,UG/L,TOTAL RECOVERABLE,34,31,4,,,,,,,,,,,,Hardness dependency not applicable.
AK_R_1010601_009,Stream,River,MERCURY,UG/L,TOTAL RECOVERABLE,34,31,4,,,,,,,,,,,,Hardness dependency not applicable.
AK_R_1010601_009,Stream,River,MOLYBDENUM,UG/L,TOTAL RECOVERABLE,34,31,4,,,,,,,,,,,,Hardness dependency not applicable.
AK_R_1010601_009,Stream,River,NICKEL,UG/L,TOTAL RECOVERABLE,34,31,4,,,,,,,,,,,,Hardness dependency not applicable.
AK_R_1010601_009,Stream,River,SELENIUM,UG/L,TOTAL,34,31,4,,,,,,,,,,,,Hardness dependency not applicable.
AK_R_1010601_009,Stream,River,SILVER,UG/L,TOTAL RECOVERABLE,34,31,4,,,,,,,,,,,,Hardness dependency not applicable.
AK_R_1010601_009,Stream,River,"TEMPERATURE, WATER",DEG C,,51,28,4,Freshwater,,Aquatic Life,,,,,,,,,Hardness dependency not applicable.
AK_R_1010601_009,Stream,River,"TEMPERATURE, WATER",DEG C,,51,28,4,Freshwater,,Primary Contact Recreation,,,,,,,,,Hardness dependency not applicable.
AK_R_1010601_009,Stream,River,"TEMPERATURE, WATER",DEG C,,51,28,4,Freshwater,,Water Supply,,,,,,,,,Hardness dependency not applicable.
AK_R_1010601_009,Stream,River,THALLIUM,UG/L,TOTAL,34,31,4,,,,,,,,,,,,Hardness dependency not applicable.
AK_R_1010601_009,Stream,River,ZINC,UG/L,TOTAL RECOVERABLE,34,31,4,,,,,,,,,,,,Hardness dependency not applicable.
AK_R_1020709_011,Stream,River,ALKALINITY,UG/L,DISSOLVED,38,31,5,,,,,,,,,,,,Hardness dependency not applicable.
AK_R_1020709_011,Stream,River,ALUMINUM,UG/L,DISSOLVED,36,33,5,,,,,,,,,,,,Hardness dependency not applicable.
AK_R_1020709_011,Stream,River,ARSENIC,UG/L,TOTAL,36,33,5,,,,,,,,,,,,Hardness dependency not applicable.
AK_R_1020709_011,Stream,River,BARIUM,UG/L,TOTAL RECOVERABLE,36,33,5,,,,,,,,,,,,Hardness dependency not applicable.
AK_R_1020709_011,Stream,River,BERYLLIUM,UG/L,TOTAL RECOVERABLE,35,32,5,,,,,,,,,,,,Hardness dependency not applicable.
AK_R_1020709_011,Stream,River,CADMIUM,UG/L,TOTAL,36,33,5,,,,,,,,,,,,Hardness dependency not applicable.
AK_R_1020709_011,Stream,River,CHROMIUM,UG/L,DISSOLVED,36,33,5,,,,,,,,,,,,Hardness dependency not applicable.
AK_R_1020709_011,Stream,River,CHROMIUM,UG/L,TOTAL RECOVERABLE,36,33,5,,,,,,,,,,,,Hardness dependency not applicable.
AK_R_1020709_011,Stream,River,COBALT,UG/L,TOTAL RECOVERABLE,36,33,5,,,,,,,,,,,,Hardness dependency not applicable.
AK_R_1020709_011,Stream,River,COPPER,UG/L,TOTAL RECOVERABLE,36,33,5,,,,,,,,,,,,Hardness dependency not applicable.
AK_R_1020709_011,Stream,River,HARDNESS,UG/L,,35,32,5,,,,,,,,,,,,Hardness dependency not applicable.
AK_R_1020709_011,Stream,River,IRON,UG/L,TOTAL RECOVERABLE,36,33,5,,,,,,,,,,,,Hardness dependency not applicable.
AK_R_1020709_011,Stream,River,LEAD,UG/L,TOTAL RECOVERABLE,36,33,5,,,,,,,,,,,,Hardness dependency not applicable.
AK_R_1020709_011,Stream,River,LITHIUM,UG/L,TOTAL RECOVERABLE,36,33,5,,,,,,,,,,,,Hardness dependency not applicable.
AK_R_1020709_011,Stream,River,MANGANESE,UG/L,TOTAL RECOVERABLE,36,33,5,,,,,,,,,,,,Hardness dependency not applicable.
AK_R_1020709_011,Stream,River,MERCURY,UG/L,TOTAL RECOVERABLE,35,32,5,,,,,,,,,,,,Hardness dependency not applicable.
AK_R_1020709_011,Stream,River,MOLYBDENUM,UG/L,TOTAL RECOVERABLE,36,33,5,,,,,,,,,,,,Hardness dependency not applicable.
AK_R_1020709_011,Stream,River,NICKEL,UG/L,TOTAL RECOVERABLE,36,33,5,,,,,,,,,,,,Hardness dependency not applicable.
AK_R_1020709_011,Stream,River,SELENIUM,UG/L,TOTAL,36,33,5,,,,,,,,,,,,Hardness dependency not applicable.
AK_R_1020709_011,Stream,River,SILVER,UG/L,TOTAL RECOVERABLE,36,33,5,,,,,,,,,,,,Hardness dependency not applicable.
AK_R_1020709_011,Stream,River,"TEMPERATURE, WATER",DEG C,,126,31,5,Freshwater,,Aquatic Life,,,,,,,,,Hardness dependency not applicable.
AK_R_1020709_011,Stream,River,"TEMPERATURE, WATER",DEG C,,126,31,5,Freshwater,,Primary Contact Recreation,,,,,,,,,Hardness dependency not applicable.
AK_R_1020709_011,Stream,River,"TEMPERATURE, WATER",DEG C,,126,31,5,Freshwater,,Water Supply,,,,,,,,,Hardness dependency not applicable.
AK_R_1020709_011,Stream,River,THALLIUM,UG/L,TOTAL,35,32,5,,,,,,,,,,,,Hardness dependency not applicable.
AK_R_1020709_011,Stream,River,ZINC,UG/L,TOTAL RECOVERABLE,36,33,5,,,,,,,,,,,,Hardness dependency not applicable.
AK_R_1030106_014,River/Stream,River,ALUMINUM,UG/L,DISSOLVED,18,6,2,,,,,,,,,,,,Hardness dependency not applicable.
AK_R_1030106_014,River/Stream,River,ALUMINUM,UG/L,TOTAL,3,1,1,,,,,,,,,,,,Hardness dependency not applicable.
AK_R_1030106_014,River/Stream,River,ANTIMONY,UG/L,TOTAL,3,1,1,,,,,,,,,,,,Hardness dependency not applicable.
AK_R_1030106_014,River/Stream,River,ARSENIC,UG/L,TOTAL,3,1,1,,,,,,,,,,,,Hardness dependency not applicable.
AK_R_1030106_014,River/Stream,River,BARIUM,UG/L,TOTAL,3,1,1,,,,,,,,,,,,Hardness dependency not applicable.
AK_R_1030106_014,River/Stream,River,BERYLLIUM,UG/L,TOTAL,3,1,1,,,,,,,,,,,,Hardness dependency not applicable.
AK_R_1030106_014,River/Stream,River,CADMIUM,UG/L,TOTAL,3,1,1,,,,,,,,,,,,Hardness dependency not applicable.
AK_R_1030106_014,River/Stream,River,CHLORIDE,UG/L,TOTAL,18,6,2,,,,,,,,,,,,Hardness dependency not applicable.
AK_R_1030106_014,River/Stream,River,CHROMIUM,UG/L,DISSOLVED,18,6,2,,,,,,,,,,,,Hardness dependency not applicable.
AK_R_1030106_014,River/Stream,River,COBALT,UG/L,TOTAL,3,1,1,,,,,,,,,,,,Hardness dependency not applicable.
AK_R_1030106_014,River/Stream,River,COPPER,UG/L,TOTAL,3,1,1,,,,,,,,,,,,Hardness dependency not applicable.
AK_R_1030106_014,River/Stream,River,HARDNESS,UG/L,DISSOLVED,18,6,2,,,,,,,,,,,,Hardness dependency not applicable.
AK_R_1030106_014,River/Stream,River,HARDNESS,UG/L,TOTAL,12,6,2,,,,,,,,,,,,Hardness dependency not applicable.
AK_R_1030106_014,River/Stream,River,LEAD,UG/L,TOTAL,3,1,1,,,,,,,,,,,,Hardness dependency not applicable.
AK_R_1030106_014,River/Stream,River,MANGANESE,UG/L,TOTAL,3,1,1,,,,,,,,,,,,Hardness dependency not applicable.
AK_R_1030106_014,River/Stream,River,MOLYBDENUM,UG/L,TOTAL,3,1,1,,,,,,,,,,,,Hardness dependency not applicable.
AK_R_1030106_014,River/Stream,River,NICKEL,UG/L,TOTAL,3,1,1,,,,,,,,,,,,Hardness dependency not applicable.
AK_R_1030106_014,River/Stream,River,NITRITE,MG/L,TOTAL,10,5,2,,,,,,,,,,,,Hardness dependency not applicable.
AK_R_1030106_014,River/Stream,River,SELENIUM,UG/L,TOTAL,3,1,1,,,,,,,,,,,,Hardness dependency not applicable.
AK_R_1030106_014,River/Stream,River,SILVER,UG/L,TOTAL,3,1,1,,,,,,,,,,,,Hardness dependency not applicable.
AK_R_1030106_014,River/Stream,River,"TEMPERATURE, WATER",DEG C,,16,10,2,Freshwater,,Aquatic Life,,,,,,,,,Hardness dependency not applicable.
AK_R_1030106_014,River/Stream,River,"TEMPERATURE, WATER",DEG C,,16,10,2,Freshwater,,Primary Contact Recreation,,,,,,,,,Hardness dependency not applicable.
AK_R_1030106_014,River/Stream,River,"TEMPERATURE, WATER",DEG C,,16,10,2,Freshwater,,Water Supply,,,,,,,,,Hardness dependency not applicable.
AK_R_1030106_014,River/Stream,River,THALLIUM,UG/L,TOTAL,3,1,1,,,,,,,,,,,,Hardness dependency not applicable.
AK_R_1030106_014,River/Stream,River,VANADIUM,UG/L,TOTAL,3,1,1,,,,,,,,,,,,Hardness dependency not applicable.
AK_R_1030407_006,Stream,River,ALKALINITY,UG/L,DISSOLVED,42,35,5,,,,,,,,,,,,Hardness dependency not applicable.
AK_R_1030407_006,Stream,River,ALUMINUM,UG/L,DISSOLVED,39,35,5,,,,,,,,,,,,Hardness dependency not applicable.
AK_R_1030407_006,Stream,River,ARSENIC,UG/L,TOTAL,39,35,5,,,,,,,,,,,,Hardness dependency not applicable.
AK_R_1030407_006,Stream,River,BARIUM,UG/L,TOTAL RECOVERABLE,40,36,5,,,,,,,,,,,,Hardness dependency not applicable.
AK_R_1030407_006,Stream,River,BERYLLIUM,UG/L,TOTAL RECOVERABLE,39,35,5,,,,,,,,,,,,Hardness dependency not applicable.
AK_R_1030407_006,Stream,River,CADMIUM,UG/L,TOTAL,39,35,5,,,,,,,,,,,,Hardness dependency not applicable.
AK_R_1030407_006,Stream,River,CHROMIUM,UG/L,DISSOLVED,39,35,5,,,,,,,,,,,,Hardness dependency not applicable.
AK_R_1030407_006,Stream,River,CHROMIUM,UG/L,TOTAL RECOVERABLE,39,35,5,,,,,,,,,,,,Hardness dependency not applicable.
AK_R_1030407_006,Stream,River,COBALT,UG/L,TOTAL RECOVERABLE,39,35,5,,,,,,,,,,,,Hardness dependency not applicable.
AK_R_1030407_006,Stream,River,COPPER,UG/L,TOTAL RECOVERABLE,39,35,5,,,,,,,,,,,,Hardness dependency not applicable.
AK_R_1030407_006,Stream,River,HARDNESS,UG/L,,39,35,5,,,,,,,,,,,,Hardness dependency not applicable.
AK_R_1030407_006,Stream,River,IRON,UG/L,TOTAL RECOVERABLE,39,35,5,,,,,,,,,,,,Hardness dependency not applicable.
AK_R_1030407_006,Stream,River,LEAD,UG/L,TOTAL RECOVERABLE,39,35,5,,,,,,,,,,,,Hardness dependency not applicable.
AK_R_1030407_006,Stream,River,LITHIUM,UG/L,TOTAL RECOVERABLE,39,35,5,,,,,,,,,,,,Hardness dependency not applicable.
AK_R_1030407_006,Stream,River,MANGANESE,UG/L,TOTAL RECOVERABLE,39,35,5,,,,,,,,,,,,Hardness dependency not applicable.
AK_R_1030407_006,Stream,River,MERCURY,UG/L,TOTAL RECOVERABLE,41,37,5,,,,,,,,,,,,Hardness dependency not applicable.
AK_R_1030407_006,Stream,River,MOLYBDENUM,UG/L,TOTAL RECOVERABLE,39,35,5,,,,,,,,,,,,Hardness dependency not applicable.
AK_R_1030407_006,Stream,River,NICKEL,UG/L,TOTAL RECOVERABLE,39,35,5,,,,,,,,,,,,Hardness dependency not applicable.
AK_R_1030407_006,Stream,River,SELENIUM,UG/L,TOTAL,39,35,5,,,,,,,,,,,,Hardness dependency not applicable.
AK_R_1030407_006,Stream,River,SILVER,UG/L,TOTAL RECOVERABLE,39,35,5,,,,,,,,,,,,Hardness dependency not applicable.
AK_R_1030407_006,Stream,River,"TEMPERATURE, WATER",DEG C,,108,30,5,Freshwater,,Aquatic Life,,,,,,,,,Hardness dependency not applicable.
AK_R_1030407_006,Stream,River,"TEMPERATURE, WATER",DEG C,,108,30,5,Freshwater,,Primary Contact Recreation,,,,,,,,,Hardness dependency not applicable.
AK_R_1030407_006,Stream,River,"TEMPERATURE, WATER",DEG C,,108,30,5,Freshwater,,Water Supply,,,,,,,,,Hardness dependency not applicable.
AK_R_1030407_006,Stream,River,THALLIUM,UG/L,TOTAL,38,34,5,,,,,,,,,,,,Hardness dependency not applicable.
AK_R_1030407_006,Stream,River,ZINC,UG/L,TOTAL RECOVERABLE,39,35,5,,,,,,,,,,,,Hardness dependency not applicable.
AK_R_1040422_001,Stream,River,ALKALINITY,UG/L,DISSOLVED,28,26,5,,,,,,,,,,,,Hardness dependency not applicable.
AK_R_1040422_001,Stream,River,ALUMINUM,UG/L,DISSOLVED,27,26,5,,,,,,,,,,,,Hardness dependency not applicable.
AK_R_1040422_001,Stream,River,ARSENIC,UG/L,TOTAL,27,26,5,,,,,,,,,,,,Hardness dependency not applicable.
AK_R_1040422_001,Stream,River,BARIUM,UG/L,TOTAL RECOVERABLE,28,27,5,,,,,,,,,,,,Hardness dependency not applicable.
AK_R_1040422_001,Stream,River,BERYLLIUM,UG/L,TOTAL RECOVERABLE,27,26,5,,,,,,,,,,,,Hardness dependency not applicable.
AK_R_1040422_001,Stream,River,CADMIUM,UG/L,TOTAL,27,26,5,,,,,,,,,,,,Hardness dependency not applicable.
AK_R_1040422_001,Stream,River,CHROMIUM,UG/L,DISSOLVED,27,26,5,,,,,,,,,,,,Hardness dependency not applicable.
AK_R_1040422_001,Stream,River,CHROMIUM,UG/L,TOTAL RECOVERABLE,27,26,5,,,,,,,,,,,,Hardness dependency not applicable.
AK_R_1040422_001,Stream,River,COBALT,UG/L,TOTAL RECOVERABLE,27,26,5,,,,,,,,,,,,Hardness dependency not applicable.
AK_R_1040422_001,Stream,River,COPPER,UG/L,TOTAL RECOVERABLE,27,26,5,,,,,,,,,,,,Hardness dependency not applicable.
AK_R_1040422_001,Stream,River,HARDNESS,UG/L,,27,26,5,,,,,,,,,,,,Hardness dependency not applicable.
AK_R_1040422_001,Stream,River,IRON,UG/L,TOTAL RECOVERABLE,27,26,5,,,,,,,,,,,,Hardness dependency not applicable.
AK_R_1040422_001,Stream,River,LEAD,UG/L,TOTAL RECOVERABLE,27,26,5,,,,,,,,,,,,Hardness dependency not applicable.
AK_R_1040422_001,Stream,River,LITHIUM,UG/L,TOTAL RECOVERABLE,27,26,5,,,,,,,,,,,,Hardness dependency not applicable.
AK_R_1040422_001,Stream,River,MANGANESE,UG/L,TOTAL RECOVERABLE,27,26,5,,,,,,,,,,,,Hardness dependency not applicable.
AK_R_1040422_001,Stream,River,MERCURY,UG/L,TOTAL RECOVERABLE,29,28,5,,,,,,,,,,,,Hardness dependency not applicable.
AK_R_1040422_001,Stream,River,MOLYBDENUM,UG/L,TOTAL RECOVERABLE,27,26,5,,,,,,,,,,,,Hardness dependency not applicable.
AK_R_1040422_001,Stream,River,NICKEL,UG/L,TOTAL RECOVERABLE,27,26,5,,,,,,,,,,,,Hardness dependency not applicable.
AK_R_1040422_001,Stream,River,SELENIUM,UG/L,TOTAL,27,26,5,,,,,,,,,,,,Hardness dependency not applicable.
AK_R_1040422_001,Stream,River,SILVER,UG/L,TOTAL RECOVERABLE,27,26,5,,,,,,,,,,,,Hardness dependency not applicable.
AK_R_1040422_001,Stream,River,"TEMPERATURE, WATER",DEG C,,49,21,5,Freshwater,,Aquatic Life,,,,,,,,,Hardness dependency not applicable.
AK_R_1040422_001,Stream,River,"TEMPERATURE, WATER",DEG C,,49,21,5,Freshwater,,Primary Contact Recreation,,,,,,,,,Hardness dependency not applicable.
AK_R_1040422_001,Stream,River,"TEMPERATURE, WATER",DEG C,,49,21,5,Freshwater,,Water Supply,,,,,,,,,Hardness dependency not applicable.
AK_R_1040422_001,Stream,River,THALLIUM,UG/L,TOTAL,26,25,5,,,,,,,,,,,,Hardness dependency not applicable.
AK_R_1040422_001,Stream,River,ZINC,UG/L,TOTAL RECOVERABLE,27,26,5,,,,,,,,,,,,Hardness dependency not applicable.
AK_R_2030214_007,River/Stream,River,ALUMINUM,UG/L,DISSOLVED,24,12,2,,,,,,,,,,,,Hardness dependency not applicable.
AK_R_2030214_007,River/Stream,River,COPPER,UG/L,TOTAL,25,14,3,,,,,,,,,,,,Hardness dependency not applicable.
AK_R_2030214_007,River/Stream,River,HARDNESS,UG/L,TOTAL,26,14,3,,,,,,,,,,,,Hardness dependency not applicable.
AK_R_2030214_007,River/Stream,River,"TEMPERATURE, WATER",DEG C,,28,15,3,Freshwater,,Aquatic Life,,,,,,,,,Hardness dependency not applicable.
AK_R_2030214_007,River/Stream,River,"TEMPERATURE, WATER",DEG C,,28,15,3,Freshwater,,Primary Contact Recreation,,,,,,,,,Hardness dependency not applicable.
AK_R_2030214_007,River/Stream,River,"TEMPERATURE, WATER",DEG C,,28,15,3,Freshwater,,Water Supply,,,,,,,,,Hardness dependency not applicable.
AK_R_2030218_002_001,River/Stream,River,ALUMINUM,UG/L,DISSOLVED,33,24,3,,,,,,,,,,,,Hardness dependency not applicable.
AK_R_2030218_002_001,River/Stream,River,COPPER,UG/L,TOTAL,34,24,3,,,,,,,,,,,,Hardness dependency not applicable.
AK_R_2030218_002_001,River/Stream,River,HARDNESS,UG/L,TOTAL,38,25,3,,,,,,,,,,,,Hardness dependency not applicable.
AK_R_2030218_002_001,River/Stream,River,"TEMPERATURE, WATER",DEG C,,40,27,3,Freshwater,,Aquatic Life,,,,,,,,,Hardness dependency not applicable.
AK_R_2030218_002_001,River/Stream,River,"TEMPERATURE, WATER",DEG C,,40,27,3,Freshwater,,Primary Contact Recreation,,,,,,,,,Hardness dependency not applicable.
AK_R_2030218_002_001,River/Stream,River,"TEMPERATURE, WATER",DEG C,,40,27,3,Freshwater,,Water Supply,,,,,,,,,Hardness dependency not applicable.
AK_R_2030218_002_002,River/Stream,River,ALUMINUM,UG/L,DISSOLVED,80,30,3,,,,,,,,,,,,Hardness dependency not applicable.
AK_R_2030218_002_002,River/Stream,River,COPPER,UG/L,TOTAL,87,31,3,,,,,,,,,,,,Hardness dependency not applicable.
AK_R_2030218_002_002,River/Stream,River,HARDNESS,UG/L,TOTAL,92,31,3,,,,,,,,,,,,Hardness dependency not applicable.
AK_R_2030218_002_002,River/Stream,River,"TEMPERATURE, WATER",DEG C,,100,34,3,Freshwater,,Aquatic Life,,,,,,,,,Hardness dependency not applicable.
AK_R_2030218_002_002,River/Stream,River,"TEMPERATURE, WATER",DEG C,,100,34,3,Freshwater,,Primary Contact Recreation,,,,,,,,,Hardness dependency not applicable.
AK_R_2030218_002_002,River/Stream,River,"TEMPERATURE, WATER",DEG C,,100,34,3,Freshwater,,Water Supply,,,,,,,,,Hardness dependency not applicable.
AK_R_2030218_006,River/Stream,River,ALUMINUM,UG/L,DISSOLVED,8,8,1,,,,,,,,,,,,Hardness dependency not applicable.
AK_R_2030218_006,River/Stream,River,COPPER,UG/L,TOTAL,8,8,1,,,,,,,,,,,,Hardness dependency not applicable.
AK_R_2030218_006,River/Stream,River,HARDNESS,UG/L,TOTAL,8,8,1,,,,,,,,,,,,Hardness dependency not applicable.
AK_R_2030218_006,River/Stream,River,"TEMPERATURE, WATER",DEG C,,7,7,1,Freshwater,,Aquatic Life,,,,,,,,,Hardness dependency not applicable.
AK_R_2030218_006,River/Stream,River,"TEMPERATURE, WATER",DEG C,,7,7,1,Freshwater,,Primary Contact Recreation,,,,,,,,,Hardness dependency not applicable.
AK_R_2030218_006,River/Stream,River,"TEMPERATURE, WATER",DEG C,,7,7,1,Freshwater,,Water Supply,,,,,,,,,Hardness dependency not applicable.
AK_R_2030218_007,River/Stream,River,ALUMINUM,UG/L,DISSOLVED,10,5,1,,,,,,,,,,,,Hardness dependency not applicable.
AK_R_2030218_007,River/Stream,River,CHROMIUM,UG/L,DISSOLVED,10,5,1,,,,,,,,,,,,Hardness dependency not applicable.
AK_R_2030218_007,River/Stream,River,HARDNESS,UG/L,TOTAL,16,8,2,,,,,,,,,,,,Hardness dependency not applicable.
AK_R_2030218_007,River/Stream,River,NITRITE,MG/L,TOTAL,6,3,1,,,,,,,,,,,,Hardness dependency not applicable.
AK_R_2030218_007,River/Stream,River,PHOSPHORUS,UG/L,DISSOLVED,10,5,1,,,,,,,,,,,,Hardness dependency not applicable.
AK_R_2030218_007,River/Stream,River,"TEMPERATURE, WATER",DEG C,,21,13,2,Freshwater,,Aquatic Life,,,,,,,,,Hardness dependency not applicable.
AK_R_2030218_007,River/Stream,River,"TEMPERATURE, WATER",DEG C,,21,13,2,Freshwater,,Primary Contact Recreation,,,,,,,,,Hardness dependency not applicable.
AK_R_2030218_007,River/Stream,River,"TEMPERATURE, WATER",DEG C,,21,13,2,Freshwater,,Water Supply,,,,,,,,,Hardness dependency not applicable.
AK_R_2040104_002_001,River/Stream,River,ALUMINUM,UG/L,DISSOLVED,5,5,1,,,,,,,,,,,,Hardness dependency not applicable.
AK_R_2040104_002_001,River/Stream,River,HARDNESS,UG/L,TOTAL,9,9,2,,,,,,,,,,,,Hardness dependency not applicable.
AK_R_2040104_002_001,River/Stream,River,NITRITE,MG/L,TOTAL,5,5,1,,,,,,,,,,,,Hardness dependency not applicable.
AK_R_2040104_002_001,River/Stream,River,"TEMPERATURE, WATER",DEG C,,14,14,2,Freshwater,,Aquatic Life,,,,,,,,,Hardness dependency not applicable.
AK_R_2040104_002_001,River/Stream,River,"TEMPERATURE, WATER",DEG C,,14,14,2,Freshwater,,Primary Contact Recreation,,,,,,,,,Hardness dependency not applicable.
AK_R_2040104_002_001,River/Stream,River,"TEMPERATURE, WATER",DEG C,,14,14,2,Freshwater,,Water Supply,,,,,,,,,Hardness dependency not applicable.
AK_R_2040104_002_002,River/Stream,River,ALUMINUM,UG/L,DISSOLVED,5,5,1,,,,,,,,,,,,Hardness dependency not applicable.
AK_R_2040104_002_002,River/Stream,River,HARDNESS,UG/L,TOTAL,10,10,2,,,,,,,,,,,,Hardness dependency not applicable.
AK_R_2040104_002_002,River/Stream,River,NITRITE,MG/L,TOTAL,4,4,2,,,,,,,,,,,,Hardness dependency not applicable.
AK_R_2040104_002_002,River/Stream,River,"TEMPERATURE, WATER",DEG C,,10,10,2,Freshwater,,Aquatic Life,,,,,,,,,Hardness dependency not applicable.
AK_R_2040104_002_002,River/Stream,River,"TEMPERATURE, WATER",DEG C,,10,10,2,Freshwater,,Primary Contact Recreation,,,,,,,,,Hardness dependency not applicable.
AK_R_2040104_002_002,River/Stream,River,"TEMPERATURE, WATER",DEG C,,10,10,2,Freshwater,,Water Supply,,,,,,,,,Hardness dependency not applicable.
AK_R_2040106_001,River/Stream,River,ALUMINUM,UG/L,DISSOLVED,22,12,2,,,,,,,,,,,,Hardness dependency not applicable.
AK_R_2040106_001,River/Stream,River,CHROMIUM,UG/L,DISSOLVED,12,6,1,,,,,,,,,,,,Hardness dependency not applicable.
AK_R_2040106_001,River/Stream,River,HARDNESS,UG/L,TOTAL,20,11,2,,,,,,,,,,,,Hardness dependency not applicable.
AK_R_2040106_001,River/Stream,River,PHOSPHORUS,UG/L,DISSOLVED,12,6,1,,,,,,,,,,,,Hardness dependency not applicable.
AK_R_2040106_001,River/Stream,River,"TEMPERATURE, WATER",DEG C,,28,17,2,Freshwater,,Aquatic Life,,,,,,,,,Hardness dependency not applicable.
AK_R_2040106_001,River/Stream,River,"TEMPERATURE, WATER",DEG C,,28,17,2,Freshwater,,Primary Contact Recreation,,,,,,,,,Hardness dependency not applicable.
AK_R_2040106_001,River/Stream,River,"TEMPERATURE, WATER",DEG C,,28,17,2,Freshwater,,Water Supply,,,,,,,,,Hardness dependency not applicable.
AK_R_2040106_004,River/Stream,River,ALUMINUM,UG/L,DISSOLVED,10,6,1,,,,,,,,,,,,Hardness dependency not applicable.
AK_R_2040106_004,River/Stream,River,HARDNESS,UG/L,TOTAL,17,10,2,,,,,,,,,,,,Hardness dependency not applicable.
AK_R_2040106_004,River/Stream,River,NITRITE,MG/L,TOTAL,9,5,1,,,,,,,,,,,,Hardness dependency not applicable.
AK_R_2040106_004,River/Stream,River,"TEMPERATURE, WATER",DEG C,,24,16,2,Freshwater,,Aquatic Life,,,,,,,,,Hardness dependency not applicable.
AK_R_2040106_004,River/Stream,River,"TEMPERATURE, WATER",DEG C,,24,16,2,Freshwater,,Primary Contact Recreation,,,,,,,,,Hardness dependency not applicable.
AK_R_2040106_004,River/Stream,River,"TEMPERATURE, WATER",DEG C,,24,16,2,Freshwater,,Water Supply,,,,,,,,,Hardness dependency not applicable.
AK_R_2040108_003,River/Stream,River,ALUMINUM,UG/L,DISSOLVED,22,13,2,,,,,,,,,,,,Hardness dependency not applicable.
AK_R_2040108_003,River/Stream,River,CHROMIUM,UG/L,DISSOLVED,12,6,1,,,,,,,,,,,,Hardness dependency not applicable.
AK_R_2040108_003,River/Stream,River,HARDNESS,UG/L,TOTAL,21,12,2,,,,,,,,,,,,Hardness dependency not applicable.
AK_R_2040108_003,River/Stream,River,PHOSPHORUS,UG/L,DISSOLVED,12,6,1,,,,,,,,,,,,Hardness dependency not applicable.
AK_R_2040108_003,River/Stream,River,"TEMPERATURE, WATER",DEG C,,27,18,2,Freshwater,,Aquatic Life,,,,,,,,,Hardness dependency not applicable.
AK_R_2040108_003,River/Stream,River,"TEMPERATURE, WATER",DEG C,,27,18,2,Freshwater,,Primary Contact Recreation,,,,,,,,,Hardness dependency not applicable.
AK_R_2040108_003,River/Stream,River,"TEMPERATURE, WATER",DEG C,,27,18,2,Freshwater,,Water Supply,,,,,,,,,Hardness dependency not applicable.
AK_R_2040108_022,River/Stream,River,ALUMINUM,UG/L,DISSOLVED,21,12,2,,,,,,,,,,,,Hardness dependency not applicable.
AK_R_2040108_022,River/Stream,River,CHROMIUM,UG/L,DISSOLVED,12,6,1,,,,,,,,,,,,Hardness dependency not applicable.
AK_R_2040108_022,River/Stream,River,HARDNESS,UG/L,TOTAL,22,12,2,,,,,,,,,,,,Hardness dependency not applicable.
AK_R_2040108_022,River/Stream,River,PHOSPHORUS,UG/L,DISSOLVED,12,6,1,,,,,,,,,,,,Hardness dependency not applicable.
AK_R_2040108_022,River/Stream,River,"TEMPERATURE, WATER",DEG C,,30,20,2,Freshwater,,Aquatic Life,,,,,,,,,Hardness dependency not applicable.
AK_R_2040108_022,River/Stream,River,"TEMPERATURE, WATER",DEG C,,30,20,2,Freshwater,,Primary Contact Recreation,,,,,,,,,Hardness dependency not applicable.
AK_R_2040108_022,River/Stream,River,"TEMPERATURE, WATER",DEG C,,30,20,2,Freshwater,,Water Supply,,,,,,,,,Hardness dependency not applicable.
AK_R_2050512_016_002,River/Stream,River,"TEMPERATURE, WATER",DEG C,,161,53,1,Freshwater,,Aquatic Life,,,,,,,,,Hardness dependency not applicable.
AK_R_2050512_016_002,River/Stream,River,"TEMPERATURE, WATER",DEG C,,161,53,1,Freshwater,,Primary Contact Recreation,,,,,,,,,Hardness dependency not applicable.
AK_R_2050512_016_002,River/Stream,River,"TEMPERATURE, WATER",DEG C,,161,53,1,Freshwater,,Water Supply,,,,,,,,,Hardness dependency not applicable.
AK_R_2050512_016_003,River/Stream,River,ETHYLBENZENE,UG/L,,40,8,2,,,,,,,,,,,,Hardness dependency not applicable.
AK_R_2050512_016_003,River/Stream,River,"TEMPERATURE, WATER",DEG C,,162,53,1,Freshwater,,Aquatic Life,,,,,,,,,Hardness dependency not applicable.
AK_R_2050512_016_003,River/Stream,River,"TEMPERATURE, WATER",DEG C,,162,53,1,Freshwater,,Primary Contact Recreation,,,,,,,,,Hardness dependency not applicable.
AK_R_2050512_016_003,River/Stream,River,"TEMPERATURE, WATER",DEG C,,162,53,1,Freshwater,,Water Supply,,,,,,,,,Hardness dependency not applicable.
AK_R_2050512_016_003,River/Stream,River,TOLUENE,UG/L,,40,8,2,,,,,,,,,,,,Hardness dependency not applicable.
AK_R_2050512_016_005,River/Stream,River,ALUMINUM,UG/L,DISSOLVED,5,5,1,,,,,,,,,,,,Hardness dependency not applicable.
AK_R_2050512_016_005,River/Stream,River,HARDNESS,UG/L,TOTAL,11,11,2,,,,,,,,,,,,Hardness dependency not applicable.
AK_R_2050512_016_005,River/Stream,River,NITRITE,MG/L,TOTAL,6,6,2,,,,,,,,,,,,Hardness dependency not applicable.
AK_R_2050512_016_005,River/Stream,River,"TEMPERATURE, WATER",DEG C,,118,47,3,Freshwater,,Aquatic Life,,,,,,,,,Hardness dependency not applicable.
AK_R_2050512_016_005,River/Stream,River,"TEMPERATURE, WATER",DEG C,,118,47,3,Freshwater,,Primary Contact Recreation,,,,,,,,,Hardness dependency not applicable.
AK_R_2050512_016_005,River/Stream,River,"TEMPERATURE, WATER",DEG C,,118,47,3,Freshwater,,Water Supply,,,,,,,,,Hardness dependency not applicable.
AK_R_2050512_016_009,River/Stream,River,ALUMINUM,UG/L,DISSOLVED,5,5,1,,,,,,,,,,,,Hardness dependency not applicable.
AK_R_2050512_016_009,River/Stream,River,HARDNESS,UG/L,TOTAL,11,11,2,,,,,,,,,,,,Hardness dependency not applicable.
AK_R_2050512_016_009,River/Stream,River,NITRITE,MG/L,TOTAL,6,6,2,,,,,,,,,,,,Hardness dependency not applicable.
AK_R_2050512_016_009,River/Stream,River,"TEMPERATURE, WATER",DEG C,,10,10,2,Freshwater,,Aquatic Life,,,,,,,,,Hardness dependency not applicable.
AK_R_2050512_016_009,River/Stream,River,"TEMPERATURE, WATER",DEG C,,10,10,2,Freshwater,,Primary Contact Recreation,,,,,,,,,Hardness dependency not applicable.
AK_R_2050512_016_009,River/Stream,River,"TEMPERATURE, WATER",DEG C,,10,10,2,Freshwater,,Water Supply,,,,,,,,,Hardness dependency not applicable.
AK_R_3020311_001_002,River/Stream,River,ALUMINUM,UG/L,DISSOLVED,1,1,1,,,,,,,,,,,,Hardness dependency not applicable.
AK_R_3020311_001_002,River/Stream,River,AMMONIA,MG/L,,3,1,1,,,,,,,,,,,,Hardness dependency not applicable.
AK_R_3020311_001_002,River/Stream,River,CHROMIUM,UG/L,DISSOLVED,1,1,1,,,,,,,,,,,,Hardness dependency not applicable.
AK_R_3020311_001_002,River/Stream,River,NITRITE,MG/L,TOTAL,1,1,1,,,,,,,,,,,,Hardness dependency not applicable.
AK_R_3020311_001_002,River/Stream,River,PHOSPHORUS,UG/L,DISSOLVED,1,1,1,,,,,,,,,,,,Hardness dependency not applicable.
AK_R_3020311_001_002,River/Stream,River,PHOSPHORUS,UG/L,TOTAL,1,1,1,,,,,,,,,,,,Hardness dependency not applicable.
AK_R_8030606_001,River/Stream,River,HARDNESS,UG/L,DISSOLVED,4,4,1,,,,,,,,,,,,Hardness dependency not applicable.
AK_R_8030606_001,River/Stream,River,HARDNESS,UG/L,TOTAL,9,9,3,,,,,,,,,,,,Hardness dependency not applicable.
AK_R_8030606_001,River/Stream,River,"TEMPERATURE, WATER",DEG C,,12,12,2,Freshwater,,Aquatic Life,,,,,,,,,Hardness dependency not applicable.
AK_R_8030606_001,River/Stream,River,"TEMPERATURE, WATER",DEG C,,12,12,2,Freshwater,,Primary Contact Recreation,,,,,,,,,Hardness dependency not applicable.
AK_R_8030606_001,River/Stream,River,"TEMPERATURE, WATER",DEG C,,12,12,2,Freshwater,,Water Supply,,,,,,,,,Hardness dependency not applicable.
AK_R_8030609_003,River/Stream,River,HARDNESS,UG/L,DISSOLVED,4,4,1,,,,,,,,,,,,Hardness dependency not applicable.
AK_R_8030609_003,River/Stream,River,HARDNESS,UG/L,TOTAL,9,9,3,,,,,,,,,,,,Hardness dependency not applicable.
AK_R_8030609_003,River/Stream,River,"TEMPERATURE, WATER",DEG C,,14,14,2,Freshwater,,Aquatic Life,,,,,,,,,Hardness dependency not applicable.
AK_R_8030609_003,River/Stream,River,"TEMPERATURE, WATER",DEG C,,14,14,2,Freshwater,,Primary Contact Recreation,,,,,,,,,Hardness dependency not applicable.
AK_R_8030609_003,River/Stream,River,"TEMPERATURE, WATER",DEG C,,14,14,2,Freshwater,,Water Supply,,,,,,,,,Hardness dependency not applicable.
AK_R_8030609_004_001,River/Stream,River,"TEMPERATURE, WATER",DEG C,,71,15,3,Freshwater,,Aquatic Life,,,,,,,,,Hardness dependency not applicable.
AK_R_8030609_004_001,River/Stream,River,"TEMPERATURE, WATER",DEG C,,71,15,3,Freshwater,,Primary Contact Recreation,,,,,,,,,Hardness dependency not applicable.
AK_R_8030609_004_001,River/Stream,River,"TEMPERATURE, WATER",DEG C,,71,15,3,Freshwater,,Water Supply,,,,,,,,,Hardness dependency not applicable.
AK_R_9010501_004,River/Stream,River,ALUMINUM,UG/L,DISSOLVED,5,5,2,,,,,,,,,,,,Hardness dependency not applicable.
AK_R_9010501_004,River/Stream,River,AMMONIA,MG/L,,15,5,2,,,,,,,,,,,,Hardness dependency not applicable.
AK_R_9010501_004,River/Stream,River,CHROMIUM,UG/L,DISSOLVED,5,5,2,,,,,,,,,,,,Hardness dependency not applicable.
AK_R_9010501_004,River/Stream,River,NITRITE,MG/L,TOTAL,5,5,2,,,,,,,,,,,,Hardness dependency not applicable.
AK_R_9010501_004,River/Stream,River,PHOSPHORUS,UG/L,DISSOLVED,4,4,2,,,,,,,,,,,,Hardness dependency not applicable.
AK_R_9010501_004,River/Stream,River,PHOSPHORUS,UG/L,TOTAL,5,5,2,,,,,,,,,,,,Hardness dependency not applicable.
