ASSESSMENT_UNIT_ID,USE_NAME,USE_AGENCY_CODE,USE_TREND,USE_THREATENED,USE_ASMT_BASIS,USE_MONITORING_START,USE_MONITORING_END,USE_ASMT_DATE,USE_ASSESSOR_NAME,USE_COMMENT,USE_STATE_IR_CAT,USE_ORG_QUALIFIER_FLAG
AK_B_1010203_001,"MARINE / GROWTH AND PROPAGATION OF FISH, SHELLFISH, OTHER AQUATIC LIFE AND WILDLIFE",S,,,,2018-05-17,2021-09-01,,,,,
AK_B_1010203_001,MARINE / WATER RECREATION / CONTACT RECREATION,S,,,,2018-05-17,2021-09-01,,,,,
AK_B_1010203_001,MARINE / WATER RECREATION / SECONDARY RECREATION,S,,,,2018-05-17,2021-09-01,,,,,
AK_B_1010203_001,MARINE / WATER SUPPLY / AQUACULTURE,S,,,,2018-05-17,2021-09-01,,,,,
AK_B_1010203_001,MARINE / WATER SUPPLY / INDUSTRIAL,S,,,,2018-05-17,2021-09-01,,,,,
AK_B_1010203_001,MARINE / WATER SUPPLY / SEAFOOD PROCESSING,S,,,,2018-05-17,2021-09-01,,,,,
AK_B_1010204_001,"MARINE / GROWTH AND PROPAGATION OF FISH, SHELLFISH, OTHER AQUATIC LIFE AND WILDLIFE",S,,,,2018-05-17,2022-09-01,,,,,
AK_B_1010204_001,MARINE / WATER RECREATION / CONTACT RECREATION,S,,,,2018-05-17,2022-09-01,,,,,
AK_B_1010204_001,MARINE / WATER RECREATION / SECONDARY RECREATION,S,,,,2018-05-17,2022-09-01,,,,,
AK_B_1010204_001,MARINE / WATER SUPPLY / AQUACULTURE,S,,,,2018-05-17,2022-09-01,,,,,
AK_B_1010204_001,MARINE / WATER SUPPLY / INDUSTRIAL,S,,,,2018-05-17,2022-09-01,,,,,
AK_B_1010204_001,MARINE / WATER SUPPLY / SEAFOOD PROCESSING,S,,,,2018-05-17,2022-09-01,,,,,
AK_B_1010204_002,"MARINE / GROWTH AND PROPAGATION OF FISH, SHELLFISH, OTHER AQUATIC LIFE AND WILDLIFE",S,,,,2018-05-17,2021-09-01,,,,,
AK_B_1010204_002,MARINE / WATER RECREATION / CONTACT RECREATION,S,,,,2018-05-17,2021-09-01,,,,,
AK_B_1010204_002,MARINE / WATER RECREATION / SECONDARY RECREATION,S,,,,2018-05-17,2021-09-01,,,,,
AK_B_1010204_002,MARINE / WATER SUPPLY / AQUACULTURE,S,,,,2018-05-17,2021-09-01,,,,,
AK_B_1010204_002,MARINE / WATER SUPPLY / INDUSTRIAL,S,,,,2018-05-17,2021-09-01,,,,,
AK_B_1010204_002,MARINE / WATER SUPPLY / SEAFOOD PROCESSING,S,,,,2018-05-17,2021-09-01,,,,,
AK_B_1010204_003,"MARINE / GROWTH AND PROPAGATION OF FISH, SHELLFISH, OTHER AQUATIC LIFE AND WILDLIFE",S,,,,2018-05-17,2022-09-01,,,,,
AK_B_1010204_003,MARINE / WATER RECREATION / CONTACT RECREATION,S,,,,2018-05-17,2022-09-01,,,,,
AK_B_1010204_003,MARINE / WATER RECREATION / SECONDARY RECREATION,S,,,,2018-05-17,2022-09-01,,,,,
AK_B_1010204_003,MARINE / WATER SUPPLY / AQUACULTURE,S,,,,2018-05-17,2022-09-01,,,,,
AK_B_1010204_003,MARINE / WATER SUPPLY / INDUSTRIAL,S,,,,2018-05-17,2022-09-01,,,,,
AK_B_1010204_003,MARINE / WATER SUPPLY / SEAFOOD PROCESSING,S,,,,2018-05-17,2022-09-01,,,,,
AK_B_1010204_004,"MARINE / GROWTH AND PROPAGATION OF FISH, SHELLFISH, OTHER AQUATIC LIFE AND WILDLIFE",S,,,,2018-05-17,2021-09-01,,,,,
AK_B_1010204_004,MARINE / WATER RECREATION / CONTACT RECREATION,S,,,,2018-05-17,2021-09-01,,,,,
AK_B_1010204_004,MARINE / WATER RECREATION / SECONDARY RECREATION,S,,,,2018-05-17,2021-09-01,,,,,
AK_B_1010204_004,MARINE / WATER SUPPLY / AQUACULTURE,S,,,,2018-05-17,2021-09-01,,,,,
AK_B_1010204_004,MARINE / WATER SUPPLY / INDUSTRIAL,S,,,,2018-05-17,2021-09-01,,,,,
AK_B_1010204_004,MARINE / WATER SUPPLY / SEAFOOD PROCESSING,S,,,,2018-05-17,2021-09-01,,,,,
AK_B_1010204_005,"MARINE / GROWTH AND PROPAGATION OF FISH, SHELLFISH, OTHER AQUATIC LIFE AND WILDLIFE",S,,,,2018-05-17,2022-09-01,,,,,
AK_B_1010204_005,MARINE / WATER RECREATION / CONTACT RECREATION,S,,,,2018-05-17,2022-09-01,,,,,
AK_B_1010204_005,MARINE / WATER RECREATION / SECONDARY RECREATION,S,,,,2018-05-17,2022-09-01,,,,,
AK_B_1010204_005,MARINE / WATER SUPPLY / AQUACULTURE,S,,,,2018-05-17,2022-09-01,,,,,
AK_B_1010204_005,MARINE / WATER SUPPLY / INDUSTRIAL,S,,,,2018-05-17,2022-09-01,,,,,
AK_B_1010204_005,MARINE / WATER SUPPLY / SEAFOOD PROCESSING,S,,,,2018-05-17,2022-09-01,,,,,
AK_B_1010204_006,"MARINE / GROWTH AND PROPAGATION OF FISH, SHELLFISH, OTHER AQUATIC LIFE AND WILDLIFE",S,,,,2018-05-17,2021-09-01,,,,,
AK_B_1010204_006,MARINE / WATER RECREATION / CONTACT RECREATION,S,,,,2018-05-17,2021-09-01,,,,,
AK_B_1010204_006,MARINE / WATER RECREATION / SECONDARY RECREATION,S,,,,2018-05-17,2021-09-01,,,,,
AK_B_1010204_006,MARINE / WATER SUPPLY / AQUACULTURE,S,,,,2018-05-17,2021-09-01,,,,,
AK_B_1010204_006,MARINE / WATER SUPPLY / INDUSTRIAL,S,,,,2018-05-17,2021-09-01,,,,,
AK_B_1010204_006,MARINE / WATER SUPPLY / SEAFOOD PROCESSING,S,,,,2018-05-17,2021-09-01,,,,,
AK_B_1010204_007,"MARINE / GROWTH AND PROPAGATION OF FISH, SHELLFISH, OTHER AQUATIC LIFE AND WILDLIFE",S,,,,2018-05-17,2022-09-01,,,,,
AK_B_1010204_007,MARINE / WATER RECREATION / CONTACT RECREATION,S,,,,2018-05-17,2022-09-01,,,,,
AK_B_1010204_007,MARINE / WATER RECREATION / SECONDARY RECREATION,S,,,,2018-05-17,2022-09-01,,,,,
AK_B_1010204_007,MARINE / WATER SUPPLY / AQUACULTURE,S,,,,2018-05-17,2022-09-01,,,,,
AK_B_1010204_007,MARINE / WATER SUPPLY / INDUSTRIAL,S,,,,2018-05-17,2022-09-01,,,,,
AK_B_1010204_007,MARINE / WATER SUPPLY / SEAFOOD PROCESSING,S,,,,2018-05-17,2022-09-01,,,,,
AK_B_1010204_008,"MARINE / GROWTH AND PROPAGATION OF FISH, SHELLFISH, OTHER AQUATIC LIFE AND WILDLIFE",S,,,,2018-06-20,2021-09-01,,,,,
AK_B_1010204_008,MARINE / WATER RECREATION / CONTACT RECREATION,S,,,,2018-06-20,2021-09-01,,,,,
AK_B_1010204_008,MARINE / WATER RECREATION / SECONDARY RECREATION,S,,,,2018-06-20,2021-09-01,,,,,
AK_B_1010204_008,MARINE / WATER SUPPLY / AQUACULTURE,S,,,,2018-06-20,2021-09-01,,,,,
AK_B_1010204_008,MARINE / WATER SUPPLY / INDUSTRIAL,S,,,,2018-06-20,2021-09-01,,,,,
AK_B_1010204_008,MARINE / WATER SUPPLY / SEAFOOD PROCESSING,S,,,,2018-06-20,2021-09-01,,,,,
AK_B_1010205_001,"MARINE / GROWTH AND PROPAGATION OF FISH, SHELLFISH, OTHER AQUATIC LIFE AND WILDLIFE",S,,,,2018-05-17,2022-09-01,,,,,
AK_B_1010205_001,MARINE / WATER RECREATION / CONTACT RECREATION,S,,,,2018-05-17,2022-09-01,,,,,
AK_B_1010205_001,MARINE / WATER RECREATION / SECONDARY RECREATION,S,,,,2018-05-17,2022-09-01,,,,,
AK_B_1010205_001,MARINE / WATER SUPPLY / AQUACULTURE,S,,,,2018-05-17,2022-09-01,,,,,
AK_B_1010205_001,MARINE / WATER SUPPLY / INDUSTRIAL,S,,,,2018-05-17,2022-09-01,,,,,
AK_B_1010205_001,MARINE / WATER SUPPLY / SEAFOOD PROCESSING,S,,,,2018-05-17,2022-09-01,,,,,
AK_B_1010208_001,"MARINE / GROWTH AND PROPAGATION OF FISH, SHELLFISH, OTHER AQUATIC LIFE AND WILDLIFE",S,,,,2018-05-17,2022-09-01,,,,,
AK_B_1010208_001,MARINE / WATER RECREATION / CONTACT RECREATION,S,,,,2018-05-17,2022-09-01,,,,,
AK_B_1010208_001,MARINE / WATER RECREATION / SECONDARY RECREATION,S,,,,2018-05-17,2022-09-01,,,,,
AK_B_1010208_001,MARINE / WATER SUPPLY / AQUACULTURE,S,,,,2018-05-17,2022-09-01,,,,,
AK_B_1010208_001,MARINE / WATER SUPPLY / INDUSTRIAL,S,,,,2018-05-17,2022-09-01,,,,,
AK_B_1010208_001,MARINE / WATER SUPPLY / SEAFOOD PROCESSING,S,,,,2018-05-17,2022-09-01,,,,,
AK_B_1010208_002,"MARINE / GROWTH AND PROPAGATION OF FISH, SHELLFISH, OTHER AQUATIC LIFE AND WILDLIFE",S,,,,2018-06-20,2021-09-01,,,,,
AK_B_1010208_002,MARINE / WATER RECREATION / CONTACT RECREATION,S,,,,2018-06-20,2021-09-01,,,,,
AK_B_1010208_002,MARINE / WATER RECREATION / SECONDARY RECREATION,S,,,,2018-06-20,2021-09-01,,,,,
AK_B_1010208_002,MARINE / WATER SUPPLY / AQUACULTURE,S,,,,2018-06-20,2021-09-01,,,,,
AK_B_1010208_002,MARINE / WATER SUPPLY / INDUSTRIAL,S,,,,2018-06-20,2021-09-01,,,,,
AK_B_1010208_002,MARINE / WATER SUPPLY / SEAFOOD PROCESSING,S,,,,2018-06-20,2021-09-01,,,,,
AK_B_2030218_002,"MARINE / GROWTH AND PROPAGATION OF FISH, SHELLFISH, OTHER AQUATIC LIFE AND WILDLIFE",S,,,,2018-06-14,2022-08-09,,,,,
AK_B_2030218_002,MARINE / WATER RECREATION / CONTACT RECREATION,S,,,,2018-06-14,2022-08-09,,,,,
AK_B_2030218_002,MARINE / WATER RECREATION / SECONDARY RECREATION,S,,,,2018-06-14,2022-08-09,,,,,
AK_B_2030218_002,MARINE / WATER SUPPLY / AQUACULTURE,S,,,,2018-06-14,2022-08-09,,,,,
AK_B_2030218_002,MARINE / WATER SUPPLY / INDUSTRIAL,S,,,,2018-06-14,2022-08-09,,,,,
AK_B_2030218_002,MARINE / WATER SUPPLY / SEAFOOD PROCESSING,S,,,,2018-06-14,2022-08-09,,,,,
AK_B_2030218_002,MARINE / WATER SUPPLY,S,,,,2018-06-14,2022-08-09,,,,,
AK_B_2030218_003,"MARINE / GROWTH AND PROPAGATION OF FISH, SHELLFISH, OTHER AQUATIC LIFE AND WILDLIFE",S,,,,2018-06-14,2022-08-09,,,,,
AK_B_2030218_003,MARINE / WATER RECREATION / CONTACT RECREATION,S,,,,2018-06-14,2022-08-09,,,,,
AK_B_2030218_003,MARINE / WATER RECREATION / SECONDARY RECREATION,S,,,,2018-06-14,2022-08-09,,,,,
AK_B_2030218_003,MARINE / WATER SUPPLY / AQUACULTURE,S,,,,2018-06-14,2022-08-09,,,,,
AK_B_2030218_003,MARINE / WATER SUPPLY / INDUSTRIAL,S,,,,2018-06-14,2022-08-09,,,,,
AK_B_2030218_003,MARINE / WATER SUPPLY / SEAFOOD PROCESSING,S,,,,2018-06-14,2022-08-09,,,,,
AK_B_2030218_003,MARINE / WATER SUPPLY,S,,,,2018-06-14,2022-08-09,,,,,
AK_B_3030311_001,"MARINE / GROWTH AND PROPAGATION OF FISH, SHELLFISH, OTHER AQUATIC LIFE AND WILDLIFE",S,,,,2022-05-25,2022-08-09,,,,,
AK_B_3030311_001,MARINE / WATER RECREATION / CONTACT RECREATION,S,,,,2022-05-25,2022-08-09,,,,,
AK_B_3030311_001,MARINE / WATER RECREATION / SECONDARY RECREATION,S,,,,2022-05-25,2022-08-09,,,,,
AK_B_3030311_001,MARINE / WATER SUPPLY,S,,,,2022-05-25,2022-08-09,,,,,
AK_B_3030311_002,"MARINE / GROWTH AND PROPAGATION OF FISH, SHELLFISH, OTHER AQUATIC LIFE AND WILDLIFE",S,,,,2022-05-25,2022-08-09,,,,,
AK_B_3030311_002,MARINE / WATER RECREATION / CONTACT RECREATION,S,,,,2022-05-25,2022-08-09,,,,,
AK_B_3030311_002,MARINE / WATER RECREATION / SECONDARY RECREATION,S,,,,2022-05-25,2022-08-09,,,,,
AK_B_3030311_002,MARINE / WATER SUPPLY,S,,,,2022-05-25,2022-08-09,,,,,
AK_B_3030311_003,"MARINE / GROWTH AND PROPAGATION OF FISH, SHELLFISH, OTHER AQUATIC LIFE AND WILDLIFE",S,,,,2022-05-25,2022-08-09,,,,,
AK_B_3030311_003,MARINE / WATER RECREATION / CONTACT RECREATION,S,,,,2022-05-25,2022-08-09,,,,,
AK_B_3030311_003,MARINE / WATER RECREATION / SECONDARY RECREATION,S,,,,2022-05-25,2022-08-09,,,,,
AK_B_3030311_003,MARINE / WATER SUPPLY,S,,,,2022-05-25,2022-08-09,,,,,
AK_L_2040106_003,FRESHWATER / WATER RECREATION / SECONDARY RECREATION,S,,,,2020-05-19,2021-05-25,,,,,
AK_L_2040106_003,FRESHWATER / WATER SUPPLY,S,,,,2020-05-19,2021-05-25,,,,,
AK_L_2040106_003,FRESHWATER / WATER SUPPLY / AQUACULTURE,S,,,,2020-05-19,2021-05-25,,,,,
AK_L_2040106_003,FRESHWATER / WATER SUPPLY / INDUSTRIAL,S,,,,2020-05-19,2021-05-25,,,,,
AK_L_2040108_055,FRESHWATER / WATER RECREATION / SECONDARY RECREATION,S,,,,2020-05-18,2021-05-25,,,,,
AK_L_2040108_055,FRESHWATER / WATER SUPPLY,S,,,,2020-05-18,2021-05-25,,,,,
AK_L_2040108_055,FRESHWATER / WATER SUPPLY / AQUACULTURE,S,,,,2020-05-18,2021-05-25,,,,,
AK_L_2040108_055,FRESHWATER / WATER SUPPLY / INDUSTRIAL,S,,,,2020-05-18,2021-05-25,,,,,
AK_L_2040108_060,FRESHWATER / WATER RECREATION / SECONDARY RECREATION,S,,,,2020-05-18,2021-05-24,,,,,
AK_L_2040108_060,FRESHWATER / WATER SUPPLY,S,,,,2020-05-18,2021-05-24,,,,,
AK_L_2040108_060,FRESHWATER / WATER SUPPLY / AQUACULTURE,S,,,,2020-05-18,2021-05-24,,,,,
AK_L_2040108_060,FRESHWATER / WATER SUPPLY / INDUSTRIAL,S,,,,2020-05-18,2021-05-24,,,,,
AK_L_2040108_063,FRESHWATER / WATER RECREATION / CONTACT RECREATION,S,,,,2020-05-18,2021-05-25,,,,,
AK_L_2040108_063,FRESHWATER / WATER RECREATION / SECONDARY RECREATION,S,,,,2020-05-18,2021-05-25,,,,,
AK_L_2040108_063,FRESHWATER / WATER SUPPLY,S,,,,2020-05-18,2021-05-25,,,,,
AK_L_2040108_063,FRESHWATER / WATER SUPPLY / AQUACULTURE,S,,,,2020-05-18,2021-05-25,,,,,
AK_L_2040108_063,FRESHWATER / WATER SUPPLY / INDUSTRIAL,S,,,,2020-05-18,2021-05-25,,,,,
AK_L_8030609_003,"FRESHWATER / GROWTH AND PROPAGATION OF FISH, SHELLFISH, OTHER AQUATIC LIFE AND WILDLIFE",S,,,,2020-06-08,2021-08-11,,,,,
AK_L_8030609_003,FRESHWATER / WATER RECREATION / CONTACT RECREATION,S,,,,2020-06-08,2021-08-11,,,,,
AK_L_8030609_003,FRESHWATER / WATER RECREATION / SECONDARY RECREATION,S,,,,2020-06-08,2021-08-11,,,,,
AK_L_8030609_003,FRESHWATER / WATER SUPPLY,S,,,,2020-06-08,2021-08-11,,,,,
AK_L_8030609_003,FRESHWATER / WATER SUPPLY / AQUACULTURE,S,,,,2020-06-08,2021-08-11,,,,,
AK_L_8030609_003,FRESHWATER / WATER SUPPLY / INDUSTRIAL,S,,,,2020-06-08,2021-08-11,,,,,
AK_L_8030709_001,"FRESHWATER / GROWTH AND PROPAGATION OF FISH, SHELLFISH, OTHER AQUATIC LIFE AND WILDLIFE",S,,,,2020-06-23,2021-08-19,,,,,
AK_L_8030709_001,FRESHWATER / WATER RECREATION / CONTACT RECREATION,S,,,,2020-06-23,2021-08-19,,,,,
AK_L_8030709_001,FRESHWATER / WATER RECREATION / SECONDARY RECREATION,S,,,,2020-06-23,2021-08-19,,,,,
AK_L_8030709_001,FRESHWATER / WATER SUPPLY,S,,,,2020-06-23,2021-08-19,,,,,
AK_L_8030709_001,FRESHWATER / WATER SUPPLY / AQUACULTURE,S,,,,2020-06-23,2021-08-19,,,,,
AK_L_8030709_001,FRESHWATER / WATER SUPPLY / INDUSTRIAL,S,,,,2020-06-23,2021-08-19,,,,,
AK_M_1010204_006,"MARINE / GROWTH AND PROPAGATION OF FISH, SHELLFISH, OTHER AQUATIC LIFE AND WILDLIFE",S,,,,2020-07-09,2022-05-17,,,,,
AK_M_1010204_006,MARINE / WATER RECREATION / CONTACT RECREATION,S,,,,2020-07-09,2022-05-17,,,,,
AK_M_1010204_006,MARINE / WATER RECREATION / SECONDARY RECREATION,S,,,,2020-07-09,2022-05-17,,,,,
AK_M_1010204_006,MARINE / WATER SUPPLY / AQUACULTURE,S,,,,2020-07-09,2022-05-17,,,,,
AK_M_1010204_006,MARINE / WATER SUPPLY / INDUSTRIAL,S,,,,2020-07-09,2022-05-17,,,,,
AK_M_1010204_006,MARINE / WATER SUPPLY / SEAFOOD PROCESSING,S,,,,2020-07-09,2022-05-17,,,,,
AK_M_1010204_006,MARINE / WATER SUPPLY,S,,,,2020-07-09,2022-05-17,,,,,
AK_M_1010204_008,"MARINE / GROWTH AND PROPAGATION OF FISH, SHELLFISH, OTHER AQUATIC LIFE AND WILDLIFE",S,,,,2020-07-09,2022-05-17,,,,,
AK_M_1010204_008,MARINE / WATER RECREATION / CONTACT RECREATION,S,,,,2020-07-09,2022-05-17,,,,,
AK_M_1010204_008,MARINE / WATER RECREATION / SECONDARY RECREATION,S,,,,2020-07-09,2022-05-17,,,,,
AK_M_1010204_008,MARINE / WATER SUPPLY / AQUACULTURE,S,,,,2020-07-09,2022-05-17,,,,,
AK_M_1010204_008,MARINE / WATER SUPPLY / INDUSTRIAL,S,,,,2020-07-09,2022-05-17,,,,,
AK_M_1010204_008,MARINE / WATER SUPPLY / SEAFOOD PROCESSING,S,,,,2020-07-09,2022-05-17,,,,,
AK_M_1010204_008,MARINE / WATER SUPPLY,S,,,,2020-07-09,2022-05-17,,,,,
AK_M_1010204_010,"MARINE / GROWTH AND PROPAGATION OF FISH, SHELLFISH, OTHER AQUATIC LIFE AND WILDLIFE",S,,,,2020-07-09,2022-05-17,,,,,
AK_M_1010204_010,MARINE / WATER RECREATION / CONTACT RECREATION,S,,,,2020-07-09,2022-05-17,,,,,
AK_M_1010204_010,MARINE / WATER RECREATION / SECONDARY RECREATION,S,,,,2020-07-09,2022-05-17,,,,,
AK_M_1010204_010,MARINE / WATER SUPPLY / AQUACULTURE,S,,,,2020-07-09,2022-05-17,,,,,
AK_M_1010204_010,MARINE / WATER SUPPLY / INDUSTRIAL,S,,,,2020-07-09,2022-05-17,,,,,
AK_M_1010204_010,MARINE / WATER SUPPLY / SEAFOOD PROCESSING,S,,,,2020-07-09,2022-05-17,,,,,
AK_M_1010204_010,MARINE / WATER SUPPLY,S,,,,2020-07-09,2022-05-17,,,,,
AK_M_1010210_003,"MARINE / GROWTH AND PROPAGATION OF FISH, SHELLFISH, OTHER AQUATIC LIFE AND WILDLIFE",S,,,,2020-09-24,2022-05-06,,,,,
AK_M_1010210_003,MARINE / WATER RECREATION / CONTACT RECREATION,S,,,,2020-09-24,2022-05-06,,,,,
AK_M_1010210_003,MARINE / WATER RECREATION / SECONDARY RECREATION,S,,,,2020-09-24,2022-05-06,,,,,
AK_M_1010210_003,MARINE / WATER SUPPLY,S,,,,2020-09-24,2022-05-06,,,,,
AK_M_1020903_010,"MARINE / GROWTH AND PROPAGATION OF FISH, SHELLFISH, OTHER AQUATIC LIFE AND WILDLIFE",S,,,,2020-09-19,2022-05-17,,,,,
AK_M_1020903_010,MARINE / WATER RECREATION / CONTACT RECREATION,S,,,,2020-09-19,2022-05-17,,,,,
AK_M_1020903_010,MARINE / WATER RECREATION / SECONDARY RECREATION,S,,,,2020-09-19,2022-05-17,,,,,
AK_M_1020903_010,MARINE / WATER SUPPLY,S,,,,2020-09-19,2022-05-17,,,,,
AK_M_1020904_004,"MARINE / GROWTH AND PROPAGATION OF FISH, SHELLFISH, OTHER AQUATIC LIFE AND WILDLIFE",S,,,,2020-07-09,2022-06-01,,,,,
AK_M_1020904_004,MARINE / WATER RECREATION / CONTACT RECREATION,S,,,,2020-07-09,2022-06-01,,,,,
AK_M_1020904_004,MARINE / WATER RECREATION / SECONDARY RECREATION,S,,,,2020-07-09,2022-06-01,,,,,
AK_M_1020904_004,MARINE / WATER SUPPLY / AQUACULTURE,S,,,,2020-07-09,2022-06-01,,,,,
AK_M_1020904_004,MARINE / WATER SUPPLY / INDUSTRIAL,S,,,,2020-07-09,2022-06-01,,,,,
AK_M_1020904_004,MARINE / WATER SUPPLY / SEAFOOD PROCESSING,S,,,,2020-07-09,2022-06-01,,,,,
AK_M_1020904_004,MARINE / WATER SUPPLY,S,,,,2020-07-09,2022-06-01,,,,,
AK_M_1021010_006,"MARINE / GROWTH AND PROPAGATION OF FISH, SHELLFISH, OTHER AQUATIC LIFE AND WILDLIFE",S,,,,2020-07-09,2022-05-31,,,,,
AK_M_1021010_006,MARINE / WATER RECREATION / CONTACT RECREATION,S,,,,2020-07-09,2022-05-31,,,,,
AK_M_1021010_006,MARINE / WATER RECREATION / SECONDARY RECREATION,S,,,,2020-07-09,2022-05-31,,,,,
AK_M_1021010_006,MARINE / WATER SUPPLY / AQUACULTURE,S,,,,2020-07-09,2022-05-31,,,,,
AK_M_1021010_006,MARINE / WATER SUPPLY / INDUSTRIAL,S,,,,2020-07-09,2022-05-31,,,,,
AK_M_1021010_006,MARINE / WATER SUPPLY / SEAFOOD PROCESSING,S,,,,2020-07-09,2022-05-31,,,,,
AK_M_1021010_006,MARINE / WATER SUPPLY,S,,,,2020-07-09,2022-05-31,,,,,
AK_M_1021109_010,"MARINE / GROWTH AND PROPAGATION OF FISH, SHELLFISH, OTHER AQUATIC LIFE AND WILDLIFE",S,,,,2020-07-07,2022-05-25,,,,,
AK_M_1021109_010,MARINE / WATER RECREATION / CONTACT RECREATION,S,,,,2020-07-07,2022-05-25,,,,,
AK_M_1021109_010,MARINE / WATER RECREATION / SECONDARY RECREATION,S,,,,2020-07-07,2022-05-25,,,,,
AK_M_1021109_010,MARINE / WATER SUPPLY / AQUACULTURE,S,,,,2020-07-07,2022-05-25,,,,,
AK_M_1021109_010,MARINE / WATER SUPPLY / INDUSTRIAL,S,,,,2020-07-07,2022-05-25,,,,,
AK_M_1021109_010,MARINE / WATER SUPPLY / SEAFOOD PROCESSING,S,,,,2020-07-07,2022-05-25,,,,,
AK_M_1021109_010,MARINE / WATER SUPPLY,S,,,,2020-07-07,2022-05-25,,,,,
AK_M_1021211_005,"MARINE / GROWTH AND PROPAGATION OF FISH, SHELLFISH, OTHER AQUATIC LIFE AND WILDLIFE",S,,,,2020-07-06,2022-06-07,,,,,
AK_M_1021211_005,MARINE / WATER RECREATION / CONTACT RECREATION,S,,,,2020-07-06,2022-06-07,,,,,
AK_M_1021211_005,MARINE / WATER RECREATION / SECONDARY RECREATION,S,,,,2020-07-06,2022-06-07,,,,,
AK_M_1021211_005,MARINE / WATER SUPPLY / AQUACULTURE,S,,,,2020-07-06,2022-06-07,,,,,
AK_M_1021211_005,MARINE / WATER SUPPLY / INDUSTRIAL,S,,,,2020-07-06,2022-06-07,,,,,
AK_M_1021211_005,MARINE / WATER SUPPLY / SEAFOOD PROCESSING,S,,,,2020-07-06,2022-06-07,,,,,
AK_M_1021211_005,MARINE / WATER SUPPLY,S,,,,2020-07-06,2022-06-07,,,,,
AK_M_1021212_013,"MARINE / GROWTH AND PROPAGATION OF FISH, SHELLFISH, OTHER AQUATIC LIFE AND WILDLIFE",S,,,,2020-07-06,2022-06-07,,,,,
AK_M_1021212_013,MARINE / WATER RECREATION / CONTACT RECREATION,S,,,,2020-07-06,2022-06-07,,,,,
AK_M_1021212_013,MARINE / WATER RECREATION / SECONDARY RECREATION,S,,,,2020-07-06,2022-06-07,,,,,
AK_M_1021212_013,MARINE / WATER SUPPLY / AQUACULTURE,S,,,,2020-07-06,2022-06-07,,,,,
AK_M_1021212_013,MARINE / WATER SUPPLY / INDUSTRIAL,S,,,,2020-07-06,2022-06-07,,,,,
AK_M_1021212_013,MARINE / WATER SUPPLY / SEAFOOD PROCESSING,S,,,,2020-07-06,2022-06-07,,,,,
AK_M_1021212_013,MARINE / WATER SUPPLY,S,,,,2020-07-06,2022-06-07,,,,,
AK_M_1021212_017,"MARINE / GROWTH AND PROPAGATION OF FISH, SHELLFISH, OTHER AQUATIC LIFE AND WILDLIFE",S,,,,2020-07-06,2022-06-07,,,,,
AK_M_1021212_017,MARINE / WATER RECREATION / CONTACT RECREATION,S,,,,2020-07-06,2022-06-07,,,,,
AK_M_1021212_017,MARINE / WATER RECREATION / SECONDARY RECREATION,S,,,,2020-07-06,2022-06-07,,,,,
AK_M_1021212_017,MARINE / WATER SUPPLY / AQUACULTURE,S,,,,2020-07-06,2022-06-07,,,,,
AK_M_1021212_017,MARINE / WATER SUPPLY / INDUSTRIAL,S,,,,2020-07-06,2022-06-07,,,,,
AK_M_1021212_017,MARINE / WATER SUPPLY / SEAFOOD PROCESSING,S,,,,2020-07-06,2022-06-07,,,,,
AK_M_1021212_017,MARINE / WATER SUPPLY,S,,,,2020-07-06,2022-06-07,,,,,
AK_M_1030106_002,"MARINE / GROWTH AND PROPAGATION OF FISH, SHELLFISH, OTHER AQUATIC LIFE AND WILDLIFE",S,,,,2020-07-02,2022-06-07,,,,,
AK_M_1030106_002,MARINE / WATER RECREATION / CONTACT RECREATION,S,,,,2020-07-02,2022-06-07,,,,,
AK_M_1030106_002,MARINE / WATER RECREATION / SECONDARY RECREATION,S,,,,2020-07-02,2022-06-07,,,,,
AK_M_1030106_002,MARINE / WATER SUPPLY / AQUACULTURE,S,,,,2020-07-02,2022-06-07,,,,,
AK_M_1030106_002,MARINE / WATER SUPPLY / INDUSTRIAL,S,,,,2020-07-02,2022-06-07,,,,,
AK_M_1030106_002,MARINE / WATER SUPPLY / SEAFOOD PROCESSING,S,,,,2020-07-02,2022-06-07,,,,,
AK_M_1030106_002,MARINE / WATER SUPPLY,S,,,,2020-07-02,2022-06-07,,,,,
AK_M_1030106_003,"MARINE / GROWTH AND PROPAGATION OF FISH, SHELLFISH, OTHER AQUATIC LIFE AND WILDLIFE",S,,,,2020-07-02,2022-06-07,,,,,
AK_M_1030106_003,MARINE / WATER RECREATION / CONTACT RECREATION,S,,,,2020-07-02,2022-06-07,,,,,
AK_M_1030106_003,MARINE / WATER RECREATION / SECONDARY RECREATION,S,,,,2020-07-02,2022-06-07,,,,,
AK_M_1030106_003,MARINE / WATER SUPPLY / AQUACULTURE,S,,,,2020-07-02,2022-06-07,,,,,
AK_M_1030106_003,MARINE / WATER SUPPLY / INDUSTRIAL,S,,,,2020-07-02,2022-06-07,,,,,
AK_M_1030106_003,MARINE / WATER SUPPLY / SEAFOOD PROCESSING,S,,,,2020-07-02,2022-06-07,,,,,
AK_M_1030106_003,MARINE / WATER SUPPLY,S,,,,2020-07-02,2022-06-07,,,,,
AK_M_1030107_025,"MARINE / GROWTH AND PROPAGATION OF FISH, SHELLFISH, OTHER AQUATIC LIFE AND WILDLIFE",S,,,,2020-07-02,2022-06-07,,,,,
AK_M_1030107_025,MARINE / WATER RECREATION / CONTACT RECREATION,S,,,,2020-07-02,2022-06-07,,,,,
AK_M_1030107_025,MARINE / WATER RECREATION / SECONDARY RECREATION,S,,,,2020-07-02,2022-06-07,,,,,
AK_M_1030107_025,MARINE / WATER SUPPLY / AQUACULTURE,S,,,,2020-07-02,2022-06-07,,,,,
AK_M_1030107_025,MARINE / WATER SUPPLY / INDUSTRIAL,S,,,,2020-07-02,2022-06-07,,,,,
AK_M_1030107_025,MARINE / WATER SUPPLY / SEAFOOD PROCESSING,S,,,,2020-07-02,2022-06-07,,,,,
AK_M_1030107_025,MARINE / WATER SUPPLY,S,,,,2020-07-02,2022-06-07,,,,,
AK_M_1030108_001,"MARINE / GROWTH AND PROPAGATION OF FISH, SHELLFISH, OTHER AQUATIC LIFE AND WILDLIFE",S,,,,2020-09-17,2022-05-19,,,,,
AK_M_1030108_001,MARINE / WATER RECREATION / CONTACT RECREATION,S,,,,2020-09-17,2022-05-19,,,,,
AK_M_1030108_001,MARINE / WATER RECREATION / SECONDARY RECREATION,S,,,,2020-09-17,2022-05-19,,,,,
AK_M_1030108_001,MARINE / WATER SUPPLY,S,,,,2020-09-17,2022-05-19,,,,,
AK_M_1030305_003,"MARINE / GROWTH AND PROPAGATION OF FISH, SHELLFISH, OTHER AQUATIC LIFE AND WILDLIFE",S,,,,2020-06-29,2022-05-17,,,,,
AK_M_1030305_003,MARINE / WATER RECREATION / CONTACT RECREATION,S,,,,2020-06-29,2022-05-17,,,,,
AK_M_1030305_003,MARINE / WATER RECREATION / SECONDARY RECREATION,S,,,,2020-06-29,2022-05-17,,,,,
AK_M_1030305_003,MARINE / WATER SUPPLY / AQUACULTURE,S,,,,2020-06-29,2022-05-17,,,,,
AK_M_1030305_003,MARINE / WATER SUPPLY / INDUSTRIAL,S,,,,2020-06-29,2022-05-17,,,,,
AK_M_1030305_003,MARINE / WATER SUPPLY / SEAFOOD PROCESSING,S,,,,2020-06-29,2022-05-17,,,,,
AK_M_1030305_003,MARINE / WATER SUPPLY,S,,,,2020-06-29,2022-05-17,,,,,
AK_M_1030308_005,"MARINE / GROWTH AND PROPAGATION OF FISH, SHELLFISH, OTHER AQUATIC LIFE AND WILDLIFE",S,,,,2020-06-27,2022-05-26,,,,,
AK_M_1030308_005,MARINE / WATER RECREATION / CONTACT RECREATION,S,,,,2020-06-27,2022-05-26,,,,,
AK_M_1030308_005,MARINE / WATER RECREATION / SECONDARY RECREATION,S,,,,2020-06-27,2022-05-26,,,,,
AK_M_1030308_005,MARINE / WATER SUPPLY / AQUACULTURE,S,,,,2020-06-27,2022-05-26,,,,,
AK_M_1030308_005,MARINE / WATER SUPPLY / INDUSTRIAL,S,,,,2020-06-27,2022-05-26,,,,,
AK_M_1030308_005,MARINE / WATER SUPPLY / SEAFOOD PROCESSING,S,,,,2020-06-27,2022-05-26,,,,,
AK_M_1030308_005,MARINE / WATER SUPPLY,S,,,,2020-06-27,2022-05-26,,,,,
AK_M_1030308_007,"MARINE / GROWTH AND PROPAGATION OF FISH, SHELLFISH, OTHER AQUATIC LIFE AND WILDLIFE",S,,,,2020-06-27,2022-05-26,,,,,
AK_M_1030308_007,MARINE / WATER RECREATION / CONTACT RECREATION,S,,,,2020-06-27,2022-05-26,,,,,
AK_M_1030308_007,MARINE / WATER RECREATION / SECONDARY RECREATION,S,,,,2020-06-27,2022-05-26,,,,,
AK_M_1030308_007,MARINE / WATER SUPPLY / AQUACULTURE,S,,,,2020-06-27,2022-05-26,,,,,
AK_M_1030308_007,MARINE / WATER SUPPLY / INDUSTRIAL,S,,,,2020-06-27,2022-05-26,,,,,
AK_M_1030308_007,MARINE / WATER SUPPLY / SEAFOOD PROCESSING,S,,,,2020-06-27,2022-05-26,,,,,
AK_M_1030308_007,MARINE / WATER SUPPLY,S,,,,2020-06-27,2022-05-26,,,,,
AK_M_1050001_001,"MARINE / GROWTH AND PROPAGATION OF FISH, SHELLFISH, OTHER AQUATIC LIFE AND WILDLIFE",S,,,,2020-09-18,2022-05-16,,,,,
AK_M_1050001_001,MARINE / WATER RECREATION / CONTACT RECREATION,S,,,,2020-09-18,2022-05-16,,,,,
AK_M_1050001_001,MARINE / WATER RECREATION / SECONDARY RECREATION,S,,,,2020-09-18,2022-05-16,,,,,
AK_M_1050001_001,MARINE / WATER SUPPLY,S,,,,2020-09-18,2022-05-16,,,,,
AK_M_1050004_001,"MARINE / GROWTH AND PROPAGATION OF FISH, SHELLFISH, OTHER AQUATIC LIFE AND WILDLIFE",S,,,,2020-09-17,2022-05-18,,,,,
AK_M_1050004_001,MARINE / WATER RECREATION / CONTACT RECREATION,S,,,,2020-09-17,2022-05-18,,,,,
AK_M_1050004_001,MARINE / WATER RECREATION / SECONDARY RECREATION,S,,,,2020-09-17,2022-05-18,,,,,
AK_M_1050004_001,MARINE / WATER SUPPLY,S,,,,2020-09-17,2022-05-18,,,,,
AK_M_1050006_003,"MARINE / GROWTH AND PROPAGATION OF FISH, SHELLFISH, OTHER AQUATIC LIFE AND WILDLIFE",S,,,,2020-09-17,2022-05-13,,,,,
AK_M_1050006_003,MARINE / WATER RECREATION / CONTACT RECREATION,S,,,,2020-09-17,2022-05-13,,,,,
AK_M_1050006_003,MARINE / WATER RECREATION / SECONDARY RECREATION,S,,,,2020-09-17,2022-05-13,,,,,
AK_M_1050006_003,MARINE / WATER SUPPLY,S,,,,2020-09-17,2022-05-13,,,,,
AK_M_1050007_001,"MARINE / GROWTH AND PROPAGATION OF FISH, SHELLFISH, OTHER AQUATIC LIFE AND WILDLIFE",S,,,,2020-09-18,2022-05-18,,,,,
AK_M_1050007_001,MARINE / WATER RECREATION / CONTACT RECREATION,S,,,,2020-09-18,2022-05-18,,,,,
AK_M_1050007_001,MARINE / WATER RECREATION / SECONDARY RECREATION,S,,,,2020-09-18,2022-05-18,,,,,
AK_M_1050007_001,MARINE / WATER SUPPLY,S,,,,2020-09-18,2022-05-18,,,,,
AK_M_1050008_001,"MARINE / GROWTH AND PROPAGATION OF FISH, SHELLFISH, OTHER AQUATIC LIFE AND WILDLIFE",S,,,,2020-09-19,2022-05-17,,,,,
AK_M_1050008_001,MARINE / WATER RECREATION / CONTACT RECREATION,S,,,,2020-09-19,2022-05-17,,,,,
AK_M_1050008_001,MARINE / WATER RECREATION / SECONDARY RECREATION,S,,,,2020-09-19,2022-05-17,,,,,
AK_M_1050008_001,MARINE / WATER SUPPLY,S,,,,2020-09-19,2022-05-17,,,,,
AK_M_1050009_001,"MARINE / GROWTH AND PROPAGATION OF FISH, SHELLFISH, OTHER AQUATIC LIFE AND WILDLIFE",S,,,,2020-09-19,2022-05-06,,,,,
AK_M_1050009_001,MARINE / WATER RECREATION / CONTACT RECREATION,S,,,,2020-09-19,2022-05-06,,,,,
AK_M_1050009_001,MARINE / WATER RECREATION / SECONDARY RECREATION,S,,,,2020-09-19,2022-05-06,,,,,
AK_M_1050009_001,MARINE / WATER SUPPLY,S,,,,2020-09-19,2022-05-06,,,,,
AK_M_2020111_005,"MARINE / GROWTH AND PROPAGATION OF FISH, SHELLFISH, OTHER AQUATIC LIFE AND WILDLIFE",S,,,,2020-07-31,2022-08-08,,,,,
AK_M_2020111_005,MARINE / WATER RECREATION / CONTACT RECREATION,S,,,,2020-07-31,2022-08-08,,,,,
AK_M_2020111_005,MARINE / WATER RECREATION / SECONDARY RECREATION,S,,,,2020-07-31,2022-08-08,,,,,
AK_M_2020111_005,MARINE / WATER SUPPLY,S,,,,2020-07-31,2022-08-08,,,,,
AK_M_2020111_011,"MARINE / GROWTH AND PROPAGATION OF FISH, SHELLFISH, OTHER AQUATIC LIFE AND WILDLIFE",S,,,,2020-07-31,2022-08-08,,,,,
AK_M_2020111_011,MARINE / WATER RECREATION / CONTACT RECREATION,S,,,,2020-07-31,2022-08-08,,,,,
AK_M_2020111_011,MARINE / WATER RECREATION / SECONDARY RECREATION,S,,,,2020-07-31,2022-08-08,,,,,
AK_M_2020111_011,MARINE / WATER SUPPLY,S,,,,2020-07-31,2022-08-08,,,,,
AK_M_2020120_011,"MARINE / GROWTH AND PROPAGATION OF FISH, SHELLFISH, OTHER AQUATIC LIFE AND WILDLIFE",S,,,,2020-06-12,2022-07-06,,,,,
AK_M_2020120_011,MARINE / WATER RECREATION / CONTACT RECREATION,S,,,,2020-06-12,2022-07-06,,,,,
AK_M_2020120_011,MARINE / WATER RECREATION / SECONDARY RECREATION,S,,,,2020-06-12,2022-07-06,,,,,
AK_M_2020120_011,MARINE / WATER SUPPLY / AQUACULTURE,S,,,,2020-06-12,2022-07-06,,,,,
AK_M_2020120_011,MARINE / WATER SUPPLY / INDUSTRIAL,S,,,,2020-06-12,2022-07-06,,,,,
AK_M_2020120_011,MARINE / WATER SUPPLY / SEAFOOD PROCESSING,S,,,,2020-06-12,2022-07-06,,,,,
AK_M_2020120_011,MARINE / WATER SUPPLY,S,,,,2020-06-12,2022-07-06,,,,,
AK_M_2030108_006,"MARINE / GROWTH AND PROPAGATION OF FISH, SHELLFISH, OTHER AQUATIC LIFE AND WILDLIFE",S,,,,2020-07-23,2022-07-27,,,,,
AK_M_2030108_006,MARINE / WATER RECREATION / CONTACT RECREATION,S,,,,2020-07-23,2022-07-27,,,,,
AK_M_2030108_006,MARINE / WATER RECREATION / SECONDARY RECREATION,S,,,,2020-07-23,2022-07-27,,,,,
AK_M_2030108_006,MARINE / WATER SUPPLY / AQUACULTURE,S,,,,2020-07-23,2022-07-27,,,,,
AK_M_2030108_006,MARINE / WATER SUPPLY / INDUSTRIAL,S,,,,2020-07-23,2022-07-27,,,,,
AK_M_2030108_006,MARINE / WATER SUPPLY / SEAFOOD PROCESSING,S,,,,2020-07-23,2022-07-27,,,,,
AK_M_2030108_006,MARINE / WATER SUPPLY,S,,,,2020-07-23,2022-07-27,,,,,
AK_M_2040108_006,"MARINE / GROWTH AND PROPAGATION OF FISH, SHELLFISH, OTHER AQUATIC LIFE AND WILDLIFE",S,,,,2020-07-06,2022-07-08,,,,,
AK_M_2040108_006,MARINE / WATER RECREATION / CONTACT RECREATION,S,,,,2020-07-06,2022-07-08,,,,,
AK_M_2040108_006,MARINE / WATER RECREATION / SECONDARY RECREATION,S,,,,2020-07-06,2022-07-08,,,,,
AK_M_2040108_006,MARINE / WATER SUPPLY / AQUACULTURE,S,,,,2020-07-06,2022-07-08,,,,,
AK_M_2040108_006,MARINE / WATER SUPPLY / INDUSTRIAL,S,,,,2020-07-06,2022-07-08,,,,,
AK_M_2040108_006,MARINE / WATER SUPPLY / SEAFOOD PROCESSING,S,,,,2020-07-06,2022-07-08,,,,,
AK_M_2040108_006,MARINE / WATER SUPPLY,S,,,,2020-07-06,2022-07-08,,,,,
AK_M_2070114_018,"MARINE / GROWTH AND PROPAGATION OF FISH, SHELLFISH, OTHER AQUATIC LIFE AND WILDLIFE",S,,,,2020-08-05,2020-08-25,,,,,
AK_M_2070114_018,MARINE / WATER RECREATION / CONTACT RECREATION,S,,,,2020-08-05,2020-08-25,,,,,
AK_M_2070114_018,MARINE / WATER RECREATION / SECONDARY RECREATION,S,,,,2020-08-05,2020-08-25,,,,,
AK_M_2070114_018,MARINE / WATER SUPPLY,S,,,,2020-08-05,2020-08-25,,,,,
AK_M_2070115_007,"MARINE / GROWTH AND PROPAGATION OF FISH, SHELLFISH, OTHER AQUATIC LIFE AND WILDLIFE",S,,,,2020-08-05,2022-07-12,,,,,
AK_M_2070115_007,MARINE / WATER RECREATION / CONTACT RECREATION,S,,,,2020-08-05,2022-07-12,,,,,
AK_M_2070115_007,MARINE / WATER RECREATION / SECONDARY RECREATION,S,,,,2020-08-05,2022-07-12,,,,,
AK_M_2070115_007,MARINE / WATER SUPPLY / AQUACULTURE,S,,,,2020-08-05,2022-07-12,,,,,
AK_M_2070115_007,MARINE / WATER SUPPLY / INDUSTRIAL,S,,,,2020-08-05,2022-07-12,,,,,
AK_M_2070115_007,MARINE / WATER SUPPLY / SEAFOOD PROCESSING,S,,,,2020-08-05,2022-07-12,,,,,
AK_M_2070115_007,MARINE / WATER SUPPLY,S,,,,2020-08-05,2022-07-12,,,,,
AK_M_3010208_005,"MARINE / GROWTH AND PROPAGATION OF FISH, SHELLFISH, OTHER AQUATIC LIFE AND WILDLIFE",S,,,,2020-09-26,2022-06-28,,,,,
AK_M_3010208_005,MARINE / WATER RECREATION / CONTACT RECREATION,S,,,,2020-09-26,2022-06-28,,,,,
AK_M_3010208_005,MARINE / WATER RECREATION / SECONDARY RECREATION,S,,,,2020-09-26,2022-06-28,,,,,
AK_M_3010208_005,MARINE / WATER SUPPLY / AQUACULTURE,S,,,,2020-09-26,2022-06-28,,,,,
AK_M_3010208_005,MARINE / WATER SUPPLY / INDUSTRIAL,S,,,,2020-09-26,2022-06-28,,,,,
AK_M_3010208_005,MARINE / WATER SUPPLY / SEAFOOD PROCESSING,S,,,,2020-09-26,2022-06-28,,,,,
AK_M_3010208_005,MARINE / WATER SUPPLY,S,,,,2020-09-26,2022-06-28,,,,,
AK_M_3010208_008,"MARINE / GROWTH AND PROPAGATION OF FISH, SHELLFISH, OTHER AQUATIC LIFE AND WILDLIFE",S,,,,2020-09-26,2022-06-28,,,,,
AK_M_3010208_008,MARINE / WATER RECREATION / CONTACT RECREATION,S,,,,2020-09-26,2022-06-28,,,,,
AK_M_3010208_008,MARINE / WATER RECREATION / SECONDARY RECREATION,S,,,,2020-09-26,2022-06-28,,,,,
AK_M_3010208_008,MARINE / WATER SUPPLY / AQUACULTURE,S,,,,2020-09-26,2022-06-28,,,,,
AK_M_3010208_008,MARINE / WATER SUPPLY / INDUSTRIAL,S,,,,2020-09-26,2022-06-28,,,,,
AK_M_3010208_008,MARINE / WATER SUPPLY / SEAFOOD PROCESSING,S,,,,2020-09-26,2022-06-28,,,,,
AK_M_3010208_008,MARINE / WATER SUPPLY,S,,,,2020-09-26,2022-06-28,,,,,
AK_M_3010208_009,"MARINE / GROWTH AND PROPAGATION OF FISH, SHELLFISH, OTHER AQUATIC LIFE AND WILDLIFE",S,,,,2020-09-26,2022-06-28,,,,,
AK_M_3010208_009,MARINE / WATER RECREATION / CONTACT RECREATION,S,,,,2020-09-26,2022-06-28,,,,,
AK_M_3010208_009,MARINE / WATER RECREATION / SECONDARY RECREATION,S,,,,2020-09-26,2022-06-28,,,,,
AK_M_3010208_009,MARINE / WATER SUPPLY / AQUACULTURE,S,,,,2020-09-26,2022-06-28,,,,,
AK_M_3010208_009,MARINE / WATER SUPPLY / INDUSTRIAL,S,,,,2020-09-26,2022-06-28,,,,,
AK_M_3010208_009,MARINE / WATER SUPPLY / SEAFOOD PROCESSING,S,,,,2020-09-26,2022-06-28,,,,,
AK_M_3010208_009,MARINE / WATER SUPPLY,S,,,,2020-09-26,2022-06-28,,,,,
AK_R_1010504_005,"FRESHWATER / GROWTH AND PROPAGATION OF FISH, SHELLFISH, OTHER AQUATIC LIFE AND WILDLIFE",S,,,,2017-12-07,2023-07-27,,,,,
AK_R_1010504_005,"FRESHWATER / WATER SUPPLY / DRINKING, CULINARY, AND FOOD PROCESSING",S,,,,2017-12-07,2023-07-27,,,,,
AK_R_1010504_005,FRESHWATER,S,,,,2017-12-07,2023-07-27,,,,,
AK_R_1010504_005,FRESHWATER / WATER RECREATION / CONTACT RECREATION,S,,,,2017-12-07,2023-07-27,,,,,
AK_R_1010504_005,FRESHWATER / WATER RECREATION / SECONDARY RECREATION,S,,,,2017-12-07,2023-07-27,,,,,
AK_R_1010504_005,FRESHWATER / WATER SUPPLY,S,,,,2017-12-07,2023-07-27,,,,,
AK_R_1010504_005,FRESHWATER / WATER SUPPLY / AQUACULTURE,S,,,,2017-12-07,2023-07-27,,,,,
AK_R_1010504_005,FRESHWATER STREAMS AND RIVERS / WATER SUPPLY,S,,,,2017-12-07,2023-07-27,,,,,
AK_R_1010504_005,FRESHWATER / WATER SUPPLY / INDUSTRIAL,S,,,,2017-12-07,2023-07-27,,,,,
AK_R_1010504_005,"FRESHWATER / WATER SUPPLY / AGRICULTURE, INCLUDING IRRIGATION AND STOCK WATERING",S,,,,2017-12-07,2023-07-27,,,,,
AK_R_1010601_009,"FRESHWATER / GROWTH AND PROPAGATION OF FISH, SHELLFISH, OTHER AQUATIC LIFE AND WILDLIFE",S,,,,2020-03-14,2023-06-22,,,,,
AK_R_1010601_009,"FRESHWATER / WATER SUPPLY / DRINKING, CULINARY, AND FOOD PROCESSING",S,,,,2020-03-14,2023-06-22,,,,,
AK_R_1010601_009,FRESHWATER,S,,,,2020-03-14,2023-06-22,,,,,
AK_R_1010601_009,FRESHWATER / WATER RECREATION / CONTACT RECREATION,S,,,,2020-03-14,2023-06-22,,,,,
AK_R_1010601_009,FRESHWATER / WATER RECREATION / SECONDARY RECREATION,S,,,,2020-03-14,2023-06-22,,,,,
AK_R_1010601_009,FRESHWATER / WATER SUPPLY,S,,,,2020-03-14,2023-06-22,,,,,
AK_R_1010601_009,FRESHWATER / WATER SUPPLY / AQUACULTURE,S,,,,2020-03-14,2023-06-22,,,,,
AK_R_1010601_009,FRESHWATER STREAMS AND RIVERS / WATER SUPPLY,S,,,,2020-03-14,2023-06-22,,,,,
AK_R_1010601_009,FRESHWATER / WATER SUPPLY / INDUSTRIAL,S,,,,2020-03-14,2023-06-22,,,,,
AK_R_1010601_009,"FRESHWATER / WATER SUPPLY / AGRICULTURE, INCLUDING IRRIGATION AND STOCK WATERING",S,,,,2020-03-14,2023-06-22,,,,,
AK_R_1020709_011,"FRESHWATER / GROWTH AND PROPAGATION OF FISH, SHELLFISH, OTHER AQUATIC LIFE AND WILDLIFE",S,,,,2019-05-15,2023-08-16,,,,,
AK_R_1020709_011,"FRESHWATER / WATER SUPPLY / DRINKING, CULINARY, AND FOOD PROCESSING",S,,,,2019-05-15,2023-08-16,,,,,
AK_R_1020709_011,FRESHWATER,S,,,,2019-05-15,2023-08-16,,,,,
AK_R_1020709_011,FRESHWATER / WATER RECREATION / CONTACT RECREATION,S,,,,2019-05-15,2023-08-16,,,,,
AK_R_1020709_011,FRESHWATER / WATER RECREATION / SECONDARY RECREATION,S,,,,2019-05-15,2023-08-16,,,,,
AK_R_1020709_011,FRESHWATER / WATER SUPPLY,S,,,,2019-05-15,2023-08-16,,,,,
AK_R_1020709_011,FRESHWATER / WATER SUPPLY / AQUACULTURE,S,,,,2019-05-15,2023-08-16,,,,,
AK_R_1020709_011,FRESHWATER STREAMS AND RIVERS / WATER SUPPLY,S,,,,2019-05-15,2023-08-16,,,,,
AK_R_1020709_011,FRESHWATER / WATER SUPPLY / INDUSTRIAL,S,,,,2019-05-15,2023-08-16,,,,,
AK_R_1020709_011,"FRESHWATER / WATER SUPPLY / AGRICULTURE, INCLUDING IRRIGATION AND STOCK WATERING",S,,,,2019-05-15,2023-08-16,,,,,
AK_R_1030106_014,"FRESHWATER / GROWTH AND PROPAGATION OF FISH, SHELLFISH, OTHER AQUATIC LIFE AND WILDLIFE",S,,,,2019-05-30,2020-10-27,,,,,
AK_R_1030106_014,"FRESHWATER / WATER SUPPLY / DRINKING, CULINARY, AND FOOD PROCESSING",S,,,,2019-05-30,2020-10-27,,,,,
AK_R_1030106_014,FRESHWATER,S,,,,2019-05-30,2020-10-27,,,,,
AK_R_1030106_014,FRESHWATER / WATER RECREATION / CONTACT RECREATION,S,,,,2019-05-30,2020-10-27,,,,,
AK_R_1030106_014,FRESHWATER / WATER RECREATION / SECONDARY RECREATION,S,,,,2019-05-30,2020-10-27,,,,,
AK_R_1030106_014,FRESHWATER / WATER SUPPLY,S,,,,2019-05-30,2020-10-27,,,,,
AK_R_1030106_014,FRESHWATER / WATER SUPPLY / AQUACULTURE,S,,,,2019-05-30,2020-10-27,,,,,
AK_R_1030106_014,FRESHWATER STREAMS AND RIVERS / WATER SUPPLY,S,,,,2019-05-30,2020-10-27,,,,,
AK_R_1030106_014,FRESHWATER / WATER SUPPLY / INDUSTRIAL,S,,,,2019-05-30,2020-10-27,,,,,
AK_R_1030106_014,"FRESHWATER / WATER SUPPLY / AGRICULTURE, INCLUDING IRRIGATION AND STOCK WATERING",S,,,,2019-05-30,2020-10-27,,,,,
AK_R_1030407_006,"FRESHWATER / GROWTH AND PROPAGATION OF FISH, SHELLFISH, OTHER AQUATIC LIFE AND WILDLIFE",S,,,,2019-05-01,2023-08-23,,,,,
AK_R_1030407_006,"FRESHWATER / WATER SUPPLY / DRINKING, CULINARY, AND FOOD PROCESSING",S,,,,2019-05-01,2023-08-23,,,,,
AK_R_1030407_006,FRESHWATER,S,,,,2019-05-01,2023-08-23,,,,,
AK_R_1030407_006,FRESHWATER / WATER RECREATION / CONTACT RECREATION,S,,,,2019-05-01,2023-08-23,,,,,
AK_R_1030407_006,FRESHWATER / WATER RECREATION / SECONDARY RECREATION,S,,,,2019-05-01,2023-08-23,,,,,
AK_R_1030407_006,FRESHWATER / WATER SUPPLY,S,,,,2019-05-01,2023-08-23,,,,,
AK_R_1030407_006,FRESHWATER / WATER SUPPLY / AQUACULTURE,S,,,,2019-05-01,2023-08-23,,,,,
AK_R_1030407_006,FRESHWATER STREAMS AND RIVERS / WATER SUPPLY,S,,,,2019-05-01,2023-08-23,,,,,
AK_R_1030407_006,FRESHWATER / WATER SUPPLY / INDUSTRIAL,S,,,,2019-05-01,2023-08-23,,,,,
AK_R_1030407_006,"FRESHWATER / WATER SUPPLY / AGRICULTURE, INCLUDING IRRIGATION AND STOCK WATERING",S,,,,2019-05-01,2023-08-23,,,,,
AK_R_1040422_001,"FRESHWATER / GROWTH AND PROPAGATION OF FISH, SHELLFISH, OTHER AQUATIC LIFE AND WILDLIFE",S,,,,2019-05-22,2023-09-19,,,,,
AK_R_1040422_001,"FRESHWATER / WATER SUPPLY / DRINKING, CULINARY, AND FOOD PROCESSING",S,,,,2019-05-22,2023-09-19,,,,,
AK_R_1040422_001,FRESHWATER,S,,,,2019-05-22,2023-09-19,,,,,
AK_R_1040422_001,FRESHWATER / WATER RECREATION / CONTACT RECREATION,S,,,,2019-05-22,2023-09-19,,,,,
AK_R_1040422_001,FRESHWATER / WATER RECREATION / SECONDARY RECREATION,S,,,,2019-05-22,2023-09-19,,,,,
AK_R_1040422_001,FRESHWATER / WATER SUPPLY,S,,,,2019-05-22,2023-09-19,,,,,
AK_R_1040422_001,FRESHWATER / WATER SUPPLY / AQUACULTURE,S,,,,2019-05-22,2023-09-19,,,,,
AK_R_1040422_001,FRESHWATER STREAMS AND RIVERS / WATER SUPPLY,S,,,,2019-05-22,2023-09-19,,,,,
AK_R_1040422_001,FRESHWATER / WATER SUPPLY / INDUSTRIAL,S,,,,2019-05-22,2023-09-19,,,,,
AK_R_1040422_001,"FRESHWATER / WATER SUPPLY / AGRICULTURE, INCLUDING IRRIGATION AND STOCK WATERING",S,,,,2019-05-22,2023-09-19,,,,,
AK_R_2030207_012,FRESHWATER / WATER RECREATION / CONTACT RECREATION,S,,,,2020-05-22,2021-05-24,,,,,
AK_R_2030207_012,FRESHWATER / WATER RECREATION / SECONDARY RECREATION,S,,,,2020-05-22,2021-05-24,,,,,
AK_R_2030207_012,FRESHWATER / WATER SUPPLY,S,,,,2020-05-22,2021-05-24,,,,,
AK_R_2030207_012,FRESHWATER / WATER SUPPLY / AQUACULTURE,S,,,,2020-05-22,2021-05-24,,,,,
AK_R_2030207_012,FRESHWATER / WATER SUPPLY / INDUSTRIAL,S,,,,2020-05-22,2021-05-24,,,,,
AK_R_2030207_018,FRESHWATER / WATER RECREATION / CONTACT RECREATION,S,,,,2020-05-22,2021-05-24,,,,,
AK_R_2030207_018,FRESHWATER / WATER RECREATION / SECONDARY RECREATION,S,,,,2020-05-22,2021-05-24,,,,,
AK_R_2030207_018,FRESHWATER / WATER SUPPLY,S,,,,2020-05-22,2021-05-24,,,,,
AK_R_2030207_018,FRESHWATER / WATER SUPPLY / AQUACULTURE,S,,,,2020-05-22,2021-05-24,,,,,
AK_R_2030207_018,FRESHWATER / WATER SUPPLY / INDUSTRIAL,S,,,,2020-05-22,2021-05-24,,,,,
AK_R_2030214_007,"FRESHWATER / GROWTH AND PROPAGATION OF FISH, SHELLFISH, OTHER AQUATIC LIFE AND WILDLIFE",S,,,,2021-05-19,2022-11-03,,,,,
AK_R_2030214_007,"FRESHWATER / WATER SUPPLY / DRINKING, CULINARY, AND FOOD PROCESSING",S,,,,2021-05-19,2022-11-03,,,,,
AK_R_2030214_007,FRESHWATER / WATER RECREATION / CONTACT RECREATION,S,,,,2021-05-19,2022-11-03,,,,,
AK_R_2030214_007,FRESHWATER / WATER RECREATION / SECONDARY RECREATION,S,,,,2021-05-19,2022-11-03,,,,,
AK_R_2030214_007,FRESHWATER / WATER SUPPLY,S,,,,2021-05-19,2022-11-03,,,,,
AK_R_2030214_007,FRESHWATER / WATER SUPPLY / AQUACULTURE,S,,,,2021-05-19,2022-11-03,,,,,
AK_R_2030214_007,FRESHWATER STREAMS AND RIVERS / WATER SUPPLY,S,,,,2021-05-19,2022-11-03,,,,,
AK_R_2030214_007,FRESHWATER / WATER SUPPLY / INDUSTRIAL,S,,,,2021-05-19,2022-11-03,,,,,
AK_R_2030214_007,"FRESHWATER / WATER SUPPLY / AGRICULTURE, INCLUDING IRRIGATION AND STOCK WATERING",S,,,,2021-05-19,2022-11-03,,,,,
AK_R_2030218_002_001,"FRESHWATER / GROWTH AND PROPAGATION OF FISH, SHELLFISH, OTHER AQUATIC LIFE AND WILDLIFE",S,,,,2021-05-18,2022-11-03,,,,,
AK_R_2030218_002_001,"FRESHWATER / WATER SUPPLY / DRINKING, CULINARY, AND FOOD PROCESSING",S,,,,2021-05-18,2022-11-03,,,,,
AK_R_2030218_002_001,FRESHWATER / WATER RECREATION / CONTACT RECREATION,S,,,,2021-05-18,2022-11-03,,,,,
AK_R_2030218_002_001,FRESHWATER / WATER RECREATION / SECONDARY RECREATION,S,,,,2021-05-18,2022-11-03,,,,,
AK_R_2030218_002_001,FRESHWATER / WATER SUPPLY,S,,,,2021-05-18,2022-11-03,,,,,
AK_R_2030218_002_001,FRESHWATER / WATER SUPPLY / AQUACULTURE,S,,,,2021-05-18,2022-11-03,,,,,
AK_R_2030218_002_001,FRESHWATER STREAMS AND RIVERS / WATER SUPPLY,S,,,,2021-05-18,2022-11-03,,,,,
AK_R_2030218_002_001,FRESHWATER / WATER SUPPLY / INDUSTRIAL,S,,,,2021-05-18,2022-11-03,,,,,
AK_R_2030218_002_001,"FRESHWATER / WATER SUPPLY / AGRICULTURE, INCLUDING IRRIGATION AND STOCK WATERING",S,,,,2021-05-18,2022-11-03,,,,,
AK_R_2030218_002_002,"FRESHWATER / GROWTH AND PROPAGATION OF FISH, SHELLFISH, OTHER AQUATIC LIFE AND WILDLIFE",S,,,,2021-05-18,2022-11-03,,,,,
AK_R_2030218_002_002,"FRESHWATER / WATER SUPPLY / DRINKING, CULINARY, AND FOOD PROCESSING",S,,,,2021-05-18,2022-11-03,,,,,
AK_R_2030218_002_002,FRESHWATER / WATER RECREATION / CONTACT RECREATION,S,,,,2021-05-18,2022-11-03,,,,,
AK_R_2030218_002_002,FRESHWATER / WATER RECREATION / SECONDARY RECREATION,S,,,,2021-05-18,2022-11-03,,,,,
AK_R_2030218_002_002,FRESHWATER / WATER SUPPLY,S,,,,2021-05-18,2022-11-03,,,,,
AK_R_2030218_002_002,FRESHWATER / WATER SUPPLY / AQUACULTURE,S,,,,2021-05-18,2022-11-03,,,,,
AK_R_2030218_002_002,FRESHWATER STREAMS AND RIVERS / WATER SUPPLY,S,,,,2021-05-18,2022-11-03,,,,,
AK_R_2030218_002_002,FRESHWATER / WATER SUPPLY / INDUSTRIAL,S,,,,2021-05-18,2022-11-03,,,,,
AK_R_2030218_002_002,"FRESHWATER / WATER SUPPLY / AGRICULTURE, INCLUDING IRRIGATION AND STOCK WATERING",S,,,,2021-05-18,2022-11-03,,,,,
AK_R_2030218_006,"FRESHWATER / GROWTH AND PROPAGATION OF FISH, SHELLFISH, OTHER AQUATIC LIFE AND WILDLIFE",S,,,,2021-05-18,2021-08-30,,,,,
AK_R_2030218_006,FRESHWATER,S,,,,2021-05-18,2021-08-30,,,,,
AK_R_2030218_006,FRESHWATER / WATER RECREATION / CONTACT RECREATION,S,,,,2021-05-18,2021-08-30,,,,,
AK_R_2030218_006,FRESHWATER / WATER RECREATION / SECONDARY RECREATION,S,,,,2021-05-18,2021-08-30,,,,,
AK_R_2030218_006,FRESHWATER / WATER SUPPLY,S,,,,2021-05-18,2021-08-30,,,,,
AK_R_2030218_006,FRESHWATER STREAMS AND RIVERS / WATER SUPPLY,S,,,,2021-05-18,2021-08-30,,,,,
AK_R_2030218_007,"FRESHWATER / GROWTH AND PROPAGATION OF FISH, SHELLFISH, OTHER AQUATIC LIFE AND WILDLIFE",S,,,,2020-06-02,2022-09-13,,,,,
AK_R_2030218_007,"FRESHWATER / WATER SUPPLY / DRINKING, CULINARY, AND FOOD PROCESSING",S,,,,2020-06-02,2022-09-13,,,,,
AK_R_2030218_007,FRESHWATER,S,,,,2020-06-02,2022-09-13,,,,,
AK_R_2030218_007,FRESHWATER / WATER RECREATION / CONTACT RECREATION,S,,,,2020-06-02,2022-09-13,,,,,
AK_R_2030218_007,FRESHWATER / WATER RECREATION / SECONDARY RECREATION,S,,,,2020-06-02,2022-09-13,,,,,
AK_R_2030218_007,FRESHWATER / WATER SUPPLY,S,,,,2020-06-02,2022-09-13,,,,,
AK_R_2030218_007,FRESHWATER / WATER SUPPLY / AQUACULTURE,S,,,,2020-06-02,2022-09-13,,,,,
AK_R_2030218_007,FRESHWATER / WATER SUPPLY / INDUSTRIAL,S,,,,2020-06-02,2022-09-13,,,,,
AK_R_2030218_007,FRESHWATER STREAMS AND RIVERS / WATER SUPPLY,S,,,,2020-06-02,2022-09-13,,,,,
AK_R_2030218_007,"FRESHWATER / WATER SUPPLY / AGRICULTURE, INCLUDING IRRIGATION AND STOCK WATERING",S,,,,2020-06-02,2022-09-13,,,,,
AK_R_2040102_002,FRESHWATER / WATER RECREATION / CONTACT RECREATION,S,,,,2020-05-18,2021-05-25,,,,,
AK_R_2040102_002,FRESHWATER / WATER RECREATION / SECONDARY RECREATION,S,,,,2020-05-18,2021-05-25,,,,,
AK_R_2040102_002,FRESHWATER / WATER SUPPLY,S,,,,2020-05-18,2021-05-25,,,,,
AK_R_2040102_002,FRESHWATER / WATER SUPPLY / AQUACULTURE,S,,,,2020-05-18,2021-05-25,,,,,
AK_R_2040102_002,FRESHWATER / WATER SUPPLY / INDUSTRIAL,S,,,,2020-05-18,2021-05-25,,,,,
AK_R_2040103_003_004,FRESHWATER / WATER RECREATION / CONTACT RECREATION,S,,,,2020-05-18,2021-05-25,,,,,
AK_R_2040103_003_004,FRESHWATER / WATER RECREATION / SECONDARY RECREATION,S,,,,2020-05-18,2021-05-25,,,,,
AK_R_2040103_003_004,FRESHWATER / WATER SUPPLY,S,,,,2020-05-18,2021-05-25,,,,,
AK_R_2040103_003_004,FRESHWATER / WATER SUPPLY / AQUACULTURE,S,,,,2020-05-18,2021-05-25,,,,,
AK_R_2040103_003_004,FRESHWATER / WATER SUPPLY / INDUSTRIAL,S,,,,2020-05-18,2021-05-25,,,,,
AK_R_2040104_002_001,"FRESHWATER / GROWTH AND PROPAGATION OF FISH, SHELLFISH, OTHER AQUATIC LIFE AND WILDLIFE",S,,,,2020-06-10,2021-09-16,,,,,
AK_R_2040104_002_001,"FRESHWATER / WATER SUPPLY / DRINKING, CULINARY, AND FOOD PROCESSING",S,,,,2020-06-10,2021-09-16,,,,,
AK_R_2040104_002_001,FRESHWATER / WATER RECREATION / CONTACT RECREATION,S,,,,2020-06-10,2021-09-16,,,,,
AK_R_2040104_002_001,FRESHWATER / WATER RECREATION / SECONDARY RECREATION,S,,,,2020-06-10,2021-09-16,,,,,
AK_R_2040104_002_001,FRESHWATER / WATER SUPPLY,S,,,,2020-06-10,2021-09-16,,,,,
AK_R_2040104_002_001,FRESHWATER / WATER SUPPLY / AQUACULTURE,S,,,,2020-06-10,2021-09-16,,,,,
AK_R_2040104_002_001,FRESHWATER / WATER SUPPLY / INDUSTRIAL,S,,,,2020-06-10,2021-09-16,,,,,
AK_R_2040104_002_001,FRESHWATER STREAMS AND RIVERS / WATER SUPPLY,S,,,,2020-06-10,2021-09-16,,,,,
AK_R_2040104_002_001,"FRESHWATER / WATER SUPPLY / AGRICULTURE, INCLUDING IRRIGATION AND STOCK WATERING",S,,,,2020-06-10,2021-09-16,,,,,
AK_R_2040104_002_002,"FRESHWATER / GROWTH AND PROPAGATION OF FISH, SHELLFISH, OTHER AQUATIC LIFE AND WILDLIFE",S,,,,2020-06-04,2021-09-16,,,,,
AK_R_2040104_002_002,"FRESHWATER / WATER SUPPLY / DRINKING, CULINARY, AND FOOD PROCESSING",S,,,,2020-06-04,2021-09-16,,,,,
AK_R_2040104_002_002,FRESHWATER / WATER RECREATION / CONTACT RECREATION,S,,,,2020-06-04,2021-09-16,,,,,
AK_R_2040104_002_002,FRESHWATER / WATER RECREATION / SECONDARY RECREATION,S,,,,2020-06-04,2021-09-16,,,,,
AK_R_2040104_002_002,FRESHWATER / WATER SUPPLY,S,,,,2020-06-04,2021-09-16,,,,,
AK_R_2040104_002_002,FRESHWATER / WATER SUPPLY / AQUACULTURE,S,,,,2020-06-04,2021-09-16,,,,,
AK_R_2040104_002_002,FRESHWATER / WATER SUPPLY / INDUSTRIAL,S,,,,2020-06-04,2021-09-16,,,,,
AK_R_2040104_002_002,FRESHWATER STREAMS AND RIVERS / WATER SUPPLY,S,,,,2020-06-04,2021-09-16,,,,,
AK_R_2040104_002_002,"FRESHWATER / WATER SUPPLY / AGRICULTURE, INCLUDING IRRIGATION AND STOCK WATERING",S,,,,2020-06-04,2021-09-16,,,,,
AK_R_2040106_001,"FRESHWATER / GROWTH AND PROPAGATION OF FISH, SHELLFISH, OTHER AQUATIC LIFE AND WILDLIFE",S,,,,2020-05-19,2022-09-30,,,,,
AK_R_2040106_001,"FRESHWATER / WATER SUPPLY / DRINKING, CULINARY, AND FOOD PROCESSING",S,,,,2020-05-19,2022-09-30,,,,,
AK_R_2040106_001,FRESHWATER,S,,,,2020-05-19,2022-09-30,,,,,
AK_R_2040106_001,FRESHWATER / WATER RECREATION / CONTACT RECREATION,S,,,,2020-05-19,2022-09-30,,,,,
AK_R_2040106_001,FRESHWATER / WATER RECREATION / SECONDARY RECREATION,S,,,,2020-05-19,2022-09-30,,,,,
AK_R_2040106_001,FRESHWATER / WATER SUPPLY,S,,,,2020-05-19,2022-09-30,,,,,
AK_R_2040106_001,FRESHWATER / WATER SUPPLY / AQUACULTURE,S,,,,2020-05-19,2022-09-30,,,,,
AK_R_2040106_001,FRESHWATER / WATER SUPPLY / INDUSTRIAL,S,,,,2020-05-19,2022-09-30,,,,,
AK_R_2040106_001,FRESHWATER STREAMS AND RIVERS / WATER SUPPLY,S,,,,2020-05-19,2022-09-30,,,,,
AK_R_2040106_001,"FRESHWATER / WATER SUPPLY / AGRICULTURE, INCLUDING IRRIGATION AND STOCK WATERING",S,,,,2020-05-19,2022-09-30,,,,,
AK_R_2040106_004,"FRESHWATER / GROWTH AND PROPAGATION OF FISH, SHELLFISH, OTHER AQUATIC LIFE AND WILDLIFE",S,,,,2020-05-21,2021-09-16,,,,,
AK_R_2040106_004,"FRESHWATER / WATER SUPPLY / DRINKING, CULINARY, AND FOOD PROCESSING",S,,,,2020-05-21,2021-09-16,,,,,
AK_R_2040106_004,FRESHWATER / WATER RECREATION / CONTACT RECREATION,S,,,,2020-05-21,2021-09-16,,,,,
AK_R_2040106_004,FRESHWATER / WATER RECREATION / SECONDARY RECREATION,S,,,,2020-05-21,2021-09-16,,,,,
AK_R_2040106_004,FRESHWATER / WATER SUPPLY,S,,,,2020-05-21,2021-09-16,,,,,
AK_R_2040106_004,FRESHWATER / WATER SUPPLY / AQUACULTURE,S,,,,2020-05-21,2021-09-16,,,,,
AK_R_2040106_004,FRESHWATER / WATER SUPPLY / INDUSTRIAL,S,,,,2020-05-21,2021-09-16,,,,,
AK_R_2040106_004,FRESHWATER STREAMS AND RIVERS / WATER SUPPLY,S,,,,2020-05-21,2021-09-16,,,,,
AK_R_2040106_004,"FRESHWATER / WATER SUPPLY / AGRICULTURE, INCLUDING IRRIGATION AND STOCK WATERING",S,,,,2020-05-21,2021-09-16,,,,,
AK_R_2040106_005,FRESHWATER / WATER RECREATION / CONTACT RECREATION,S,,,,2020-05-20,2021-05-25,,,,,
AK_R_2040106_005,FRESHWATER / WATER RECREATION / SECONDARY RECREATION,S,,,,2020-05-20,2021-05-25,,,,,
AK_R_2040106_005,FRESHWATER / WATER SUPPLY,S,,,,2020-05-20,2021-05-25,,,,,
AK_R_2040106_005,FRESHWATER / WATER SUPPLY / AQUACULTURE,S,,,,2020-05-20,2021-05-25,,,,,
AK_R_2040106_005,FRESHWATER / WATER SUPPLY / INDUSTRIAL,S,,,,2020-05-20,2021-05-25,,,,,
AK_R_2040107_002,FRESHWATER / WATER RECREATION / SECONDARY RECREATION,S,,,,2020-05-20,2021-05-24,,,,,
AK_R_2040107_002,FRESHWATER / WATER SUPPLY,S,,,,2020-05-20,2021-05-24,,,,,
AK_R_2040107_002,FRESHWATER / WATER SUPPLY / AQUACULTURE,S,,,,2020-05-20,2021-05-24,,,,,
AK_R_2040107_002,FRESHWATER / WATER SUPPLY / INDUSTRIAL,S,,,,2020-05-20,2021-05-24,,,,,
AK_R_2040107_003_001,FRESHWATER / WATER RECREATION / SECONDARY RECREATION,S,,,,2020-05-20,2021-05-24,,,,,
AK_R_2040107_003_001,FRESHWATER / WATER SUPPLY,S,,,,2020-05-20,2021-05-24,,,,,
AK_R_2040107_003_001,FRESHWATER / WATER SUPPLY / AQUACULTURE,S,,,,2020-05-20,2021-05-24,,,,,
AK_R_2040107_003_001,FRESHWATER / WATER SUPPLY / INDUSTRIAL,S,,,,2020-05-20,2021-05-24,,,,,
AK_R_2040107_004,FRESHWATER / WATER RECREATION / CONTACT RECREATION,S,,,,2020-05-22,2021-05-24,,,,,
AK_R_2040107_004,FRESHWATER / WATER RECREATION / SECONDARY RECREATION,S,,,,2020-05-22,2021-05-24,,,,,
AK_R_2040107_004,FRESHWATER / WATER SUPPLY,S,,,,2020-05-22,2021-05-24,,,,,
AK_R_2040107_004,FRESHWATER / WATER SUPPLY / AQUACULTURE,S,,,,2020-05-22,2021-05-24,,,,,
AK_R_2040107_004,FRESHWATER / WATER SUPPLY / INDUSTRIAL,S,,,,2020-05-22,2021-05-24,,,,,
AK_R_2040107_005,FRESHWATER / WATER RECREATION / CONTACT RECREATION,S,,,,2020-05-22,2021-05-24,,,,,
AK_R_2040107_005,FRESHWATER / WATER RECREATION / SECONDARY RECREATION,S,,,,2020-05-22,2021-05-24,,,,,
AK_R_2040107_005,FRESHWATER / WATER SUPPLY,S,,,,2020-05-22,2021-05-24,,,,,
AK_R_2040107_005,FRESHWATER / WATER SUPPLY / AQUACULTURE,S,,,,2020-05-22,2021-05-24,,,,,
AK_R_2040107_005,FRESHWATER / WATER SUPPLY / INDUSTRIAL,S,,,,2020-05-22,2021-05-24,,,,,
AK_R_2040107_007,FRESHWATER / WATER RECREATION / SECONDARY RECREATION,S,,,,2020-05-22,2021-05-24,,,,,
AK_R_2040107_007,FRESHWATER / WATER SUPPLY,S,,,,2020-05-22,2021-05-24,,,,,
AK_R_2040107_007,FRESHWATER / WATER SUPPLY / AQUACULTURE,S,,,,2020-05-22,2021-05-24,,,,,
AK_R_2040107_007,FRESHWATER / WATER SUPPLY / INDUSTRIAL,S,,,,2020-05-22,2021-05-24,,,,,
AK_R_2040108_003,"FRESHWATER / GROWTH AND PROPAGATION OF FISH, SHELLFISH, OTHER AQUATIC LIFE AND WILDLIFE",S,,,,2020-05-18,2022-09-30,,,,,
AK_R_2040108_003,"FRESHWATER / WATER SUPPLY / DRINKING, CULINARY, AND FOOD PROCESSING",S,,,,2020-05-18,2022-09-30,,,,,
AK_R_2040108_003,FRESHWATER,S,,,,2020-05-18,2022-09-30,,,,,
AK_R_2040108_003,FRESHWATER / WATER RECREATION / CONTACT RECREATION,S,,,,2020-05-18,2022-09-30,,,,,
AK_R_2040108_003,FRESHWATER / WATER RECREATION / SECONDARY RECREATION,S,,,,2020-05-18,2022-09-30,,,,,
AK_R_2040108_003,FRESHWATER / WATER SUPPLY,S,,,,2020-05-18,2022-09-30,,,,,
AK_R_2040108_003,FRESHWATER / WATER SUPPLY / AQUACULTURE,S,,,,2020-05-18,2022-09-30,,,,,
AK_R_2040108_003,FRESHWATER / WATER SUPPLY / INDUSTRIAL,S,,,,2020-05-18,2022-09-30,,,,,
AK_R_2040108_003,FRESHWATER STREAMS AND RIVERS / WATER SUPPLY,S,,,,2020-05-18,2022-09-30,,,,,
AK_R_2040108_003,"FRESHWATER / WATER SUPPLY / AGRICULTURE, INCLUDING IRRIGATION AND STOCK WATERING",S,,,,2020-05-18,2022-09-30,,,,,
AK_R_2040108_009,FRESHWATER / WATER RECREATION / SECONDARY RECREATION,S,,,,2020-05-18,2021-05-25,,,,,
AK_R_2040108_009,FRESHWATER / WATER SUPPLY,S,,,,2020-05-18,2021-05-25,,,,,
AK_R_2040108_009,FRESHWATER / WATER SUPPLY / AQUACULTURE,S,,,,2020-05-18,2021-05-25,,,,,
AK_R_2040108_009,FRESHWATER / WATER SUPPLY / INDUSTRIAL,S,,,,2020-05-18,2021-05-25,,,,,
AK_R_2040108_022,"FRESHWATER / GROWTH AND PROPAGATION OF FISH, SHELLFISH, OTHER AQUATIC LIFE AND WILDLIFE",S,,,,2021-06-02,2022-09-29,,,,,
AK_R_2040108_022,"FRESHWATER / WATER SUPPLY / DRINKING, CULINARY, AND FOOD PROCESSING",S,,,,2021-06-02,2022-09-29,,,,,
AK_R_2040108_022,FRESHWATER,S,,,,2021-06-02,2022-09-29,,,,,
AK_R_2040108_022,FRESHWATER / WATER RECREATION / CONTACT RECREATION,S,,,,2021-06-02,2022-09-29,,,,,
AK_R_2040108_022,FRESHWATER / WATER RECREATION / SECONDARY RECREATION,S,,,,2021-06-02,2022-09-29,,,,,
AK_R_2040108_022,FRESHWATER / WATER SUPPLY,S,,,,2021-06-02,2022-09-29,,,,,
AK_R_2040108_022,FRESHWATER / WATER SUPPLY / AQUACULTURE,S,,,,2021-06-02,2022-09-29,,,,,
AK_R_2040108_022,FRESHWATER / WATER SUPPLY / INDUSTRIAL,S,,,,2021-06-02,2022-09-29,,,,,
AK_R_2040108_022,FRESHWATER STREAMS AND RIVERS / WATER SUPPLY,S,,,,2021-06-02,2022-09-29,,,,,
AK_R_2040108_022,"FRESHWATER / WATER SUPPLY / AGRICULTURE, INCLUDING IRRIGATION AND STOCK WATERING",S,,,,2021-06-02,2022-09-29,,,,,
AK_R_2050512_016_003,"FRESHWATER / GROWTH AND PROPAGATION OF FISH, SHELLFISH, OTHER AQUATIC LIFE AND WILDLIFE",S,,,,2019-08-09,2022-09-09,,,,,
AK_R_2050512_016_003,FRESHWATER / WATER RECREATION / CONTACT RECREATION,S,,,,2019-08-09,2022-09-09,,,,,
AK_R_2050512_016_003,FRESHWATER / WATER RECREATION / SECONDARY RECREATION,S,,,,2019-08-09,2022-09-09,,,,,
AK_R_2050512_016_003,FRESHWATER / WATER SUPPLY,S,,,,2019-08-09,2022-09-09,,,,,
AK_R_2050512_016_003,FRESHWATER / WATER SUPPLY / AQUACULTURE,S,,,,2019-08-09,2022-09-09,,,,,
AK_R_2050512_016_005,"FRESHWATER / GROWTH AND PROPAGATION OF FISH, SHELLFISH, OTHER AQUATIC LIFE AND WILDLIFE",S,,,,2020-05-27,2022-08-15,,,,,
AK_R_2050512_016_005,"FRESHWATER / WATER SUPPLY / DRINKING, CULINARY, AND FOOD PROCESSING",S,,,,2020-05-27,2022-08-15,,,,,
AK_R_2050512_016_005,FRESHWATER / WATER RECREATION / CONTACT RECREATION,S,,,,2020-05-27,2022-08-15,,,,,
AK_R_2050512_016_005,FRESHWATER / WATER RECREATION / SECONDARY RECREATION,S,,,,2020-05-27,2022-08-15,,,,,
AK_R_2050512_016_005,FRESHWATER / WATER SUPPLY,S,,,,2020-05-27,2022-08-15,,,,,
AK_R_2050512_016_005,FRESHWATER / WATER SUPPLY / AQUACULTURE,S,,,,2020-05-27,2022-08-15,,,,,
AK_R_2050512_016_005,FRESHWATER STREAMS AND RIVERS / WATER SUPPLY,S,,,,2020-05-27,2022-08-15,,,,,
AK_R_2050512_016_005,FRESHWATER / WATER SUPPLY / INDUSTRIAL,S,,,,2020-05-27,2022-08-15,,,,,
AK_R_2050512_016_005,"FRESHWATER / WATER SUPPLY / AGRICULTURE, INCLUDING IRRIGATION AND STOCK WATERING",S,,,,2020-05-27,2022-08-15,,,,,
AK_R_2050512_016_009,"FRESHWATER / GROWTH AND PROPAGATION OF FISH, SHELLFISH, OTHER AQUATIC LIFE AND WILDLIFE",S,,,,2020-05-27,2021-09-20,,,,,
AK_R_2050512_016_009,"FRESHWATER / WATER SUPPLY / DRINKING, CULINARY, AND FOOD PROCESSING",S,,,,2020-05-27,2021-09-20,,,,,
AK_R_2050512_016_009,FRESHWATER / WATER RECREATION / CONTACT RECREATION,S,,,,2020-05-27,2021-09-20,,,,,
AK_R_2050512_016_009,FRESHWATER / WATER RECREATION / SECONDARY RECREATION,S,,,,2020-05-27,2021-09-20,,,,,
AK_R_2050512_016_009,FRESHWATER / WATER SUPPLY,S,,,,2020-05-27,2021-09-20,,,,,
AK_R_2050512_016_009,FRESHWATER / WATER SUPPLY / AQUACULTURE,S,,,,2020-05-27,2021-09-20,,,,,
AK_R_2050512_016_009,FRESHWATER STREAMS AND RIVERS / WATER SUPPLY,S,,,,2020-05-27,2021-09-20,,,,,
AK_R_2050512_016_009,FRESHWATER / WATER SUPPLY / INDUSTRIAL,S,,,,2020-05-27,2021-09-20,,,,,
AK_R_2050512_016_009,"FRESHWATER / WATER SUPPLY / AGRICULTURE, INCLUDING IRRIGATION AND STOCK WATERING",S,,,,2020-05-27,2021-09-20,,,,,
AK_R_8030606_001,"FRESHWATER / GROWTH AND PROPAGATION OF FISH, SHELLFISH, OTHER AQUATIC LIFE AND WILDLIFE",S,,,,2020-06-16,2022-09-15,,,,,
AK_R_8030606_001,"FRESHWATER / WATER SUPPLY / DRINKING, CULINARY, AND FOOD PROCESSING",S,,,,2020-06-16,2022-09-15,,,,,
AK_R_8030606_001,FRESHWATER,S,,,,2020-06-16,2022-09-15,,,,,
AK_R_8030606_001,FRESHWATER / WATER RECREATION / CONTACT RECREATION,S,,,,2020-06-16,2022-09-15,,,,,
AK_R_8030606_001,FRESHWATER / WATER RECREATION / SECONDARY RECREATION,S,,,,2020-06-16,2022-09-15,,,,,
AK_R_8030606_001,FRESHWATER / WATER SUPPLY,S,,,,2020-06-16,2022-09-15,,,,,
AK_R_8030606_001,FRESHWATER / WATER SUPPLY / AQUACULTURE,S,,,,2020-06-16,2022-09-15,,,,,
AK_R_8030606_001,FRESHWATER / WATER SUPPLY / INDUSTRIAL,S,,,,2020-06-16,2022-09-15,,,,,
AK_R_8030606_001,FRESHWATER STREAMS AND RIVERS / WATER SUPPLY,S,,,,2020-06-16,2022-09-15,,,,,
AK_R_8030606_001,"FRESHWATER / WATER SUPPLY / AGRICULTURE, INCLUDING IRRIGATION AND STOCK WATERING",S,,,,2020-06-16,2022-09-15,,,,,
AK_R_8030609_003,"FRESHWATER / GROWTH AND PROPAGATION OF FISH, SHELLFISH, OTHER AQUATIC LIFE AND WILDLIFE",S,,,,2020-06-02,2022-09-15,,,,,
AK_R_8030609_003,"FRESHWATER / WATER SUPPLY / DRINKING, CULINARY, AND FOOD PROCESSING",S,,,,2020-06-02,2022-09-15,,,,,
AK_R_8030609_003,FRESHWATER,S,,,,2020-06-02,2022-09-15,,,,,
AK_R_8030609_003,FRESHWATER / WATER RECREATION / CONTACT RECREATION,S,,,,2020-06-02,2022-09-15,,,,,
AK_R_8030609_003,FRESHWATER / WATER RECREATION / SECONDARY RECREATION,S,,,,2020-06-02,2022-09-15,,,,,
AK_R_8030609_003,FRESHWATER / WATER SUPPLY,S,,,,2020-06-02,2022-09-15,,,,,
AK_R_8030609_003,FRESHWATER / WATER SUPPLY / AQUACULTURE,S,,,,2020-06-02,2022-09-15,,,,,
AK_R_8030609_003,FRESHWATER / WATER SUPPLY / INDUSTRIAL,S,,,,2020-06-02,2022-09-15,,,,,
AK_R_8030609_003,FRESHWATER STREAMS AND RIVERS / WATER SUPPLY,S,,,,2020-06-02,2022-09-15,,,,,
AK_R_8030609_003,"FRESHWATER / WATER SUPPLY / AGRICULTURE, INCLUDING IRRIGATION AND STOCK WATERING",S,,,,2020-06-02,2022-09-15,,,,,
AK_R_8030609_004_001,"FRESHWATER / GROWTH AND PROPAGATION OF FISH, SHELLFISH, OTHER AQUATIC LIFE AND WILDLIFE",S,,,,2018-06-13,2021-08-19,,,,,
AK_R_8030609_004_001,FRESHWATER / WATER RECREATION / CONTACT RECREATION,S,,,,2018-06-13,2021-08-19,,,,,
AK_R_8030609_004_001,FRESHWATER / WATER RECREATION / SECONDARY RECREATION,S,,,,2018-06-13,2021-08-19,,,,,
AK_R_8030609_004_001,FRESHWATER / WATER SUPPLY,S,,,,2018-06-13,2021-08-19,,,,,
AK_R_8030609_004_001,FRESHWATER / WATER SUPPLY / AQUACULTURE,S,,,,2018-06-13,2021-08-19,,,,,
AK_R_8030609_004_001,FRESHWATER / WATER SUPPLY / INDUSTRIAL,S,,,,2018-06-13,2021-08-19,,,,,
AK_R_8030609_004_001,FRESHWATER STREAMS AND RIVERS / WATER SUPPLY,S,,,,2018-06-13,2021-08-19,,,,,
AK_R_8030710_005,"FRESHWATER / GROWTH AND PROPAGATION OF FISH, SHELLFISH, OTHER AQUATIC LIFE AND WILDLIFE",S,,,,2019-05-13,2021-08-27,,,,,
AK_R_8030710_005,FRESHWATER / WATER RECREATION / CONTACT RECREATION,S,,,,2019-05-13,2021-08-27,,,,,
AK_R_8030710_005,FRESHWATER / WATER RECREATION / SECONDARY RECREATION,S,,,,2019-05-13,2021-08-27,,,,,
AK_R_8030710_005,FRESHWATER / WATER SUPPLY,S,,,,2019-05-13,2021-08-27,,,,,
AK_R_8040102_012_002,"FRESHWATER / GROWTH AND PROPAGATION OF FISH, SHELLFISH, OTHER AQUATIC LIFE AND WILDLIFE",S,,,,2018-05-23,2022-09-28,,,,,
AK_R_8040102_012_002,FRESHWATER / WATER RECREATION / CONTACT RECREATION,S,,,,2018-05-23,2022-09-28,,,,,
AK_R_8040102_012_002,FRESHWATER / WATER RECREATION / SECONDARY RECREATION,S,,,,2018-05-23,2022-09-28,,,,,
AK_R_8040102_012_002,FRESHWATER / WATER SUPPLY / AQUACULTURE,S,,,,2018-05-23,2022-09-28,,,,,
AK_R_8040102_012_002,FRESHWATER / WATER SUPPLY,S,,,,2018-05-23,2022-09-28,,,,,
AK_B_1021109_001,"MARINE / GROWTH AND PROPAGATION OF FISH, SHELLFISH, OTHER AQUATIC LIFE AND WILDLIFE",S,,,,2021-05-25,2022-09-08,,,,,
AK_B_1021109_001,MARINE / WATER RECREATION / CONTACT RECREATION,S,,,,2021-05-25,2022-09-08,,,,,
AK_B_1021109_001,MARINE / WATER RECREATION / SECONDARY RECREATION,S,,,,2021-05-25,2022-09-08,,,,,
AK_B_1021109_001,MARINE / WATER SUPPLY / AQUACULTURE,S,,,,2021-05-25,2022-09-08,,,,,
AK_B_1021109_001,MARINE / WATER SUPPLY / INDUSTRIAL,S,,,,2021-05-25,2022-09-08,,,,,
AK_B_1021109_001,MARINE / WATER SUPPLY / SEAFOOD PROCESSING,S,,,,2021-05-25,2022-09-08,,,,,
AK_B_1021109_003,"MARINE / GROWTH AND PROPAGATION OF FISH, SHELLFISH, OTHER AQUATIC LIFE AND WILDLIFE",S,,,,2021-05-25,2022-09-08,,,,,
AK_B_1021109_003,MARINE / WATER RECREATION / CONTACT RECREATION,S,,,,2021-05-25,2022-09-08,,,,,
AK_B_1021109_003,MARINE / WATER RECREATION / SECONDARY RECREATION,S,,,,2021-05-25,2022-09-08,,,,,
AK_B_1021109_003,MARINE / WATER SUPPLY / AQUACULTURE,S,,,,2021-05-25,2022-09-08,,,,,
AK_B_1021109_003,MARINE / WATER SUPPLY / INDUSTRIAL,S,,,,2021-05-25,2022-09-08,,,,,
AK_B_1021109_003,MARINE / WATER SUPPLY / SEAFOOD PROCESSING,S,,,,2021-05-25,2022-09-08,,,,,
AK_L_2030212_001,"FRESHWATER / GROWTH AND PROPAGATION OF FISH, SHELLFISH, OTHER AQUATIC LIFE AND WILDLIFE",S,,,,2021-05-19,2022-09-08,,,,,
AK_L_2030212_001,FRESHWATER,S,,,,2021-05-19,2022-09-08,,,,,
AK_L_2030212_001,FRESHWATER / WATER RECREATION / CONTACT RECREATION,S,,,,2021-05-19,2022-09-08,,,,,
AK_L_2030212_001,FRESHWATER / WATER RECREATION / SECONDARY RECREATION,S,,,,2021-05-19,2022-09-08,,,,,
AK_L_2030212_001,FRESHWATER / WATER SUPPLY,S,,,,2021-05-19,2022-09-08,,,,,
AK_M_1010207_001,"MARINE / GROWTH AND PROPAGATION OF FISH, SHELLFISH, OTHER AQUATIC LIFE AND WILDLIFE",S,,,,2020-09-24,2022-05-05,,,,,
AK_M_1010207_001,MARINE / WATER RECREATION / CONTACT RECREATION,S,,,,2020-09-24,2022-05-05,,,,,
AK_M_1010207_001,MARINE / WATER RECREATION / SECONDARY RECREATION,S,,,,2020-09-24,2022-05-05,,,,,
AK_M_1010207_001,MARINE / WATER SUPPLY,S,,,,2020-09-24,2022-05-05,,,,,
AK_M_1010207_008,"MARINE / GROWTH AND PROPAGATION OF FISH, SHELLFISH, OTHER AQUATIC LIFE AND WILDLIFE",S,,,,2021-04-21,2022-05-05,,,,,
AK_M_1010207_008,MARINE / WATER RECREATION / CONTACT RECREATION,S,,,,2021-04-21,2022-05-05,,,,,
AK_M_1010207_008,MARINE / WATER RECREATION / SECONDARY RECREATION,S,,,,2021-04-21,2022-05-05,,,,,
AK_M_1010207_008,MARINE / WATER SUPPLY,S,,,,2021-04-21,2022-05-05,,,,,
AK_M_1020401_005,"MARINE / GROWTH AND PROPAGATION OF FISH, SHELLFISH, OTHER AQUATIC LIFE AND WILDLIFE",S,,,,2021-05-05,2022-05-19,,,,,
AK_M_1020401_005,MARINE / WATER RECREATION / CONTACT RECREATION,S,,,,2021-05-05,2022-05-19,,,,,
AK_M_1020401_005,MARINE / WATER RECREATION / SECONDARY RECREATION,S,,,,2021-05-05,2022-05-19,,,,,
AK_M_1020401_005,MARINE / WATER SUPPLY,S,,,,2021-05-05,2022-05-19,,,,,
AK_M_1020612_003,"MARINE / GROWTH AND PROPAGATION OF FISH, SHELLFISH, OTHER AQUATIC LIFE AND WILDLIFE",S,,,,2020-09-20,2022-05-16,,,,,
AK_M_1020612_003,MARINE / WATER RECREATION / CONTACT RECREATION,S,,,,2020-09-20,2022-05-16,,,,,
AK_M_1020612_003,MARINE / WATER RECREATION / SECONDARY RECREATION,S,,,,2020-09-20,2022-05-16,,,,,
AK_M_1020612_003,MARINE / WATER SUPPLY,S,,,,2020-09-20,2022-05-16,,,,,
AK_M_1021008_007,"MARINE / GROWTH AND PROPAGATION OF FISH, SHELLFISH, OTHER AQUATIC LIFE AND WILDLIFE",S,,,,2021-05-12,2021-05-12,,,,,
AK_M_1021008_007,MARINE / WATER RECREATION / CONTACT RECREATION,S,,,,2021-05-12,2021-05-12,,,,,
AK_M_1021008_007,MARINE / WATER RECREATION / SECONDARY RECREATION,S,,,,2021-05-12,2021-05-12,,,,,
AK_M_1021008_007,MARINE / WATER SUPPLY,S,,,,2021-05-12,2021-05-12,,,,,
AK_M_1021012_001,"MARINE / GROWTH AND PROPAGATION OF FISH, SHELLFISH, OTHER AQUATIC LIFE AND WILDLIFE",S,,,,2020-09-19,2022-05-17,,,,,
AK_M_1021012_001,MARINE / WATER RECREATION / CONTACT RECREATION,S,,,,2020-09-19,2022-05-17,,,,,
AK_M_1021012_001,MARINE / WATER RECREATION / SECONDARY RECREATION,S,,,,2020-09-19,2022-05-17,,,,,
AK_M_1021012_001,MARINE / WATER SUPPLY,S,,,,2020-09-19,2022-05-17,,,,,
AK_M_1021109_002,"MARINE / GROWTH AND PROPAGATION OF FISH, SHELLFISH, OTHER AQUATIC LIFE AND WILDLIFE",S,,,,2020-07-07,2022-05-25,,,,,
AK_M_1021109_002,MARINE / WATER RECREATION / CONTACT RECREATION,S,,,,2020-07-07,2022-05-25,,,,,
AK_M_1021109_002,MARINE / WATER RECREATION / SECONDARY RECREATION,S,,,,2020-07-07,2022-05-25,,,,,
AK_M_1021109_002,MARINE / WATER SUPPLY / AQUACULTURE,S,,,,2020-07-07,2022-05-25,,,,,
AK_M_1021109_002,MARINE / WATER SUPPLY / INDUSTRIAL,S,,,,2020-07-07,2022-05-25,,,,,
AK_M_1021109_002,MARINE / WATER SUPPLY / SEAFOOD PROCESSING,S,,,,2020-07-07,2022-05-25,,,,,
AK_M_1021109_002,MARINE / WATER SUPPLY,S,,,,2020-07-07,2022-05-25,,,,,
AK_M_1021109_005,"MARINE / GROWTH AND PROPAGATION OF FISH, SHELLFISH, OTHER AQUATIC LIFE AND WILDLIFE",S,,,,2020-07-07,2022-05-25,,,,,
AK_M_1021109_005,MARINE / WATER RECREATION / CONTACT RECREATION,S,,,,2020-07-07,2022-05-25,,,,,
AK_M_1021109_005,MARINE / WATER RECREATION / SECONDARY RECREATION,S,,,,2020-07-07,2022-05-25,,,,,
AK_M_1021109_005,MARINE / WATER SUPPLY / AQUACULTURE,S,,,,2020-07-07,2022-05-25,,,,,
AK_M_1021109_005,MARINE / WATER SUPPLY / INDUSTRIAL,S,,,,2020-07-07,2022-05-25,,,,,
AK_M_1021109_005,MARINE / WATER SUPPLY / SEAFOOD PROCESSING,S,,,,2020-07-07,2022-05-25,,,,,
AK_M_1021109_005,MARINE / WATER SUPPLY,S,,,,2020-07-07,2022-05-25,,,,,
AK_M_1021201_001,"MARINE / GROWTH AND PROPAGATION OF FISH, SHELLFISH, OTHER AQUATIC LIFE AND WILDLIFE",S,,,,2021-05-12,2022-05-18,,,,,
AK_M_1021201_001,MARINE / WATER RECREATION / CONTACT RECREATION,S,,,,2021-05-12,2022-05-18,,,,,
AK_M_1021201_001,MARINE / WATER RECREATION / SECONDARY RECREATION,S,,,,2021-05-12,2022-05-18,,,,,
AK_M_1021201_001,MARINE / WATER SUPPLY,S,,,,2021-05-12,2022-05-18,,,,,
AK_M_1021211_007,"MARINE / GROWTH AND PROPAGATION OF FISH, SHELLFISH, OTHER AQUATIC LIFE AND WILDLIFE",S,,,,2020-07-06,2022-06-07,,,,,
AK_M_1021211_007,MARINE / WATER RECREATION / CONTACT RECREATION,S,,,,2020-07-06,2022-06-07,,,,,
AK_M_1021211_007,MARINE / WATER RECREATION / SECONDARY RECREATION,S,,,,2020-07-06,2022-06-07,,,,,
AK_M_1021211_007,MARINE / WATER SUPPLY / AQUACULTURE,S,,,,2020-07-06,2022-06-07,,,,,
AK_M_1021211_007,MARINE / WATER SUPPLY / INDUSTRIAL,S,,,,2020-07-06,2022-06-07,,,,,
AK_M_1021211_007,MARINE / WATER SUPPLY / SEAFOOD PROCESSING,S,,,,2020-07-06,2022-06-07,,,,,
AK_M_1021211_007,MARINE / WATER SUPPLY,S,,,,2020-07-06,2022-06-07,,,,,
AK_M_1021212_012,"MARINE / GROWTH AND PROPAGATION OF FISH, SHELLFISH, OTHER AQUATIC LIFE AND WILDLIFE",S,,,,2020-07-06,2022-06-07,,,,,
AK_M_1021212_012,MARINE / WATER RECREATION / CONTACT RECREATION,S,,,,2020-07-06,2022-06-07,,,,,
AK_M_1021212_012,MARINE / WATER RECREATION / SECONDARY RECREATION,S,,,,2020-07-06,2022-06-07,,,,,
AK_M_1021212_012,MARINE / WATER SUPPLY / AQUACULTURE,S,,,,2020-07-06,2022-06-07,,,,,
AK_M_1021212_012,MARINE / WATER SUPPLY / INDUSTRIAL,S,,,,2020-07-06,2022-06-07,,,,,
AK_M_1021212_012,MARINE / WATER SUPPLY / SEAFOOD PROCESSING,S,,,,2020-07-06,2022-06-07,,,,,
AK_M_1021212_012,MARINE / WATER SUPPLY,S,,,,2020-07-06,2022-06-07,,,,,
AK_M_1030106_001,"MARINE / GROWTH AND PROPAGATION OF FISH, SHELLFISH, OTHER AQUATIC LIFE AND WILDLIFE",S,,,,2020-07-02,2022-06-07,,,,,
AK_M_1030106_001,MARINE / WATER RECREATION / CONTACT RECREATION,S,,,,2020-07-02,2022-06-07,,,,,
AK_M_1030106_001,MARINE / WATER RECREATION / SECONDARY RECREATION,S,,,,2020-07-02,2022-06-07,,,,,
AK_M_1030106_001,MARINE / WATER SUPPLY / AQUACULTURE,S,,,,2020-07-02,2022-06-07,,,,,
AK_M_1030106_001,MARINE / WATER SUPPLY / INDUSTRIAL,S,,,,2020-07-02,2022-06-07,,,,,
AK_M_1030106_001,MARINE / WATER SUPPLY / SEAFOOD PROCESSING,S,,,,2020-07-02,2022-06-07,,,,,
AK_M_1030106_001,MARINE / WATER SUPPLY,S,,,,2020-07-02,2022-06-07,,,,,
AK_M_1030108_002,"MARINE / GROWTH AND PROPAGATION OF FISH, SHELLFISH, OTHER AQUATIC LIFE AND WILDLIFE",S,,,,2020-09-17,2022-05-19,,,,,
AK_M_1030108_002,MARINE / WATER RECREATION / CONTACT RECREATION,S,,,,2020-09-17,2022-05-19,,,,,
AK_M_1030108_002,MARINE / WATER RECREATION / SECONDARY RECREATION,S,,,,2020-09-17,2022-05-19,,,,,
AK_M_1030108_002,MARINE / WATER SUPPLY,S,,,,2020-09-17,2022-05-19,,,,,
AK_M_1030214_001,"MARINE / GROWTH AND PROPAGATION OF FISH, SHELLFISH, OTHER AQUATIC LIFE AND WILDLIFE",S,,,,2020-09-17,2022-05-19,,,,,
AK_M_1030214_001,MARINE / WATER RECREATION / CONTACT RECREATION,S,,,,2020-09-17,2022-05-19,,,,,
AK_M_1030214_001,MARINE / WATER RECREATION / SECONDARY RECREATION,S,,,,2020-09-17,2022-05-19,,,,,
AK_M_1030214_001,MARINE / WATER SUPPLY,S,,,,2020-09-17,2022-05-19,,,,,
AK_M_1030308_001,"MARINE / GROWTH AND PROPAGATION OF FISH, SHELLFISH, OTHER AQUATIC LIFE AND WILDLIFE",S,,,,2020-09-17,2022-05-16,,,,,
AK_M_1030308_001,MARINE / WATER RECREATION / CONTACT RECREATION,S,,,,2020-09-17,2022-05-16,,,,,
AK_M_1030308_001,MARINE / WATER RECREATION / SECONDARY RECREATION,S,,,,2020-09-17,2022-05-16,,,,,
AK_M_1030308_001,MARINE / WATER SUPPLY,S,,,,2020-09-17,2022-05-16,,,,,
AK_M_1030409_004,"MARINE / GROWTH AND PROPAGATION OF FISH, SHELLFISH, OTHER AQUATIC LIFE AND WILDLIFE",S,,,,2020-09-20,2022-05-16,,,,,
AK_M_1030409_004,MARINE / WATER RECREATION / CONTACT RECREATION,S,,,,2020-09-20,2022-05-16,,,,,
AK_M_1030409_004,MARINE / WATER RECREATION / SECONDARY RECREATION,S,,,,2020-09-20,2022-05-16,,,,,
AK_M_1030409_004,MARINE / WATER SUPPLY,S,,,,2020-09-20,2022-05-16,,,,,
AK_M_1050002_002,"MARINE / GROWTH AND PROPAGATION OF FISH, SHELLFISH, OTHER AQUATIC LIFE AND WILDLIFE",S,,,,2020-07-09,2022-06-01,,,,,
AK_M_1050002_002,MARINE / WATER RECREATION / CONTACT RECREATION,S,,,,2020-07-09,2022-06-01,,,,,
AK_M_1050002_002,MARINE / WATER RECREATION / SECONDARY RECREATION,S,,,,2020-07-09,2022-06-01,,,,,
AK_M_1050002_002,MARINE / WATER SUPPLY / AQUACULTURE,S,,,,2020-07-09,2022-06-01,,,,,
AK_M_1050002_002,MARINE / WATER SUPPLY / INDUSTRIAL,S,,,,2020-07-09,2022-06-01,,,,,
AK_M_1050002_002,MARINE / WATER SUPPLY / SEAFOOD PROCESSING,S,,,,2020-07-09,2022-06-01,,,,,
AK_M_1050002_002,MARINE / WATER SUPPLY,S,,,,2020-07-09,2022-06-01,,,,,
AK_M_1050005_001,"MARINE / GROWTH AND PROPAGATION OF FISH, SHELLFISH, OTHER AQUATIC LIFE AND WILDLIFE",S,,,,2021-04-20,2022-05-06,,,,,
AK_M_1050005_001,MARINE / WATER RECREATION / CONTACT RECREATION,S,,,,2021-04-20,2022-05-06,,,,,
AK_M_1050005_001,MARINE / WATER RECREATION / SECONDARY RECREATION,S,,,,2021-04-20,2022-05-06,,,,,
AK_M_1050005_001,MARINE / WATER SUPPLY,S,,,,2021-04-20,2022-05-06,,,,,
AK_M_1050006_004,"MARINE / GROWTH AND PROPAGATION OF FISH, SHELLFISH, OTHER AQUATIC LIFE AND WILDLIFE",S,,,,2021-05-06,2022-05-13,,,,,
AK_M_1050006_004,MARINE / WATER RECREATION / CONTACT RECREATION,S,,,,2021-05-06,2022-05-13,,,,,
AK_M_1050006_004,MARINE / WATER RECREATION / SECONDARY RECREATION,S,,,,2021-05-06,2022-05-13,,,,,
AK_M_1050006_004,MARINE / WATER SUPPLY,S,,,,2021-05-06,2022-05-13,,,,,
AK_M_1050011_007,"MARINE / GROWTH AND PROPAGATION OF FISH, SHELLFISH, OTHER AQUATIC LIFE AND WILDLIFE",S,,,,2021-05-12,2022-05-18,,,,,
AK_M_1050011_007,MARINE / WATER RECREATION / CONTACT RECREATION,S,,,,2021-05-12,2022-05-18,,,,,
AK_M_1050011_007,MARINE / WATER RECREATION / SECONDARY RECREATION,S,,,,2021-05-12,2022-05-18,,,,,
AK_M_1050011_007,MARINE / WATER SUPPLY,S,,,,2021-05-12,2022-05-18,,,,,
AK_M_2020205_001,"MARINE / GROWTH AND PROPAGATION OF FISH, SHELLFISH, OTHER AQUATIC LIFE AND WILDLIFE",S,,,,2020-07-09,2022-06-15,,,,,
AK_M_2020205_001,MARINE / WATER RECREATION / CONTACT RECREATION,S,,,,2020-07-09,2022-06-15,,,,,
AK_M_2020205_001,MARINE / WATER RECREATION / SECONDARY RECREATION,S,,,,2020-07-09,2022-06-15,,,,,
AK_M_2020205_001,MARINE / WATER SUPPLY / AQUACULTURE,S,,,,2020-07-09,2022-06-15,,,,,
AK_M_2020205_001,MARINE / WATER SUPPLY / INDUSTRIAL,S,,,,2020-07-09,2022-06-15,,,,,
AK_M_2020205_001,MARINE / WATER SUPPLY / SEAFOOD PROCESSING,S,,,,2020-07-09,2022-06-15,,,,,
AK_M_2020205_001,MARINE / WATER SUPPLY,S,,,,2020-07-09,2022-06-15,,,,,
AK_M_2020206_011,"MARINE / GROWTH AND PROPAGATION OF FISH, SHELLFISH, OTHER AQUATIC LIFE AND WILDLIFE",S,,,,2021-05-19,2022-06-05,,,,,
AK_M_2020206_011,MARINE / WATER RECREATION / CONTACT RECREATION,S,,,,2021-05-19,2022-06-05,,,,,
AK_M_2020206_011,MARINE / WATER RECREATION / SECONDARY RECREATION,S,,,,2021-05-19,2022-06-05,,,,,
AK_M_2020206_011,MARINE / WATER SUPPLY,S,,,,2021-05-19,2022-06-05,,,,,
AK_M_2020302_015,"MARINE / GROWTH AND PROPAGATION OF FISH, SHELLFISH, OTHER AQUATIC LIFE AND WILDLIFE",S,,,,2021-05-25,2022-08-03,,,,,
AK_M_2020302_015,MARINE / WATER RECREATION / CONTACT RECREATION,S,,,,2021-05-25,2022-08-03,,,,,
AK_M_2020302_015,MARINE / WATER RECREATION / SECONDARY RECREATION,S,,,,2021-05-25,2022-08-03,,,,,
AK_M_2020302_015,MARINE / WATER SUPPLY,S,,,,2021-05-25,2022-08-03,,,,,
AK_M_2070115_011,"MARINE / GROWTH AND PROPAGATION OF FISH, SHELLFISH, OTHER AQUATIC LIFE AND WILDLIFE",S,,,,2020-08-05,2022-07-12,,,,,
AK_M_2070115_011,MARINE / WATER RECREATION / CONTACT RECREATION,S,,,,2020-08-05,2022-07-12,,,,,
AK_M_2070115_011,MARINE / WATER RECREATION / SECONDARY RECREATION,S,,,,2020-08-05,2022-07-12,,,,,
AK_M_2070115_011,MARINE / WATER SUPPLY / AQUACULTURE,S,,,,2020-08-05,2022-07-12,,,,,
AK_M_2070115_011,MARINE / WATER SUPPLY / INDUSTRIAL,S,,,,2020-08-05,2022-07-12,,,,,
AK_M_2070115_011,MARINE / WATER SUPPLY / SEAFOOD PROCESSING,S,,,,2020-08-05,2022-07-12,,,,,
AK_M_2070115_011,MARINE / WATER SUPPLY,S,,,,2020-08-05,2022-07-12,,,,,
AK_M_2070115_016,"MARINE / GROWTH AND PROPAGATION OF FISH, SHELLFISH, OTHER AQUATIC LIFE AND WILDLIFE",S,,,,2020-08-05,2022-07-12,,,,,
AK_M_2070115_016,MARINE / WATER RECREATION / CONTACT RECREATION,S,,,,2020-08-05,2022-07-12,,,,,
AK_M_2070115_016,MARINE / WATER RECREATION / SECONDARY RECREATION,S,,,,2020-08-05,2022-07-12,,,,,
AK_M_2070115_016,MARINE / WATER SUPPLY / AQUACULTURE,S,,,,2020-08-05,2022-07-12,,,,,
AK_M_2070115_016,MARINE / WATER SUPPLY / INDUSTRIAL,S,,,,2020-08-05,2022-07-12,,,,,
AK_M_2070115_016,MARINE / WATER SUPPLY / SEAFOOD PROCESSING,S,,,,2020-08-05,2022-07-12,,,,,
AK_M_2070115_016,MARINE / WATER SUPPLY,S,,,,2020-08-05,2022-07-12,,,,,
AK_M_3010208_006,"MARINE / GROWTH AND PROPAGATION OF FISH, SHELLFISH, OTHER AQUATIC LIFE AND WILDLIFE",S,,,,2020-09-26,2022-06-28,,,,,
AK_M_3010208_006,MARINE / WATER RECREATION / CONTACT RECREATION,S,,,,2020-09-26,2022-06-28,,,,,
AK_M_3010208_006,MARINE / WATER RECREATION / SECONDARY RECREATION,S,,,,2020-09-26,2022-06-28,,,,,
AK_M_3010208_006,MARINE / WATER SUPPLY / AQUACULTURE,S,,,,2020-09-26,2022-06-28,,,,,
AK_M_3010208_006,MARINE / WATER SUPPLY / INDUSTRIAL,S,,,,2020-09-26,2022-06-28,,,,,
AK_M_3010208_006,MARINE / WATER SUPPLY / SEAFOOD PROCESSING,S,,,,2020-09-26,2022-06-28,,,,,
AK_M_3010208_006,MARINE / WATER SUPPLY,S,,,,2020-09-26,2022-06-28,,,,,
AK_M_5010416_001,"MARINE / GROWTH AND PROPAGATION OF FISH, SHELLFISH, OTHER AQUATIC LIFE AND WILDLIFE",S,,,,2020-08-27,2020-09-01,,,,,
AK_M_5010416_001,MARINE / WATER RECREATION / CONTACT RECREATION,S,,,,2020-08-27,2020-09-01,,,,,
AK_M_5010416_001,MARINE / WATER RECREATION / SECONDARY RECREATION,S,,,,2020-08-27,2020-09-01,,,,,
AK_M_5010416_001,MARINE / WATER SUPPLY,S,,,,2020-08-27,2020-09-01,,,,,
AK_M_5010417_001,"MARINE / GROWTH AND PROPAGATION OF FISH, SHELLFISH, OTHER AQUATIC LIFE AND WILDLIFE",S,,,,2020-08-27,2022-08-01,,,,,
AK_M_5010417_001,MARINE / WATER RECREATION / CONTACT RECREATION,S,,,,2020-08-27,2022-08-01,,,,,
AK_M_5010417_001,MARINE / WATER RECREATION / SECONDARY RECREATION,S,,,,2020-08-27,2022-08-01,,,,,
AK_M_5010417_001,MARINE / WATER SUPPLY / AQUACULTURE,S,,,,2020-08-27,2022-08-01,,,,,
AK_M_5010417_001,MARINE / WATER SUPPLY / INDUSTRIAL,S,,,,2020-08-27,2022-08-01,,,,,
AK_M_5010417_001,MARINE / WATER SUPPLY / SEAFOOD PROCESSING,S,,,,2020-08-27,2022-08-01,,,,,
AK_M_5010417_001,MARINE / WATER SUPPLY,S,,,,2020-08-27,2022-08-01,,,,,
AK_M_5010420_001,"MARINE / GROWTH AND PROPAGATION OF FISH, SHELLFISH, OTHER AQUATIC LIFE AND WILDLIFE",S,,,,2020-08-27,2022-08-01,,,,,
AK_M_5010420_001,MARINE / WATER RECREATION / CONTACT RECREATION,S,,,,2020-08-27,2022-08-01,,,,,
AK_M_5010420_001,MARINE / WATER RECREATION / SECONDARY RECREATION,S,,,,2020-08-27,2022-08-01,,,,,
AK_M_5010420_001,MARINE / WATER SUPPLY / AQUACULTURE,S,,,,2020-08-27,2022-08-01,,,,,
AK_M_5010420_001,MARINE / WATER SUPPLY / INDUSTRIAL,S,,,,2020-08-27,2022-08-01,,,,,
AK_M_5010420_001,MARINE / WATER SUPPLY / SEAFOOD PROCESSING,S,,,,2020-08-27,2022-08-01,,,,,
AK_M_5010420_001,MARINE / WATER SUPPLY,S,,,,2020-08-27,2022-08-01,,,,,
AK_M_6020201_004,"MARINE / GROWTH AND PROPAGATION OF FISH, SHELLFISH, OTHER AQUATIC LIFE AND WILDLIFE",S,,,,2021-08-24,2021-08-24,,,,,
AK_M_6020201_004,MARINE / WATER RECREATION / CONTACT RECREATION,S,,,,2021-08-24,2021-08-24,,,,,
AK_M_6020201_004,MARINE / WATER RECREATION / SECONDARY RECREATION,S,,,,2021-08-24,2021-08-24,,,,,
AK_M_6020201_004,MARINE / WATER SUPPLY,S,,,,2021-08-24,2021-08-24,,,,,
AK_R_2050512_016_002,"FRESHWATER / GROWTH AND PROPAGATION OF FISH, SHELLFISH, OTHER AQUATIC LIFE AND WILDLIFE",S,,,,2022-07-19,2022-09-09,,,,,
AK_R_2050512_016_002,FRESHWATER / WATER RECREATION / CONTACT RECREATION,S,,,,2022-07-19,2022-09-09,,,,,
AK_R_2050512_016_002,FRESHWATER / WATER RECREATION / SECONDARY RECREATION,S,,,,2022-07-19,2022-09-09,,,,,
AK_R_2050512_016_002,FRESHWATER / WATER SUPPLY,S,,,,2022-07-19,2022-09-09,,,,,
AK_R_3020311_001_002,"FRESHWATER / GROWTH AND PROPAGATION OF FISH, SHELLFISH, OTHER AQUATIC LIFE AND WILDLIFE",S,,,,2018-10-24,2018-10-24,,,,,
AK_R_3020311_001_002,FRESHWATER,S,,,,2018-10-24,2018-10-24,,,,,
AK_R_3020311_001_002,FRESHWATER / WATER SUPPLY,S,,,,2018-10-24,2018-10-24,,,,,
AK_R_9010501_004,"FRESHWATER / GROWTH AND PROPAGATION OF FISH, SHELLFISH, OTHER AQUATIC LIFE AND WILDLIFE",S,,,,2018-03-22,2019-09-09,,,,,
AK_R_9010501_004,"MARINE / GROWTH AND PROPAGATION OF FISH, SHELLFISH, OTHER AQUATIC LIFE AND WILDLIFE",S,,,,2018-03-22,2019-09-09,,,,,
AK_R_9010501_004,"FRESHWATER / WATER SUPPLY / DRINKING, CULINARY, AND FOOD PROCESSING",S,,,,2018-03-22,2019-09-09,,,,,
AK_R_9010501_004,FRESHWATER,S,,,,2018-03-22,2019-09-09,,,,,
AK_R_9010501_004,FRESHWATER / WATER RECREATION / CONTACT RECREATION,S,,,,2018-03-22,2019-09-09,,,,,
AK_R_9010501_004,FRESHWATER / WATER RECREATION / SECONDARY RECREATION,S,,,,2018-03-22,2019-09-09,,,,,
AK_R_9010501_004,FRESHWATER / WATER SUPPLY,S,,,,2018-03-22,2019-09-09,,,,,
AK_R_9010501_004,"FRESHWATER / WATER SUPPLY / AGRICULTURE, INCLUDING IRRIGATION AND STOCK WATERING",S,,,,2018-03-22,2019-09-09,,,,,
