Waterbody Type,Constituent Group,Constituent,TADA.Constituent,Fraction,Use,Use Description,Type,Minimum Assessment Period,Minimum number of data points,Other Requirements,Listing methodology,Notes,Min_Assess_Period_Yrs,Min_Num_Pts
Freshwater,Bacteria,E. coli,ESCHERICHIA COLI,,Primary Contact Recreation,,,2 years,10,"5 samples w/in 30 days, each year",Pathogens,,2,10
Freshwater,Bacteria,E. coli,ESCHERICHIA COLI,,Primary Contact Recreation,,,2 years,10,"5 samples w/in 30 days, each year",Pathogens,,2,10
Marine,Bacteria,Enterococci,ENTEROCOCCUS,,Primary Contact Recreation,,,2 years,10,"5 samples w/in 30 days, each year",Pathogens,,2,10
Marine,Bacteria,Enterococci,ENTEROCOCCUS,,Primary Contact Recreation,,,2 years,10,"5 samples w/in 30 days, each year",Pathogens,,2,10
Freshwater,Bacteria,Fecal Coliform,FECAL COLIFORM,,Secondary Contact Recreation,,,2 water years,10,"5 samples w/in 30 days, each year",Pathogens,,2,10
Freshwater,Bacteria,Fecal Coliform,FECAL COLIFORM,,Secondary Contact Recreation,,,2 years,10,"5 samples w/in 30 days, each year",Pathogens,,2,10
Freshwater,Bacteria,Fecal Coliform,FECAL COLIFORM,,Water Supply,"Drinking, Culinary, and Food Processing",,2 water years,10,"5 samples w/in 30 days, each year",Pathogens,,2,10
Freshwater,Bacteria,Fecal Coliform,FECAL COLIFORM,,Water Supply,"Drinking, Culinary, and Food Processing",,2 water years,10,"5 samples w/in 30 days, each year",Pathogens,,2,10
Freshwater,Bacteria,Fecal Coliform,FECAL COLIFORM,,Water Supply,"Agriculture, Including Irrigation and Stock Watering",,2 water years,10,"5 samples w/in 30 days, each year",Pathogens,,2,10
Freshwater,Bacteria,Fecal Coliform,FECAL COLIFORM,,Water Supply,Aquaculture,,2 water years,10,"5 samples w/in 30 days, each year",Pathogens,,2,10
Freshwater,Bacteria,Fecal Coliform,FECAL COLIFORM,,Water Supply,Industrial,,2 water years,10,"5 samples w/in 30 days, each year",Pathogens,,2,10
Freshwater,Bacteria,Fecal Coliform,FECAL COLIFORM,,Water Supply,"Agriculture, Including Irrigation and Stock Watering",,2 years,10,"5 samples w/in 30 days, each year",Pathogens,,2,10
Freshwater,Bacteria,Fecal Coliform,FECAL COLIFORM,,Water Supply,Aquaculture,,2 years,10,"5 samples w/in 30 days, each year",Pathogens,,2,10
Freshwater,Bacteria,Fecal Coliform,FECAL COLIFORM,,Water Supply,Industrial,,2 years,10,"5 samples w/in 30 days, each year",Pathogens,,2,10
Marine,Bacteria,Fecal Coliform,FECAL COLIFORM,,Aquatic Life,Harvesting for Consumption of Raw Mollusks or Other Raw Aquatic Life,,2 water years,20,,Pathogens,,2,20
Marine,Bacteria,Fecal Coliform,FECAL COLIFORM,,Secondary Contact Recreation,,,2 water years,10,"5 samples w/in 30 days, each year",Pathogens,,2,10
Marine,Bacteria,Fecal Coliform,FECAL COLIFORM,,Secondary Contact Recreation,,"15 samples 1st water year, 5 samples 2nd water year. Samples over 90-day period each water year.",2 years,10,"5 samples w/in 30 days, each year",Pathogens,,2,10
Marine,Bacteria,Fecal Coliform,FECAL COLIFORM,,Water Supply,Aquaculture,,2 water years,10,"5 samples w/in 30 days, each year",Pathogens,,2,10
Marine,Bacteria,Fecal Coliform,FECAL COLIFORM,,Water Supply,Aquaculture,,2 water years,10,"5 samples w/in 30 days, each year",Pathogens,,2,10
Marine,Bacteria,Fecal Coliform,FECAL COLIFORM,,Water Supply,Aquaculture,,2 years,10,"5 samples w/in 30 days, each year",Pathogens,,2,10
Marine,Bacteria,Fecal Coliform,FECAL COLIFORM,,Water Supply,Seafood Processing,,2 years,10,"5 samples w/in 30 days, each year",Pathogens,,2,10
Marine,Bacteria,Fecal Coliform,FECAL COLIFORM,,Water Supply,Industrial,,2 years,10,"5 samples w/in 30 days, each year",Pathogens,,2,10
Marine,Bacteria,Fecal Coliform,FECAL COLIFORM,,Water Supply,Aquaculture,,2 years,10,"5 samples w/in 30 days, each year",Pathogens,,2,10
Marine,Bacteria,Fecal Coliform,FECAL COLIFORM,,Water Supply,Seafood Processing,,2 years,10,"5 samples w/in 30 days, each year",Pathogens,,2,10
Marine,Bacteria,Fecal Coliform,FECAL COLIFORM,,Water Supply,Industrial,,2 years,10,"5 samples w/in 30 days, each year",Pathogens,,2,10
Freshwater,Conventional,Chloride,CHLORIDE,Dissolved,Water Supply,"Drinking, Culinary, and Food Processing",,2 years,10,"15 results required for existing impaired, to determine attainment",CALM,,2,10
Freshwater,Conventional,Color,COLOR,,Aquatic Life,"Growth and Propagation of Fish, Shellfish, Other Aquatic Life, and Wildlife",,2 years,10,"15 results required for existing impaired, to determine attainment",CALM,,2,10
Freshwater,Conventional,Color,COLOR,,Primary Contact Recreation,,,2 years,10,"15 results required for existing impaired, to determine attainment",CALM,,2,10
Freshwater,Conventional,Color,COLOR,,Water Supply,"Drinking, Culinary, and Food Processing",,2 years,10,"15 results required for existing impaired, to determine attainment",CALM,,2,10
Freshwater,Conventional,Color,COLOR,,Water Supply,Aquaculture,,2 years,10,"15 results required for existing impaired, to determine attainment",CALM,,2,10
Marine,Conventional,Color,COLOR,,Aquatic Life,"Growth and Propagation of Fish, Shellfish, Other Aquatic Life, and Wildlife",,2 years,10,"15 results required for existing impaired, to determine attainment",CALM,,2,10
Marine,Conventional,Color,COLOR,,Aquatic Life,Harvesting for Consumption of Raw Mollusks or Other Raw Aquatic Life,,2 years,10,"15 results required for existing impaired, to determine attainment",CALM,,2,10
Marine,Conventional,Color,COLOR,,Primary Contact Recreation,,,2 years,10,"15 results required for existing impaired, to determine attainment",CALM,,2,10
Marine,Conventional,Color,COLOR,,Water Supply,Seafood Processing,,2 years,10,"15 results required for existing impaired, to determine attainment",CALM,,2,10
Marine,Conventional,Color,COLOR,,Water Supply,Aquaculture,,2 years,10,"15 results required for existing impaired, to determine attainment",CALM,,2,10
Freshwater,Dissolved Gas,Dissolved Oxygen,DISSOLVED OXYGEN (DO),,Aquatic Life,,,2 years,10,"15 results required for existing impaired, to determine attainment",CALM,,2,10
Freshwater,Dissolved Gas,Dissolved Oxygen,DISSOLVED OXYGEN (DO),,Aquatic Life,"Growth and Propagation of Fish, Shellfish, Other Aquatic Life, and Wildlife",,2 years,10,"15 results required for existing impaired, to determine attainment",CALM,,2,10
Freshwater,Dissolved Gas,Dissolved Oxygen,DISSOLVED OXYGEN (DO),,Aquatic Life,"Growth and Propagation of Fish, Shellfish, Other Aquatic Life, and Wildlife",,2 years,10,"15 results required for existing impaired, to determine attainment",CALM,,2,10
Freshwater,Dissolved Gas,Dissolved Oxygen,DISSOLVED OXYGEN (DO),,Primary Contact Recreation,,,2 years,10,"15 results required for existing impaired, to determine attainment",CALM,,2,10
Freshwater,Dissolved Gas,Dissolved Oxygen,DISSOLVED OXYGEN (DO),,Water Supply,"Agriculture, Including Irrigation and Stock Watering",,2 years,10,"15 results required for existing impaired, to determine attainment",CALM,,2,10
Freshwater,Dissolved Gas,Dissolved Oxygen,DISSOLVED OXYGEN (DO),,Water Supply,Aquaculture,,2 years,10,"15 results required for existing impaired, to determine attainment",CALM,,2,10
Freshwater,Dissolved Gas,Dissolved Oxygen,DISSOLVED OXYGEN (DO),,Water Supply,Aquaculture,,2 years,10,"15 results required for existing impaired, to determine attainment",CALM,,2,10
Freshwater streams and rivers,Dissolved Gas,Dissolved Oxygen,DISSOLVED OXYGEN (DO),,Water Supply,"Drinking, Culinary, and Food Processing",,2 years,10,"15 results required for existing impaired, to determine attainment",CALM,,2,10
Marine,Dissolved Gas,Dissolved Oxygen,DISSOLVED OXYGEN (DO),,Aquatic Life,"Growth and Propagation of Fish, Shellfish, Other Aquatic Life, and Wildlife",,2 years,10,"15 results required for existing impaired, to determine attainment",CALM,,2,10
Marine,Dissolved Gas,Dissolved Oxygen,DISSOLVED OXYGEN (DO),,Aquatic Life,Harvesting for Consumption of Raw Mollusks or Other Raw Aquatic Life,,2 years,10,"15 results required for existing impaired, to determine attainment",CALM,,2,10
Marine,Dissolved Gas,Dissolved Oxygen,DISSOLVED OXYGEN (DO),,Aquatic Life,"Growth and Propagation of Fish, Shellfish, Other Aquatic Life, and Wildlife",,2 years,10,"15 results required for existing impaired, to determine attainment",CALM,,2,10
Marine,Dissolved Gas,Dissolved Oxygen,DISSOLVED OXYGEN (DO),,Aquatic Life,Harvesting for Consumption of Raw Mollusks or Other Raw Aquatic Life,,2 years,10,"15 results required for existing impaired, to determine attainment",CALM,,2,10
Marine,Dissolved Gas,Dissolved Oxygen,DISSOLVED OXYGEN (DO),,Aquatic Life,"Growth and Propagation of Fish, Shellfish, Other Aquatic Life, and Wildlife",,2 years,10,"15 results required for existing impaired, to determine attainment",CALM,,2,10
Marine,Dissolved Gas,Dissolved Oxygen,DISSOLVED OXYGEN (DO),,Aquatic Life,Harvesting for Consumption of Raw Mollusks or Other Raw Aquatic Life,,2 years,10,"15 results required for existing impaired, to determine attainment",CALM,,2,10
Marine,Dissolved Gas,Dissolved Oxygen,DISSOLVED OXYGEN (DO),,Aquatic Life,"Growth and Propagation of Fish, Shellfish, Other Aquatic Life, and Wildlife",,2 years,10,"15 results required for existing impaired, to determine attainment",CALM,,2,10
Marine,Dissolved Gas,Dissolved Oxygen,DISSOLVED OXYGEN (DO),,Aquatic Life,Harvesting for Consumption of Raw Mollusks or Other Raw Aquatic Life,,2 years,10,"15 results required for existing impaired, to determine attainment",CALM,,2,10
Marine,Dissolved Gas,Dissolved Oxygen,DISSOLVED OXYGEN (DO),,Aquatic Life,"Growth and Propagation of Fish, Shellfish, Other Aquatic Life, and Wildlife",,2 years,10,"15 results required for existing impaired, to determine attainment",CALM,,2,10
Marine,Dissolved Gas,Dissolved Oxygen,DISSOLVED OXYGEN (DO),,Aquatic Life,Harvesting for Consumption of Raw Mollusks or Other Raw Aquatic Life,,2 years,10,"15 results required for existing impaired, to determine attainment",CALM,,2,10
Marine,Dissolved Gas,Dissolved Oxygen,DISSOLVED OXYGEN (DO),,Primary Contact Recreation,,,2 years,10,"15 results required for existing impaired, to determine attainment",CALM,,2,10
Marine,Dissolved Gas,Dissolved Oxygen,DISSOLVED OXYGEN (DO),,Primary Contact Recreation,,,2 years,10,"15 results required for existing impaired, to determine attainment",CALM,,2,10
Marine,Dissolved Gas,Dissolved Oxygen,DISSOLVED OXYGEN (DO),,Primary Contact Recreation,,,2 years,10,"15 results required for existing impaired, to determine attainment",CALM,,2,10
Marine,Dissolved Gas,Dissolved Oxygen,DISSOLVED OXYGEN (DO),,Primary Contact Recreation,,,2 years,10,"15 results required for existing impaired, to determine attainment",CALM,,2,10
Marine,Dissolved Gas,Dissolved Oxygen,DISSOLVED OXYGEN (DO),,Primary Contact Recreation,,,2 years,10,"15 results required for existing impaired, to determine attainment",CALM,,2,10
Marine,Dissolved Gas,Dissolved Oxygen,DISSOLVED OXYGEN (DO),,Secondary Contact Recreation,,,2 years,10,"15 results required for existing impaired, to determine attainment",CALM,,2,10
Marine,Dissolved Gas,Dissolved Oxygen,DISSOLVED OXYGEN (DO),,Secondary Contact Recreation,,,2 years,10,"15 results required for existing impaired, to determine attainment",CALM,,2,10
Marine,Dissolved Gas,Dissolved Oxygen,DISSOLVED OXYGEN (DO),,Secondary Contact Recreation,,,2 years,10,"15 results required for existing impaired, to determine attainment",CALM,,2,10
Marine,Dissolved Gas,Dissolved Oxygen,DISSOLVED OXYGEN (DO),,Secondary Contact Recreation,,,2 years,10,"15 results required for existing impaired, to determine attainment",CALM,,2,10
Marine,Dissolved Gas,Dissolved Oxygen,DISSOLVED OXYGEN (DO),,Secondary Contact Recreation,,,2 years,10,"15 results required for existing impaired, to determine attainment",CALM,,2,10
Marine,Dissolved Gas,Dissolved Oxygen,DISSOLVED OXYGEN (DO),,Water Supply,Aquaculture,,2 years,10,"15 results required for existing impaired, to determine attainment",CALM,,2,10
Marine,Dissolved Gas,Dissolved Oxygen,DISSOLVED OXYGEN (DO),,Water Supply,Aquaculture,,2 years,10,"15 results required for existing impaired, to determine attainment",CALM,,2,10
Marine,Dissolved Gas,Dissolved Oxygen,DISSOLVED OXYGEN (DO),,Water Supply,Aquaculture,,2 years,10,"15 results required for existing impaired, to determine attainment",CALM,,2,10
Marine,Dissolved Gas,Dissolved Oxygen,DISSOLVED OXYGEN (DO),,Water Supply,Aquaculture,,2 years,10,"15 results required for existing impaired, to determine attainment",CALM,,2,10
Marine,Dissolved Gas,Dissolved Oxygen,DISSOLVED OXYGEN (DO),,Water Supply,Aquaculture,,2 years,10,"15 results required for existing impaired, to determine attainment",CALM,,2,10
Freshwater,Dissolved Inorganic Substances,Chloride,CHLORIDE,Dissolved,Water Supply,"Drinking, Culinary, and Food Processing",,2 years,10,"15 results required for existing impaired, to determine attainment",CALM,,2,10
Freshwater,Dissolved Inorganic Substances,Sulfate,SULFATE,,Water Supply,"Drinking, Culinary, and Food Processing",,2 years,10,"15 results required for existing impaired, to determine attainment",CALM,,2,10
Freshwater,Dissolved Inorganic Substances,Total Dissolved Solids,TOTAL DISSOLVED SOLIDS,,Aquatic Life,"Growth and Propagation of Fish, Shellfish, Other Aquatic Life, and Wildlife",,2 years,10,"15 results required for existing impaired, to determine attainment",CALM,,2,10
Freshwater,Dissolved Inorganic Substances,Total Dissolved Solids,TOTAL DISSOLVED SOLIDS,,Water Supply,"Drinking, Culinary, and Food Processing",,2 years,10,"15 results required for existing impaired, to determine attainment",CALM,,2,10
Freshwater,Dissolved Inorganic Substances,Total Dissolved Solids,TOTAL DISSOLVED SOLIDS,,Water Supply,"Agriculture, Including Irrigation and Stock Watering",,2 years,10,"15 results required for existing impaired, to determine attainment",CALM,,2,10
Freshwater,Dissolved Inorganic Substances,Total Dissolved Solids,TOTAL DISSOLVED SOLIDS,,Water Supply,Aquaculture,,2 years,10,"15 results required for existing impaired, to determine attainment",CALM,,2,10
Freshwater,pH,pH,PH,,Aquatic Life,"Growth and Propagation of Fish, Shellfish, Other Aquatic Life, and Wildlife",,2 years,10,"15 results required for existing impaired, to determine attainment",CALM,,2,10
Freshwater,pH,pH,PH,,Aquatic Life,"Growth and Propagation of Fish, Shellfish, Other Aquatic Life, and Wildlife",,2 years,10,"15 results required for existing impaired, to determine attainment",CALM,,2,10
Freshwater,pH,pH,PH,,Primary Contact Recreation,,,2 years,10,"15 results required for existing impaired, to determine attainment",CALM,,2,10
Freshwater,pH,pH,PH,,Primary Contact Recreation,,,2 years,10,"15 results required for existing impaired, to determine attainment",CALM,,2,10
Freshwater,pH,pH,PH,,Secondary Contact Recreation,,,2 years,10,"15 results required for existing impaired, to determine attainment",CALM,,2,10
Freshwater,pH,pH,PH,,Secondary Contact Recreation,,,2 years,10,"15 results required for existing impaired, to determine attainment",CALM,,2,10
Freshwater,pH,pH,PH,,Water Supply,"Agriculture, Including Irrigation and Stock Watering",,2 years,10,"15 results required for existing impaired, to determine attainment",CALM,,2,10
Freshwater,pH,pH,PH,,Water Supply,Aquaculture,,2 years,10,"15 results required for existing impaired, to determine attainment",CALM,,2,10
Freshwater,pH,pH,PH,,Water Supply,"Drinking, Culinary, and Food Processing",,2 years,10,"15 results required for existing impaired, to determine attainment",CALM,,2,10
Freshwater,pH,pH,PH,,Water Supply,Industrial,,2 years,10,"15 results required for existing impaired, to determine attainment",CALM,,2,10
Freshwater,pH,pH,PH,,Water Supply,"Agriculture, Including Irrigation and Stock Watering",,2 years,10,"15 results required for existing impaired, to determine attainment",CALM,,2,10
Freshwater,pH,pH,PH,,Water Supply,Aquaculture,,2 years,10,"15 results required for existing impaired, to determine attainment",CALM,,2,10
Freshwater,pH,pH,PH,,Water Supply,"Drinking, Culinary, and Food Processing",,2 years,10,"15 results required for existing impaired, to determine attainment",CALM,,2,10
Freshwater,pH,pH,PH,,Water Supply,Industrial,,2 years,10,"15 results required for existing impaired, to determine attainment",CALM,,2,10
Marine,pH,pH,PH,,Aquatic Life,Harvesting for Consumption of Raw Mollusks or Other Raw Aquatic Life,,2 years,10,"15 results required for existing impaired, to determine attainment",CALM,,2,10
Marine,pH,pH,PH,,Aquatic Life,"Growth and Propagation of Fish, Shellfish, Other Aquatic Life, and Wildlife",,2 years,10,"15 results required for existing impaired, to determine attainment",CALM,,2,10
Marine,pH,pH,PH,,Aquatic Life,Harvesting for Consumption of Raw Mollusks or Other Raw Aquatic Life,,2 years,10,"15 results required for existing impaired, to determine attainment",CALM,,2,10
Marine,pH,pH,PH,,Aquatic Life,"Growth and Propagation of Fish, Shellfish, Other Aquatic Life, and Wildlife",,2 years,10,"15 results required for existing impaired, to determine attainment",CALM,,2,10
Marine,pH,pH,PH,,Primary Contact Recreation,,,2 years,10,"15 results required for existing impaired, to determine attainment",CALM,,2,10
Marine,pH,pH,PH,,Primary Contact Recreation,,,2 years,10,"15 results required for existing impaired, to determine attainment",CALM,,2,10
Marine,pH,pH,PH,,Secondary Contact Recreation,,,2 years,10,"15 results required for existing impaired, to determine attainment",CALM,,2,10
Marine,pH,pH,PH,,Secondary Contact Recreation,,,2 years,10,"15 results required for existing impaired, to determine attainment",CALM,,2,10
Marine,pH,pH,PH,,Water Supply,Aquaculture,,2 years,10,"15 results required for existing impaired, to determine attainment",CALM,,2,10
Marine,pH,pH,PH,,Water Supply,Industrial,,2 years,10,"15 results required for existing impaired, to determine attainment",CALM,,2,10
Marine,pH,pH,PH,,Water Supply,Seafood Processing,,2 years,10,"15 results required for existing impaired, to determine attainment",CALM,,2,10
Marine,pH,pH,PH,,Water Supply,Aquaculture,,2 years,10,"15 results required for existing impaired, to determine attainment",CALM,,2,10
Marine,pH,pH,PH,,Water Supply,Industrial,,2 years,10,"15 results required for existing impaired, to determine attainment",CALM,,2,10
Marine,pH,pH,PH,,Water Supply,Seafood Processing,,2 years,10,"15 results required for existing impaired, to determine attainment",CALM,,2,10
Freshwater,Sediment,Sediment  ,SEDIMENT,,Aquatic Life,"Growth and Propagation of Fish, Shellfish, Other Aquatic Life, and Wildlife",,2 years,10,"15 results required for existing impaired, to determine attainment",CALM,,2,10
Freshwater,Sediment,Sediment  ,SEDIMENT,,Water Supply,"Agriculture, Including Irrigation and Stock Watering",,2 years,10,"15 results required for existing impaired, to determine attainment",CALM,,2,10
Freshwater,Sediment,Sediment  ,SEDIMENT,,Water Supply,"Agriculture, Including Irrigation and Stock Watering",,2 years,10,"15 results required for existing impaired, to determine attainment",CALM,,2,10
Freshwater,Temperature,Temperature,"TEMPERATURE, WATER",,Aquatic Life,"Growth and Propagation of Fish, Shellfish, Other Aquatic Life, and Wildlife",,,,,None,,,
Freshwater,Temperature,Temperature,"TEMPERATURE, WATER",,Aquatic Life,"Growth and Propagation of Fish, Shellfish, Other Aquatic Life, and Wildlife",,,,,None,,,
Freshwater,Temperature,Temperature,"TEMPERATURE, WATER",,Aquatic Life,"Growth and Propagation of Fish, Shellfish, Other Aquatic Life, and Wildlife",,,,,None,,,
Freshwater,Temperature,Temperature,"TEMPERATURE, WATER",,Aquatic Life,"Growth and Propagation of Fish, Shellfish, Other Aquatic Life, and Wildlife",,,,,None,,,
Freshwater,Temperature,Temperature,"TEMPERATURE, WATER",,Aquatic Life,"Growth and Propagation of Fish, Shellfish, Other Aquatic Life, and Wildlife",,,,,None,,,
Freshwater,Temperature,Temperature,"TEMPERATURE, WATER",,Primary Contact Recreation,,,,,,None,,,
Freshwater,Temperature,Temperature,"TEMPERATURE, WATER",,Water Supply,Aquaculture,,,,,None,,,
Freshwater,Temperature,Temperature,"TEMPERATURE, WATER",,Water Supply,Aquaculture,,,,,None,,,
Freshwater,Temperature,Temperature,"TEMPERATURE, WATER",,Water Supply,"Drinking, Culinary, and Food Processing",,,,,None,,,
Freshwater,Temperature,Temperature,"TEMPERATURE, WATER",,Water Supply,Aquaculture,,,,,None,,,
Freshwater,Temperature,Temperature,"TEMPERATURE, WATER",,Water Supply,Aquaculture,,,,,None,,,
Freshwater,Temperature,Temperature,"TEMPERATURE, WATER",,Water Supply,Aquaculture,,,,,None,,,
Freshwater,Temperature,Temperature,"TEMPERATURE, WATER",,Water Supply,Industrial,,,,,None,,,
Freshwater,Temperature,Temperature,"TEMPERATURE, WATER",,Water Supply,"Agriculture, Including Irrigation and Stock Watering",,,,,None,,,
Marine,Temperature,Temperature,"TEMPERATURE, WATER",,Water Supply,Seafood Processing,,,,,None,,,
Marine,Temperature,Temperature,"TEMPERATURE, WATER",,Water Supply,Industrial,,,,,None,,,
Freshwater,Toxics,Alkalinity,ALKALINITY,Total,Aquatic Life,,Chronic,2 years,10,,CALM,,2,10
Freshwater,Toxics,Alkalinity,ALKALINITY,Total,Aquatic Life,,Chronic,2 years,18,"18 results required for existing impaired, to determine attainment",CALM,,2,18
Freshwater,Toxics,Aluminum,ALUMINUM,Total Recoverable  ,Aquatic Life,,Chronic,2 years,10,,CALM,,2,10
Freshwater,Toxics,Aluminum,ALUMINUM,Total Recoverable  ,Aquatic Life,,Acute,2 years,5,"15 results required for existing impaired, to determine attainment",CALM,,2,5
Freshwater,Toxics,Aluminum,ALUMINUM,Total Recoverable  ,Aquatic Life,,Chronic,2 years,18,"18 results required for existing impaired, to determine attainment",CALM,,2,18
Freshwater,Toxics,Aluminum,ALUMINUM,Total Recoverable  ,Water Supply,"Agriculture, Including Irrigation and Stock Watering",,2 years,10,"15 results required for existing impaired, to determine attainment",CALM,,2,10
Freshwater,Toxics,Ammonia,AMMONIA,Total,Aquatic Life,,Chronic,2 years,10,,CALM,,2,10
Freshwater,Toxics,Ammonia,AMMONIA,Total,Aquatic Life,,Acute,2 years,5,"15 results required for existing impaired, to determine attainment",CALM,,2,5
Freshwater,Toxics,Ammonia,AMMONIA,Total,Aquatic Life,,Chronic,2 years,18,"18 results required for existing impaired, to determine attainment",CALM,,2,18
Marine,Toxics,Ammonia,AMMONIA,Total,Aquatic Life,,Acute,2 years,5,"15 results required for existing impaired, to determine attainment",CALM,,2,5
Marine,Toxics,Ammonia,AMMONIA,Total,Aquatic Life,,Chronic,2 years,10,,CALM,,2,10
Marine,Toxics,Ammonia,AMMONIA,Total,Aquatic Life,,Chronic,2 years,18,"18 results required for existing impaired, to determine attainment",CALM,,2,18
Marine,Toxics,"Ammonia, un-ionized",AMMONIA,Dissolved,Aquatic Life,,Chronic,2 years,10,,CALM,,2,10
Marine,Toxics,"Ammonia, un-ionized",AMMONIA,Dissolved,Aquatic Life,,Acute,2 years,5,"15 results required for existing impaired, to determine attainment",CALM,,2,5
Marine,Toxics,"Ammonia, un-ionized",AMMONIA,Dissolved,Aquatic Life,,Chronic,2 years,18,"18 results required for existing impaired, to determine attainment",CALM,,2,18
Freshwater,Toxics,Antimony,ANTIMONY,Dissolved,Human Health,Water and Aquatic Organisms,,2 years,10,"15 results required for existing impaired, to determine attainment",CALM,,2,10
Freshwater,Toxics,Antimony,ANTIMONY,Dissolved,Human Health,Aquatic Organisms Only,,2 years,10,"15 results required for existing impaired, to determine attainment",CALM,,2,10
Freshwater,Toxics,Antimony,ANTIMONY,Dissolved,Water Supply,"Drinking, Culinary, and Food Processing",,2 years,10,"15 results required for existing impaired, to determine attainment",CALM,,2,10
Freshwater,Toxics,Arsenic ,ARSENIC,Dissolved,Aquatic Life,,Chronic,2 years,10,,CALM,,2,10
Freshwater,Toxics,Arsenic ,ARSENIC,Dissolved,Aquatic Life,,Acute,2 years,5,"15 results required for existing impaired, to determine attainment",CALM,,2,5
Freshwater,Toxics,Arsenic ,ARSENIC,Dissolved,Aquatic Life,,Chronic,2 years,18,"18 results required for existing impaired, to determine attainment",CALM,,2,18
Freshwater,Toxics,Arsenic ,ARSENIC,Dissolved,Water Supply,"Drinking, Culinary, and Food Processing",,2 years,10,"15 results required for existing impaired, to determine attainment",CALM,,2,10
Freshwater,Toxics,Arsenic ,ARSENIC,Dissolved,Water Supply,Stock Watering,,2 years,10,"15 results required for existing impaired, to determine attainment",CALM,,2,10
Freshwater,Toxics,Arsenic ,ARSENIC,Dissolved,Water Supply,Irrigation,,2 years,10,"15 results required for existing impaired, to determine attainment",CALM,,2,10
Marine,Toxics,Arsenic ,ARSENIC,Dissolved,Aquatic Life,,Chronic,2 years,10,,CALM,,2,10
Marine,Toxics,Arsenic ,ARSENIC,Dissolved,Aquatic Life,,Acute,2 years,5,"15 results required for existing impaired, to determine attainment",CALM,,2,5
Marine,Toxics,Arsenic ,ARSENIC,Dissolved,Aquatic Life,,Chronic,2 years,18,"18 results required for existing impaired, to determine attainment",CALM,,2,18
Freshwater,Toxics,Barium ,BARIUM,Dissolved,Water Supply,"Drinking, Culinary, and Food Processing",,2 years,10,"15 results required for existing impaired, to determine attainment",CALM,,2,10
Freshwater,Toxics,Benzene,BENZENE,,Water Supply,"Drinking, Culinary, and Food Processing",,2 years,10,"15 results required for existing impaired, to determine attainment",CALM,,2,10
Freshwater,Toxics,Beryllium,BERYLLIUM,Dissolved,Water Supply,"Drinking, Culinary, and Food Processing",,2 years,10,"15 results required for existing impaired, to determine attainment",CALM,,2,10
Freshwater,Toxics,Beryllium,BERYLLIUM,Dissolved,Water Supply,Irrigation,,2 years,10,"15 results required for existing impaired, to determine attainment",CALM,,2,10
Freshwater,Toxics,Boron ,BORON,Dissolved,Water Supply,Irrigation,,2 years,10,"15 results required for existing impaired, to determine attainment",CALM,,2,10
Freshwater,Toxics,Cadmium ,CADMIUM,Dissolved,Aquatic Life,,Chronic,2 years,10,,CALM,,2,10
Freshwater,Toxics,Cadmium ,CADMIUM,Dissolved,Aquatic Life,,Acute,2 years,5,"15 results required for existing impaired, to determine attainment",CALM,,2,5
Freshwater,Toxics,Cadmium ,CADMIUM,Dissolved,Aquatic Life,,Chronic,2 years,18,"18 results required for existing impaired, to determine attainment",CALM,,2,18
Freshwater,Toxics,Cadmium ,CADMIUM,Dissolved,Water Supply,"Drinking, Culinary, and Food Processing",,2 years,10,"15 results required for existing impaired, to determine attainment",CALM,,2,10
Freshwater,Toxics,Cadmium ,CADMIUM,Dissolved,Water Supply,Stock Watering,,2 years,10,"15 results required for existing impaired, to determine attainment",CALM,,2,10
Freshwater,Toxics,Cadmium ,CADMIUM,Dissolved,Water Supply,Irrigation,,2 years,10,"15 results required for existing impaired, to determine attainment",CALM,,2,10
Marine,Toxics,Cadmium ,CADMIUM,Dissolved,Aquatic Life,,Chronic,2 years,10,,CALM,,2,10
Marine,Toxics,Cadmium ,CADMIUM,Dissolved,Aquatic Life,,Acute,2 years,5,"15 results required for existing impaired, to determine attainment",CALM,,2,5
Marine,Toxics,Cadmium ,CADMIUM,Dissolved,Aquatic Life,,Chronic,2 years,18,"18 results required for existing impaired, to determine attainment",CALM,,2,18
Freshwater,Toxics,Chloride,CHLORIDE,Dissolved,Aquatic Life,,Chronic,2 years,10,,CALM,,2,10
Freshwater,Toxics,Chloride,CHLORIDE,Dissolved,Aquatic Life,,Acute,2 years,5,"15 results required for existing impaired, to determine attainment",CALM,,2,5
Freshwater,Toxics,Chloride,CHLORIDE,Dissolved,Aquatic Life,,Chronic,2 years,18,"18 results required for existing impaired, to determine attainment",CALM,,2,18
Freshwater,Toxics,Chlorine,CHLORINE,Total Residual  ,Aquatic Life,,Chronic,2 years,10,,CALM,,2,10
Freshwater,Toxics,Chlorine,CHLORINE,Total Residual  ,Aquatic Life,,Acute,2 years,5,"15 results required for existing impaired, to determine attainment",CALM,,2,5
Freshwater,Toxics,Chlorine,CHLORINE,Total Residual  ,Aquatic Life,,Chronic,2 years,18,"18 results required for existing impaired, to determine attainment",CALM,,2,18
Marine,Toxics,Chlorine,CHLORINE,Total Residual  ,Aquatic Life,,Chronic,2 years,10,,CALM,,2,10
Marine,Toxics,Chlorine,CHLORINE,Total Residual  ,Aquatic Life,,Acute,2 years,5,"15 results required for existing impaired, to determine attainment",CALM,,2,5
Marine,Toxics,Chlorine,CHLORINE,Total Residual  ,Aquatic Life,,Chronic,2 years,18,"18 results required for existing impaired, to determine attainment",CALM,,2,18
Freshwater,Toxics,Chlorobenzene,CHLOROBENZENE,Dissolved,Human Health,Water and Aquatic Organisms,,2 years,10,"15 results required for existing impaired, to determine attainment",CALM,,2,10
Freshwater,Toxics,Chlorobenzene,CHLOROBENZENE,Dissolved,Human Health,Aquatic Organisms Only,,2 years,10,"15 results required for existing impaired, to determine attainment",CALM,,2,10
Freshwater,Toxics,Chromium,CHROMIUM,Total,Water Supply,"Drinking, Culinary, and Food Processing",,2 years,10,"15 results required for existing impaired, to determine attainment",CALM,,2,10
Freshwater,Toxics,Chromium,CHROMIUM,Total,Water Supply,Irrigation,,2 years,10,"15 results required for existing impaired, to determine attainment",CALM,,2,10
Freshwater,Toxics,Chromium (III),CHROMIUM(III),Dissolved,Aquatic Life,,Chronic,2 years,10,,CALM,,2,10
Freshwater,Toxics,Chromium (III),CHROMIUM(III),Dissolved,Aquatic Life,,Acute,2 years,5,"15 results required for existing impaired, to determine attainment",CALM,,2,5
Freshwater,Toxics,Chromium (III),CHROMIUM(III),Dissolved,Aquatic Life,,Chronic,2 years,18,"18 results required for existing impaired, to determine attainment",CALM,,2,18
Freshwater,Toxics,Chromium (VI),CHROMIUM(VI),Dissolved,Aquatic Life,,Chronic,2 years,10,,CALM,,2,10
Freshwater,Toxics,Chromium (VI),CHROMIUM(VI),Dissolved,Aquatic Life,,Acute,2 years,5,"15 results required for existing impaired, to determine attainment",CALM,,2,5
Freshwater,Toxics,Chromium (VI),CHROMIUM(VI),Dissolved,Aquatic Life,,Chronic,2 years,18,"18 results required for existing impaired, to determine attainment",CALM,,2,18
Freshwater,Toxics,Chromium (VI),CHROMIUM(VI),Dissolved,Water Supply,Stock Watering,,2 years,10,"15 results required for existing impaired, to determine attainment",CALM,,2,10
Marine,Toxics,Chromium (VI),CHROMIUM(VI),Dissolved,Aquatic Life,,Chronic,2 years,10,,CALM,,2,10
Marine,Toxics,Chromium (VI),CHROMIUM(VI),Dissolved,Aquatic Life,,Acute,2 years,5,"15 results required for existing impaired, to determine attainment",CALM,,2,5
Marine,Toxics,Chromium (VI),CHROMIUM(VI),Dissolved,Aquatic Life,,Chronic,2 years,18,"18 results required for existing impaired, to determine attainment",CALM,,2,18
Freshwater,Toxics,Cobalt,COBALT,Dissolved,Water Supply,Irrigation,,2 years,10,"15 results required for existing impaired, to determine attainment",CALM,,2,10
Freshwater,Toxics,Copper,COPPER,Dissolved,Aquatic Life,,Chronic,2 years,10,,CALM,,2,10
Freshwater,Toxics,Copper,COPPER,Dissolved,Aquatic Life,,Acute,2 years,5,"15 results required for existing impaired, to determine attainment",CALM,,2,5
Freshwater,Toxics,Copper,COPPER,Dissolved,Aquatic Life,,Chronic,2 years,18,"18 results required for existing impaired, to determine attainment",CALM,,2,18
Freshwater,Toxics,Copper,COPPER,Dissolved,Human Health,Water and Aquatic Organisms,,2 years,10,"15 results required for existing impaired, to determine attainment",CALM,,2,10
Freshwater,Toxics,Copper,COPPER,Dissolved,Water Supply,Irrigation,,2 years,10,"15 results required for existing impaired, to determine attainment",CALM,,2,10
Marine,Toxics,Copper,COPPER,Dissolved,Aquatic Life,,Chronic,2 years,10,,CALM,,2,10
Marine,Toxics,Copper,COPPER,Dissolved,Aquatic Life,,Acute,2 years,5,"15 results required for existing impaired, to determine attainment",CALM,,2,5
Marine,Toxics,Copper,COPPER,Dissolved,Aquatic Life,,Chronic,2 years,18,"18 results required for existing impaired, to determine attainment",CALM,,2,18
Freshwater,Toxics,Cyanide,CYANIDE,Dissolved,Aquatic Life,,Chronic,2 years,10,,CALM,,2,10
Freshwater,Toxics,Cyanide,CYANIDE,Dissolved,Aquatic Life,,Acute,2 years,5,"15 results required for existing impaired, to determine attainment",CALM,,2,5
Freshwater,Toxics,Cyanide,CYANIDE,Dissolved,Aquatic Life,,Chronic,2 years,18,"18 results required for existing impaired, to determine attainment",CALM,,2,18
Freshwater,Toxics,Cyanide,CYANIDE,Dissolved,Human Health,Water and Aquatic Organisms,,2 years,10,"15 results required for existing impaired, to determine attainment",CALM,,2,10
Freshwater,Toxics,Cyanide,CYANIDE,Dissolved,Human Health,Aquatic Organisms Only,,2 years,10,"15 results required for existing impaired, to determine attainment",CALM,,2,10
Freshwater,Toxics,Cyanide,CYANIDE,Dissolved,Water Supply,"Drinking, Culinary, and Food Processing",,2 years,10,"15 results required for existing impaired, to determine attainment",CALM,,2,10
Marine,Toxics,Cyanide,CYANIDE,Dissolved,Aquatic Life,,Acute,2 years,5,"15 results required for existing impaired, to determine attainment",CALM,,2,5
Marine,Toxics,Cyanide,CYANIDE,Dissolved,Aquatic Life,,Chronic,2 years,10,,CALM,,2,10
Marine,Toxics,Cyanide,CYANIDE,Dissolved,Aquatic Life,,Chronic,2 years,18,"18 results required for existing impaired, to determine attainment",CALM,,2,18
Freshwater,Toxics,"Dichlorobenzene 1,2-","1,2-DICHLOROBENZENE-D4",Dissolved,Human Health,Water and Aquatic Organisms,,2 years,10,"15 results required for existing impaired, to determine attainment",CALM,,2,10
Freshwater,Toxics,"Dichlorobenzene 1,2-","1,2-DICHLOROBENZENE-D4",Dissolved,Human Health,Aquatic Organisms Only,,2 years,10,"15 results required for existing impaired, to determine attainment",CALM,,2,10
Freshwater,Toxics,"Dichlorobenzene 1,2-","1,2-DICHLOROBENZENE-D4",Dissolved,Water Supply,"Drinking, Culinary, and Food Processing",,2 years,10,"15 results required for existing impaired, to determine attainment",CALM,,2,10
Freshwater,Toxics,"Dichlorobenzene 1,3-","1,3-DICHLOROBENZENE",Dissolved,Human Health,Water and Aquatic Organisms,,2 years,10,"15 results required for existing impaired, to determine attainment",CALM,,2,10
Freshwater,Toxics,"Dichlorobenzene 1,3-","1,3-DICHLOROBENZENE",Dissolved,Human Health,Aquatic Organisms Only,,2 years,10,"15 results required for existing impaired, to determine attainment",CALM,,2,10
Freshwater,Toxics,"Dichlorobenzene 1,4-","1,4-DICHLOROBENZENE-D4",Dissolved,Human Health,Water and Aquatic Organisms,,2 years,10,"15 results required for existing impaired, to determine attainment",CALM,,2,10
Freshwater,Toxics,"Dichlorobenzene 1,4-","1,4-DICHLOROBENZENE-D4",Dissolved,Human Health,Aquatic Organisms Only,,2 years,10,"15 results required for existing impaired, to determine attainment",CALM,,2,10
Freshwater,Toxics,"Dichlorobenzene 1,4-","1,4-DICHLOROBENZENE-D4",Dissolved,Water Supply,"Drinking, Culinary, and Food Processing",,2 years,10,"15 results required for existing impaired, to determine attainment",CALM,,2,10
Freshwater,Toxics,Ethylbenzene,ETHYLBENZENE,Dissolved,Human Health,Water and Aquatic Organisms,,2 years,10,"15 results required for existing impaired, to determine attainment",CALM,,2,10
Freshwater,Toxics,Ethylbenzene,ETHYLBENZENE,Dissolved,Human Health,Aquatic Organisms Only,,2 years,10,"15 results required for existing impaired, to determine attainment",CALM,,2,10
Freshwater,Toxics,Ethylbenzene,ETHYLBENZENE,Dissolved,Water Supply,"Drinking, Culinary, and Food Processing",,2 years,10,"15 results required for existing impaired, to determine attainment",CALM,,2,10
Freshwater,Toxics,Fluoride,FLUORIDE,Dissolved,Water Supply,"Drinking, Culinary, and Food Processing",,2 years,10,"15 results required for existing impaired, to determine attainment",CALM,,2,10
Freshwater,Toxics,Fluoride,FLUORIDE,Dissolved,Water Supply,Stock Watering,,2 years,10,"15 results required for existing impaired, to determine attainment",CALM,,2,10
Freshwater,Toxics,Hydrogen Sulfide,HYDROGEN SULFIDE,Dissolved,Aquatic Life,,Chronic,2 years,10,,CALM,,2,10
Freshwater,Toxics,Hydrogen Sulfide,HYDROGEN SULFIDE,Dissolved,Aquatic Life,,Chronic,2 years,18,"18 results required for existing impaired, to determine attainment",CALM,,2,18
Marine,Toxics,Hydrogen Sulfide,HYDROGEN SULFIDE,Dissolved,Aquatic Life,,Chronic,2 years,10,,CALM,,2,10
Marine,Toxics,Hydrogen Sulfide,HYDROGEN SULFIDE,Dissolved,Aquatic Life,,Chronic,2 years,18,"18 results required for existing impaired, to determine attainment",CALM,,2,18
Freshwater,Toxics,Iron,IRON,Dissolved,Aquatic Life,,Chronic,2 years,10,,CALM,,2,10
Freshwater,Toxics,Iron,IRON,Dissolved,Aquatic Life,,Chronic,2 years,18,"18 results required for existing impaired, to determine attainment",CALM,,2,18
Freshwater,Toxics,Iron,IRON,Dissolved,Water Supply,Irrigation,,2 years,10,"15 results required for existing impaired, to determine attainment",CALM,,2,10
Freshwater,Toxics,Lead,LEAD,Dissolved,Aquatic Life,,,2 years,10,"15 results required for existing impaired, to determine attainment",CALM,,2,10
Freshwater,Toxics,Lead,LEAD,Dissolved,Aquatic Life,,Acute,2 years,5,"15 results required for existing impaired, to determine attainment",CALM,,2,5
Freshwater,Toxics,Lead,LEAD,Dissolved,Water Supply,Stock Watering,,2 years,10,"15 results required for existing impaired, to determine attainment",CALM,,2,10
Freshwater,Toxics,Lead,LEAD,Dissolved,Water Supply,Irrigation,,2 years,10,"15 results required for existing impaired, to determine attainment",CALM,,2,10
Marine,Toxics,Lead,LEAD,Dissolved,Aquatic Life,,Chronic,2 years,10,,CALM,,2,10
Marine,Toxics,Lead,LEAD,Dissolved,Aquatic Life,,Acute,2 years,5,"15 results required for existing impaired, to determine attainment",CALM,,2,5
Marine,Toxics,Lead,LEAD,Dissolved,Aquatic Life,,Chronic,2 years,18,"18 results required for existing impaired, to determine attainment",CALM,,2,18
Freshwater,Toxics,Manganese,MANGANESE,Dissolved,Human Health,Water and Aquatic Organisms,Chronic,2 years,18,"18 results required for existing impaired, to determine attainment",CALM,,2,18
Freshwater,Toxics,Manganese,MANGANESE,Dissolved,Water Supply,"Drinking, Culinary, and Food Processing",,2 years,10,"15 results required for existing impaired, to determine attainment",CALM,,2,10
Freshwater,Toxics,Manganese,MANGANESE,Dissolved,Water Supply,Irrigation,,2 years,10,"15 results required for existing impaired, to determine attainment",CALM,,2,10
Freshwater,Toxics,Manganese ,MANGANESE,Dissolved,Human Health,Aquatic Organisms Only,,2 years,10,"15 results required for existing impaired, to determine attainment",CALM,,2,10
Freshwater,Toxics,Mercury,MERCURY,Total,Aquatic Life,,Chronic,2 years,10,,CALM,,2,10
Freshwater,Toxics,Mercury,MERCURY,Total,Aquatic Life,,Acute,2 years,5,"15 results required for existing impaired, to determine attainment",CALM,,2,5
Freshwater,Toxics,Mercury,MERCURY,Dissolved,Aquatic Life,,Chronic,2 years,18,"18 results required for existing impaired, to determine attainment",CALM,,2,18
Freshwater,Toxics,Mercury,MERCURY,Dissolved,Human Health,Water and Aquatic Organisms,,2 years,10,"15 results required for existing impaired, to determine attainment",CALM,,2,10
Freshwater,Toxics,Mercury,MERCURY,Dissolved,Human Health,Aquatic Organisms Only,,2 years,10,"15 results required for existing impaired, to determine attainment",CALM,,2,10
Freshwater,Toxics,Mercury,MERCURY,Dissolved,Water Supply,"Drinking, Culinary, and Food Processing",,2 years,10,"15 results required for existing impaired, to determine attainment",CALM,,2,10
Marine,Toxics,Mercury,MERCURY,Dissolved,Aquatic Life,,Chronic,2 years,10,,CALM,,2,10
Marine,Toxics,Mercury,MERCURY,Dissolved,Aquatic Life,,Acute,2 years,5,"15 results required for existing impaired, to determine attainment",CALM,,2,5
Marine,Toxics,Mercury,MERCURY,Dissolved,Aquatic Life,,Chronic,2 years,18,"18 results required for existing impaired, to determine attainment",CALM,,2,18
Freshwater,Toxics,Nickel,NICKEL,Dissolved,Aquatic Life,,Chronic,2 years,10,,CALM,,2,10
Freshwater,Toxics,Nickel,NICKEL,Dissolved,Aquatic Life,,Acute,2 years,5,"15 results required for existing impaired, to determine attainment",CALM,,2,5
Freshwater,Toxics,Nickel,NICKEL,Dissolved,Aquatic Life,,Chronic,2 years,18,"18 results required for existing impaired, to determine attainment",CALM,,2,18
Freshwater,Toxics,Nickel,NICKEL,Dissolved,Human Health,Water and Aquatic Organisms,,2 years,10,"15 results required for existing impaired, to determine attainment",CALM,,2,10
Freshwater,Toxics,Nickel,NICKEL,Dissolved,Human Health,Aquatic Organisms Only,,2 years,10,"15 results required for existing impaired, to determine attainment",CALM,,2,10
Freshwater,Toxics,Nickel,NICKEL,Dissolved,Water Supply,Irrigation,,2 years,10,"15 results required for existing impaired, to determine attainment",CALM,,2,10
Marine,Toxics,Nickel,NICKEL,Dissolved,Aquatic Life,,Chronic,2 years,10,,CALM,,2,10
Marine,Toxics,Nickel,NICKEL,Dissolved,Aquatic Life,,Acute,2 years,5,"15 results required for existing impaired, to determine attainment",CALM,,2,5
Marine,Toxics,Nickel,NICKEL,Dissolved,Aquatic Life,,Chronic,2 years,18,"18 results required for existing impaired, to determine attainment",CALM,,2,18
Freshwater,Toxics,Nitrate,NITRATE,Dissolved,Water Supply,"Drinking, Culinary, and Food Processing",,2 years,10,"15 results required for existing impaired, to determine attainment",CALM,,2,10
Freshwater,Toxics,Nitrate and Nitrite,NITRATE + NITRITE,Total,Water Supply,"Drinking, Culinary, and Food Processing",,2 years,10,"15 results required for existing impaired, to determine attainment",CALM,,2,10
Freshwater,Toxics,Nitrite,NITRITE,Dissolved,Water Supply,"Drinking, Culinary, and Food Processing",,2 years,10,"15 results required for existing impaired, to determine attainment",CALM,,2,10
Marine,Toxics,Phosphorus,"TOTAL PHOSPHORUS, MIXED FORMS",Total,Aquatic Life,,Chronic,2 years,10,,CALM,,2,10
Marine,Toxics,Phosphorus,"TOTAL PHOSPHORUS, MIXED FORMS",Total,Aquatic Life,,Chronic,2 years,18,"18 results required for existing impaired, to determine attainment",CALM,,2,18
Freshwater,Toxics,Selenium,SELENIUM,Total Recoverable  ,Aquatic Life,,Chronic,2 years,10,,CALM,,2,10
Freshwater,Toxics,Selenium,SELENIUM,Total Recoverable  ,Aquatic Life,,Acute,2 years,5,"15 results required for existing impaired, to determine attainment",CALM,,2,5
Freshwater,Toxics,Selenium,SELENIUM,Total Recoverable  ,Aquatic Life,,Chronic,2 years,18,"18 results required for existing impaired, to determine attainment",CALM,,2,18
Freshwater,Toxics,Selenium,SELENIUM,Dissolved,Human Health,Water and Aquatic Organisms,,2 years,10,"15 results required for existing impaired, to determine attainment",CALM,,2,10
Freshwater,Toxics,Selenium,SELENIUM,Dissolved,Human Health,Aquatic Organisms Only,,2 years,10,"15 results required for existing impaired, to determine attainment",CALM,,2,10
Freshwater,Toxics,Selenium,SELENIUM,Dissolved,Water Supply,Stock Watering,,2 years,10,"15 results required for existing impaired, to determine attainment",CALM,,2,10
Freshwater,Toxics,Selenium,SELENIUM,Dissolved,Water Supply,Irrigation,,2 years,10,"15 results required for existing impaired, to determine attainment",CALM,,2,10
Freshwater,Toxics,Selenium,SELENIUM,Dissolved,Water Supply,"Drinking, Culinary, and Food Processing",,2 years,10,"15 results required for existing impaired, to determine attainment",CALM,,2,10
Marine,Toxics,Selenium,SELENIUM,Dissolved,Aquatic Life,,Chronic,2 years,10,,CALM,,2,10
Marine,Toxics,Selenium,SELENIUM,Dissolved,Aquatic Life,,Acute,2 years,5,"15 results required for existing impaired, to determine attainment",CALM,,2,5
Marine,Toxics,Selenium,SELENIUM,Dissolved,Aquatic Life,,Chronic,2 years,18,"18 results required for existing impaired, to determine attainment",CALM,,2,18
Freshwater,Toxics,Silver,SILVER,Dissolved,Aquatic Life,,Acute,2 years,5,"15 results required for existing impaired, to determine attainment",CALM,,2,5
Marine,Toxics,Silver,SILVER,Dissolved,Aquatic Life,,Acute,2 years,5,"15 results required for existing impaired, to determine attainment",CALM,,2,5
Freshwater,Toxics,Strontium-90,STRONTIUM-90,Dissolved,Water Supply,"Drinking, Culinary, and Food Processing",,2 years,10,"15 results required for existing impaired, to determine attainment",CALM,,2,10
Freshwater,Toxics,Toluene,TOLUENE,Dissolved,Human Health,Water and Aquatic Organisms,,2 years,10,"15 results required for existing impaired, to determine attainment",CALM,,2,10
Freshwater,Toxics,Toluene,TOLUENE,Dissolved,Human Health,Aquatic Organisms Only,,2 years,10,"15 results required for existing impaired, to determine attainment",CALM,,2,10
Freshwater,Toxics,Toluene,TOLUENE,Dissolved,Water Supply,"Drinking, Culinary, and Food Processing",,2 years,10,"15 results required for existing impaired, to determine attainment",CALM,,2,10
Freshwater,Toxics,Xylenes,TOTAL XYLENES,Total,Water Supply,"Drinking, Culinary, and Food Processing",,2 years,10,"15 results required for existing impaired, to determine attainment",CALM,,2,10
Freshwater,Toxics,Zinc,ZINC,Dissolved,Aquatic Life,,Acute,2 years,5,"15 results required for existing impaired, to determine attainment",CALM,,2,5
Freshwater,Toxics,Zinc,ZINC,Dissolved,Aquatic Life,,Chronic,2 years,10,,CALM,,2,10
Freshwater,Toxics,Zinc,ZINC,Dissolved,Aquatic Life,,Chronic,2 years,18,"18 results required for existing impaired, to determine attainment",CALM,,2,18
Freshwater,Toxics,Zinc,ZINC,Dissolved,Human Health,Water and Aquatic Organisms,,2 years,10,"15 results required for existing impaired, to determine attainment",CALM,,2,10
Freshwater,Toxics,Zinc,ZINC,Dissolved,Human Health,Aquatic Organisms Only,,2 years,10,"15 results required for existing impaired, to determine attainment",CALM,,2,10
Freshwater,Toxics,Zinc,ZINC,Dissolved,Water Supply,Irrigation,,2 years,10,"15 results required for existing impaired, to determine attainment",CALM,,2,10
Marine,Toxics,Zinc,ZINC,Dissolved,Aquatic Life,,Chronic,2 years,10,,CALM,,2,10
Marine,Toxics,Zinc,ZINC,Dissolved,Aquatic Life,,Acute,2 years,5,"15 results required for existing impaired, to determine attainment",CALM,,2,5
Marine,Toxics,Zinc,ZINC,Dissolved,Aquatic Life,,Chronic,2 years,18,"18 results required for existing impaired, to determine attainment",CALM,,2,18
Freshwater,Turbidity,Turbidity,TURBIDITY,,Primary Contact Recreation,,,2 years,20 days,Characterizes an annual period of concern of at least 3 weeks,Turbidity,"Years of assessment need not be consecutive but should be within a reasonably short timeframe (i.e., within 5 years if possible)",2,20
Freshwater,Toxics,"(Trichloro-phenoxy 2, 4, 5-TP)-Proprionic Acid (2, 4, 5-TP)",Silvex,Dissolved,Water Supply,"Drinking, Culinary, and Food Processing",,2 years,10,"15 results required for existing impaired, to determine attainment",CALM,,2,10
Freshwater,Toxics,Acenapthene,Acenaphthene,Dissolved,Human Health,Water and Aquatic Organisms,,2 years,10,"15 results required for existing impaired, to determine attainment",CALM,,2,10
Freshwater,Toxics,Acrolein,ACROLEIN,Dissolved,Human Health,Water and Aquatic Organisms,,2 years,10,"15 results required for existing impaired, to determine attainment",CALM,,2,10
Freshwater,Toxics,Acrolein,ACROLEIN,Dissolved,Human Health,Aquatic Organisms Only,,2 years,10,"15 results required for existing impaired, to determine attainment",CALM,,2,10
Freshwater,Toxics,Alachor,ALACHLOR,Dissolved,Water Supply,"Drinking, Culinary, and Food Processing",,2 years,10,"15 results required for existing impaired, to determine attainment",CALM,,2,10
Freshwater,Toxics,Aldicarb,ALDICARB,Dissolved,Water Supply,"Drinking, Culinary, and Food Processing",,2 years,10,"15 results required for existing impaired, to determine attainment",CALM,,2,10
Freshwater,Toxics,Aldicarb Sulfone,ALDICARB SULFONE,Dissolved,Water Supply,"Drinking, Culinary, and Food Processing",,2 years,10,"15 results required for existing impaired, to determine attainment",CALM,,2,10
Freshwater,Toxics,Aldicarb Sulfoxide,ALDICARB SULFOXIDE,Dissolved,Water Supply,"Drinking, Culinary, and Food Processing",,2 years,10,"15 results required for existing impaired, to determine attainment",CALM,,2,10
Freshwater,Toxics,Aldrin,ALDRIN,Dissolved,Aquatic Life,,Acute,2 years,5,"15 results required for existing impaired, to determine attainment",CALM,,2,5
Marine,Toxics,Aldrin,ALDRIN,Dissolved,Aquatic Life,,Acute,2 years,5,"15 results required for existing impaired, to determine attainment",CALM,,2,5
Freshwater,Toxics,alpha-Endosulfan,.ALPHA-ENDOSULFAN,Dissolved,Aquatic Life,,Acute,2 years,5,"15 results required for existing impaired, to determine attainment",CALM,,2,5
Freshwater,Toxics,alpha-Endosulfan,.ALPHA-ENDOSULFAN,Dissolved,Aquatic Life,,Chronic,2 years,10,,CALM,,2,10
Marine,Toxics,alpha-Endosulfan,.ALPHA-ENDOSULFAN,Dissolved,Aquatic Life,,Acute,2 years,5,"15 results required for existing impaired, to determine attainment",CALM,,2,5
Marine,Toxics,alpha-Endosulfan,.ALPHA-ENDOSULFAN,Dissolved,Aquatic Life,,Chronic,2 years,18,"18 results required for existing impaired, to determine attainment",CALM,,2,18
Freshwater,Toxics,alpha-Endosulfan,.ALPHA-ENDOSULFAN,Dissolved,Human Health,Water and Aquatic Organisms,,2 years,10,"15 results required for existing impaired, to determine attainment",CALM,,2,10
Freshwater,Toxics,alpha-Endosulfan,.ALPHA-ENDOSULFAN,Dissolved,Human Health,Aquatic Organisms Only,,2 years,10,"15 results required for existing impaired, to determine attainment",CALM,,2,10
Freshwater,Toxics,Anthracene,ANTHRACENE,Dissolved,Human Health,Water and Aquatic Organisms,,2 years,10,"15 results required for existing impaired, to determine attainment",CALM,,2,10
Freshwater,Toxics,Anthracene,ANTHRACENE,Dissolved,Human Health,Aquatic Organisms Only,,2 years,10,"15 results required for existing impaired, to determine attainment",CALM,,2,10
Freshwater,Toxics,Asbestos,ASBESTOS,,Water Supply,"Drinking, Culinary, and Food Processing",,2 years,10,"15 results required for existing impaired, to determine attainment",CALM,,2,10
Freshwater,Toxics,Atrazine,ATRAZINE,Dissolved,Water Supply,"Drinking, Culinary, and Food Processing",,2 years,10,"15 results required for existing impaired, to determine attainment",CALM,,2,10
Freshwater,Toxics,Benzo(a)Pyrene,BENZO[A]PYRENE,Dissolved,Water Supply,"Drinking, Culinary, and Food Processing",,2 years,10,"15 results required for existing impaired, to determine attainment",CALM,,2,10
Freshwater,Toxics,beta-Endosulfan,BETA-ENDOSULFAN-D4,Dissolved,Aquatic Life,,Acute,2 years,5,"15 results required for existing impaired, to determine attainment",CALM,,2,5
Freshwater,Toxics,beta-Endosulfan,BETA-ENDOSULFAN-D4,Dissolved,Aquatic Life,,Chronic,2 years,10,,CALM,,2,10
Marine,Toxics,beta-Endosulfan,BETA-ENDOSULFAN-D4,Dissolved,Aquatic Life,,Acute,2 years,5,"15 results required for existing impaired, to determine attainment",CALM,,2,5
Marine,Toxics,beta-Endosulfan,BETA-ENDOSULFAN-D4,Dissolved,Aquatic Life,,Chronic,2 years,10,,CALM,,2,10
Freshwater,Toxics,beta-Endosulfan,BETA-ENDOSULFAN-D4,Dissolved,Human Health,Water and Aquatic Organisms,,2 years,10,"15 results required for existing impaired, to determine attainment",CALM,,2,10
Freshwater,Toxics,beta-Endosulfan,BETA-ENDOSULFAN-D4,Dissolved,Human Health,Aquatic Organisms Only,,2 years,10,"15 results required for existing impaired, to determine attainment",CALM,,2,10
Freshwater,Toxics,Bis(2-chloro-isoproply) Ether,BIS(2-CHLOROISOPROPYL) ETHER,Dissolved,Human Health,Water and Aquatic Organisms,,2 years,10,"15 results required for existing impaired, to determine attainment",CALM,,2,10
Freshwater,Toxics,Bis(2-chloro-isoproply) Ether,BIS(2-CHLOROISOPROPYL) ETHER,Dissolved,Human Health,Aquatic Organisms Only,,2 years,10,"15 results required for existing impaired, to determine attainment",CALM,,2,10
Freshwater,Toxics,Bis-chloromethyl Ether,BIS(CHLOROMETHYL) ETHER,Dissolved,Human Health,Water and Aquatic Organisms,,2 years,10,"15 results required for existing impaired, to determine attainment",CALM,,2,10
Freshwater,Toxics,Bis-chloromethyl Ether,BIS(CHLOROMETHYL) ETHER,Dissolved,Human Health,Aquatic Organisms Only,,2 years,10,"15 results required for existing impaired, to determine attainment",CALM,,2,10
Freshwater,Toxics,Bromate,BROMATE,Dissolved,Water Supply,"Drinking, Culinary, and Food Processing",,2 years,10,"15 results required for existing impaired, to determine attainment",CALM,,2,10
Freshwater,Toxics,Acenapthene,Acenaphthene,Dissolved,Human Health,Aquatic Organisms Only,,2 years,10,"15 results required for existing impaired, to determine attainment",CALM,,2,10
Freshwater,Toxics,beta-Endosulfan,BETA-ENDOSULFAN-D4,Dissolved,Aquatic Life,,Chronic,2 years,18,"18 results required for existing impaired, to determine attainment",CALM,,2,18
Freshwater,Toxics,Carbofuran,CARBOFURAN,Dissolved,Water Supply,"Drinking, Culinary, and Food Processing",,2 years,10,"15 results required for existing impaired, to determine attainment",CALM,,2,10
Freshwater,Toxics,Carbon Tetrachloride,CARBON TETRACHLORIDE,Dissolved,Water Supply,"Drinking, Culinary, and Food Processing",,2 years,10,"15 results required for existing impaired, to determine attainment",CALM,,2,10
Freshwater,Toxics,Chlordane,CHLORDANE,Dissolved,Water Supply,"Drinking, Culinary, and Food Processing",,2 years,10,"15 results required for existing impaired, to determine attainment",CALM,,2,10
Freshwater,Toxics,Chlordane,CHLORDANE,Dissolved,Aquatic Life,,Acute,2 years,5,"15 results required for existing impaired, to determine attainment",CALM,,2,5
Freshwater,Toxics,Chlordane,CHLORDANE,Dissolved,Aquatic Life,,Chronic,2 years,10,,CALM,,2,10
Marine,Toxics,Chlordane,CHLORDANE,Dissolved,Aquatic Life,,Acute,2 years,5,"15 results required for existing impaired, to determine attainment",CALM,,2,5
Marine,Toxics,Chlordane,CHLORDANE,Dissolved,Aquatic Life,,Chronic,2 years,10,,CALM,,2,10
Freshwater,Toxics,Chlorite,CHLORITE,Dissolved,Water Supply,"Drinking, Culinary, and Food Processing",,2 years,10,"15 results required for existing impaired, to determine attainment",CALM,,2,10
Marine,Toxics,beta-Endosulfan,BETA-ENDOSULFAN-D4,Dissolved,Aquatic Life,,Chronic,2 years,18,"18 results required for existing impaired, to determine attainment",CALM,,2,18
Freshwater,Toxics,Butylbenzyl Phthalate,Butyl benzyl phthalate,Dissolved,Human Health,Water and Aquatic Organisms,,2 years,10,"15 results required for existing impaired, to determine attainment",CALM,,2,10
Freshwater,Toxics,"Chlorophenol, 2-",CHLOROPHENOL,Dissolved,Human Health,Water and Aquatic Organisms,,2 years,10,"15 results required for existing impaired, to determine attainment",CALM,,2,10
Freshwater,Toxics,"Chlorophenol, 2-",CHLOROPHENOL,Dissolved,Human Health,Aquatic Organisms Only,,2 years,10,"15 results required for existing impaired, to determine attainment",CALM,,2,10
Freshwater,Toxics,Butylbenzyl Phthalate,Butyl benzyl phthalate,Dissolved,Human Health,Aquatic Organisms Only,,2 years,10,"15 results required for existing impaired, to determine attainment",CALM,,2,10
Freshwater,Toxics,"Chloro-napthalene, 2-",2-Chloronaphthalene,Dissolved,Human Health,Water and Aquatic Organisms,,2 years,10,"15 results required for existing impaired, to determine attainment",CALM,,2,10
Freshwater,Toxics,"Chloro-napthalene, 2-",2-Chloronaphthalene,Dissolved,Human Health,Aquatic Organisms Only,,2 years,10,"15 results required for existing impaired, to determine attainment",CALM,,2,10
Freshwater,Toxics,Chloropyrifos,Chlorpyrifos,Dissolved,Aquatic Life,,Acute,2 years,5,"15 results required for existing impaired, to determine attainment",CALM,,2,5
Freshwater,Toxics,Dalapon,DALAPON,Dissolved,Water Supply,"Drinking, Culinary, and Food Processing",,2 years,10,"15 results required for existing impaired, to determine attainment",CALM,,2,10
Freshwater,Toxics,Chloropyrifos,Chlorpyrifos,Dissolved,Aquatic Life,,Chronic,2 years,10,,CALM,,2,10
Marine,Toxics,Chloropyrifos,Chlorpyrifos,Dissolved,Aquatic Life,,Acute,2 years,5,"15 results required for existing impaired, to determine attainment",CALM,,2,5
Marine,Toxics,Chloropyrifos,Chlorpyrifos,Dissolved,Aquatic Life,,Chronic,2 years,10,,CALM,,2,10
Freshwater,Toxics,Chloropyrifos,Chlorpyrifos,Dissolved,Aquatic Life,,Chronic,2 years,18,"18 results required for existing impaired, to determine attainment",CALM,,2,18
Freshwater,Toxics,Demeton,DEMETON,Dissolved,Aquatic Life,,Chronic,2 years,10,,CALM,,2,10
Marine,Toxics,Demeton,DEMETON,Dissolved,Aquatic Life,,Chronic,2 years,10,,CALM,,2,10
Freshwater,Toxics,Diazinon,DIAZINON,Dissolved,Aquatic Life,,Acute,2 years,5,"15 results required for existing impaired, to determine attainment",CALM,,2,5
Freshwater,Toxics,Diazinon,DIAZINON,Dissolved,Aquatic Life,,Chronic,2 years,10,,CALM,,2,10
Marine,Toxics,Diazinon,DIAZINON,Dissolved,Aquatic Life,,Acute,2 years,5,"15 results required for existing impaired, to determine attainment",CALM,,2,5
Marine,Toxics,Diazinon,DIAZINON,Dissolved,Aquatic Life,,Chronic,2 years,10,,CALM,,2,10
Marine,Toxics,Chloropyrifos,Chlorpyrifos,Dissolved,Aquatic Life,,Chronic,2 years,18,"18 results required for existing impaired, to determine attainment",CALM,,2,18
Freshwater,Toxics,"Dichlorobenzene 1,2-","1,2-DICHLOROBENZENE-D4",Dissolved,Human Health,Aquatic Organisms Only,,2 years,10,"15 results required for existing impaired, to determine attainment",CALM,,2,10
Freshwater,Toxics,"Dichlorobenzene 1,2-","1,2-DICHLOROBENZENE-D4",Dissolved,Human Health,Water and Aquatic Organisms,,2 years,10,"15 results required for existing impaired, to determine attainment",CALM,,2,10
Freshwater,Toxics,"Dichlorobenzene 1,2-","1,2-DICHLOROBENZENE-D4",Dissolved,Water Supply,"Drinking, Culinary, and Food Processing",,2 years,10,"15 results required for existing impaired, to determine attainment",CALM,,2,10
Freshwater,Toxics,"Dichlorobenzene 1,3-","1,3-DICHLOROBENZENE",Dissolved,Human Health,Aquatic Organisms Only,,2 years,10,"15 results required for existing impaired, to determine attainment",CALM,,2,10
Freshwater,Toxics,"Dichlorobenzene 1,3-","1,3-DICHLOROBENZENE",Dissolved,Human Health,Water and Aquatic Organisms,,2 years,10,"15 results required for existing impaired, to determine attainment",CALM,,2,10
Freshwater,Toxics,"Dichlorobenzene 1,4-","1,4-DICHLOROBENZENE-D4",Dissolved,Human Health,Aquatic Organisms Only,,2 years,10,"15 results required for existing impaired, to determine attainment",CALM,,2,10
Freshwater,Toxics,"Dichlorobenzene 1,4-","1,4-DICHLOROBENZENE-D4",Dissolved,Human Health,Water and Aquatic Organisms,,2 years,10,"15 results required for existing impaired, to determine attainment",CALM,,2,10
Freshwater,Toxics,"Dichlorobenzene 1,4-","1,4-DICHLOROBENZENE-D4",Dissolved,Water Supply,"Drinking, Culinary, and Food Processing",,2 years,10,"15 results required for existing impaired, to determine attainment",CALM,,2,10
Freshwater,Toxics,"DDT, 4,4'-","p,p'-DDT",Dissolved,Aquatic Life,,Acute,2 years,5,"15 results required for existing impaired, to determine attainment",CALM,,2,5
Freshwater,Toxics,"DDT, 4,4'-","p,p'-DDT",Dissolved,Aquatic Life,,Chronic,2 years,10,,CALM,,2,10
Marine,Toxics,"DDT, 4,4'-","p,p'-DDT",Dissolved,Aquatic Life,,Acute,2 years,5,"15 results required for existing impaired, to determine attainment",CALM,,2,5
Marine,Toxics,"DDT, 4,4'-","p,p'-DDT",Dissolved,Aquatic Life,,Chronic,2 years,10,,CALM,,2,10
Freshwater,Toxics,"DDT, 4,4'-","p,p'-DDT",Dissolved,Aquatic Life,,Chronic,2 years,18,"18 results required for existing impaired, to determine attainment",CALM,,2,18
Marine,Toxics,"DDT, 4,4'-","p,p'-DDT",Dissolved,Aquatic Life,,Chronic,2 years,18,"18 results required for existing impaired, to determine attainment",CALM,,2,18
Freshwater,Toxics,Di(2-ethylhexyl Adipate,"2,4-DICHLOROPHENOL",Dissolved,Water Supply,"Drinking, Culinary, and Food Processing",,2 years,10,"15 results required for existing impaired, to determine attainment",CALM,,2,10
Freshwater,Toxics,Dibromo-chloropropane,DIBROMOCHLOROPROPANE,Dissolved,Water Supply,"Drinking, Culinary, and Food Processing",,2 years,10,"15 results required for existing impaired, to determine attainment",CALM,,2,10
Freshwater,Toxics,"Dichloroethane 1,2-","1,2-DICHLOROETHANE",Dissolved,Water Supply,"Drinking, Culinary, and Food Processing",,2 years,10,"15 results required for existing impaired, to determine attainment",CALM,,2,10
Freshwater,Toxics,"Dichloroethylene 1,1-","1,1-DICHLOROETHYLENE",Dissolved,Water Supply,"Drinking, Culinary, and Food Processing",,2 years,10,"15 results required for existing impaired, to determine attainment",CALM,,2,10
Freshwater,Toxics,Dieldrin,DIELDRIN,Dissolved,Aquatic Life,,Acute,2 years,5,"15 results required for existing impaired, to determine attainment",CALM,,2,5
Freshwater,Toxics,Dieldrin,DIELDRIN,Dissolved,Aquatic Life,,Chronic,2 years,10,,CALM,,2,10
Marine,Toxics,Dieldrin,DIELDRIN,Dissolved,Aquatic Life,,Acute,2 years,5,"15 results required for existing impaired, to determine attainment",CALM,,2,5
Marine,Toxics,Dieldrin,DIELDRIN,Dissolved,Aquatic Life,,Chronic,2 years,10,,CALM,,2,10
Freshwater,Toxics,"Dichloroethylene cis-1,2-","CIS-1,2-DICHLOROETHYLENE",Dissolved,Water Supply,"Drinking, Culinary, and Food Processing",,2 years,10,"15 results required for existing impaired, to determine attainment",CALM,,2,10
Freshwater,Toxics,Di(2-ethylhexyl) Phthalate,DI(2-ETHYLHEXYL) PHTHALATE,Dissolved,Water Supply,"Drinking, Culinary, and Food Processing",,2 years,10,"15 results required for existing impaired, to determine attainment",CALM,,2,10
Freshwater,Toxics,Diethyl Phthalate,DIETHYL PHTHALATE,Dissolved,Human Health,Water and Aquatic Organisms,,2 years,10,"15 results required for existing impaired, to determine attainment",CALM,,2,10
Freshwater,Toxics,Diethyl Phthalate,DIETHYL PHTHALATE,Dissolved,Human Health,Aquatic Organisms Only,,2 years,10,"15 results required for existing impaired, to determine attainment",CALM,,2,10
Freshwater,Toxics,"Dichloroethylene trans-1,2-","TRANS-1,2-DICHLOROETHYLENE",Dissolved,Water Supply,"Drinking, Culinary, and Food Processing",,2 years,10,"15 results required for existing impaired, to determine attainment",CALM,,2,10
Freshwater,Toxics,"Dichloroethylene trans-1,2-","TRANS-1,2-DICHLOROETHYLENE",Dissolved,Human Health,Water and Aquatic Organisms,,2 years,10,"15 results required for existing impaired, to determine attainment",CALM,,2,10
Freshwater,Toxics,Dimethyl Phthalate,DIMETHYL PHTHALATE,Dissolved,Human Health,Water and Aquatic Organisms,,2 years,10,"15 results required for existing impaired, to determine attainment",CALM,,2,10
Freshwater,Toxics,Dimethyl Phthalate,DIMETHYL PHTHALATE,Dissolved,Human Health,Aquatic Organisms Only,,2 years,10,"15 results required for existing impaired, to determine attainment",CALM,,2,10
Freshwater,Toxics,"Dichloroethylene trans-1,2-","TRANS-1,2-DICHLOROETHYLENE",Dissolved,Human Health,Aquatic Organisms Only,,2 years,10,"15 results required for existing impaired, to determine attainment",CALM,,2,10
Freshwater,Toxics,"Dichlorophenol 2, 4-","2,4-DICHLOROPHENOL",Dissolved,Human Health,Water and Aquatic Organisms,,2 years,10,"15 results required for existing impaired, to determine attainment",CALM,,2,10
Freshwater,Toxics,"Dichlorophenol 2, 4-","2,4-Dichlorophenol",Dissolved,Human Health,Aquatic Organisms Only,,2 years,10,"15 results required for existing impaired, to determine attainment",CALM,,2,10
Freshwater,Toxics,"Dichlorophenoxy 2, 4-Acetic Acid (2,4-D)","2,4-D",Dissolved,Water Supply,"Drinking, Culinary, and Food Processing",,2 years,10,"15 results required for existing impaired, to determine attainment",CALM,,2,10
Freshwater,Toxics,Dinoseb,DINOSEB,Dissolved,Water Supply,"Drinking, Culinary, and Food Processing",,2 years,10,"15 results required for existing impaired, to determine attainment",CALM,,2,10
Freshwater,Toxics,"Dichloropropane 1, 2-","1,2-DICHLOROPROPANE",Dissolved,Water Supply,"Drinking, Culinary, and Food Processing",,2 years,10,"15 results required for existing impaired, to determine attainment",CALM,,2,10
Freshwater,Toxics,Diquat,DIQUAT,Dissolved,Water Supply,"Drinking, Culinary, and Food Processing",,2 years,10,"15 results required for existing impaired, to determine attainment",CALM,,2,10
Freshwater,Toxics,Endosulfan Sulfate,ENDOSULFAN SULFATE,Dissolved,Human Health,Water and Aquatic Organisms,,2 years,10,"15 results required for existing impaired, to determine attainment",CALM,,2,10
Freshwater,Toxics,Endosulfan Sulfate,ENDOSULFAN SULFATE,Dissolved,Human Health,Aquatic Organisms Only,,2 years,10,"15 results required for existing impaired, to determine attainment",CALM,,2,10
Freshwater,Toxics,Endothall,ENDOTHALL,Dissolved,Water Supply,"Drinking, Culinary, and Food Processing",,2 years,10,"15 results required for existing impaired, to determine attainment",CALM,,2,10
Freshwater,Toxics,Endrin,ENDRIN,Dissolved,Aquatic Life,,Acute,2 years,5,"15 results required for existing impaired, to determine attainment",CALM,,2,5
Freshwater,Toxics,Endrin,ENDRIN,Dissolved,Aquatic Life,,Chronic,2 years,10,,CALM,,2,10
Marine,Toxics,Endrin,ENDRIN,Dissolved,Aquatic Life,,Acute,2 years,5,"15 results required for existing impaired, to determine attainment",CALM,,2,5
Marine,Toxics,Endrin,ENDRIN,Dissolved,Aquatic Life,,Chronic,2 years,10,,CALM,,2,10
Freshwater,Toxics,Endrin,ENDRIN,Dissolved,Human Health,Water and Aquatic Organisms,,2 years,10,"15 results required for existing impaired, to determine attainment",CALM,,2,10
Freshwater,Toxics,Endrin,ENDRIN,Dissolved,Human Health,Aquatic Organisms Only,,2 years,10,"15 results required for existing impaired, to determine attainment",CALM,,2,10
Freshwater,Toxics,Endrin Aldehyde,ENDRIN ALDEHYDE,Dissolved,Human Health,Water and Aquatic Organisms,,2 years,10,"15 results required for existing impaired, to determine attainment",CALM,,2,10
Freshwater,Toxics,Endrin Aldehyde,ENDRIN ALDEHYDE,Dissolved,Human Health,Aquatic Organisms Only,,2 years,10,"15 results required for existing impaired, to determine attainment",CALM,,2,10
Freshwater,Toxics,Ethylene Dibromide,ETHYLENE DIBROMIDE,Dissolved,Water Supply,"Drinking, Culinary, and Food Processing",,2 years,10,"15 results required for existing impaired, to determine attainment",CALM,,2,10
Freshwater,Toxics,Fluoranthene,FLUORANTHENE,Dissolved,Human Health,Water and Aquatic Organisms,,2 years,10,"15 results required for existing impaired, to determine attainment",CALM,,2,10
Freshwater,Toxics,Fluoranthene,FLUORANTHENE,Dissolved,Human Health,Aquatic Organisms Only,,2 years,10,"15 results required for existing impaired, to determine attainment",CALM,,2,10
Freshwater,Toxics,Fluorene,FLUORENE,Dissolved,Human Health,Water and Aquatic Organisms,,2 years,10,"15 results required for existing impaired, to determine attainment",CALM,,2,10
Freshwater,Toxics,Fluorene,FLUORENE,Dissolved,Human Health,Aquatic Organisms Only,,2 years,10,"15 results required for existing impaired, to determine attainment",CALM,,2,10
Freshwater,Toxics,Glyphosate,GLYPHOSATE,Dissolved,Water Supply,"Drinking, Culinary, and Food Processing",,2 years,10,"15 results required for existing impaired, to determine attainment",CALM,,2,10
Freshwater,Toxics,"Dimethylphenol 2, 4-","2,4-DIMETHYLPHENOL",Dissolved,Human Health,Water and Aquatic Organisms,,2 years,10,"15 results required for existing impaired, to determine attainment",CALM,,2,10
Freshwater,Toxics,"Dimethylphenol 2, 4-","2,4-DIMETHYLPHENOL",Dissolved,Human Health,Aquatic Organisms Only,,2 years,10,"15 results required for existing impaired, to determine attainment",CALM,,2,10
Freshwater,Toxics,Di-n-butyl Phthalate,Dibutyl phthalate,Dissolved,Human Health,Water and Aquatic Organisms,,2 years,10,"15 results required for existing impaired, to determine attainment",CALM,,2,10
Freshwater,Toxics,Di-n-butyl Phthalate,Dibutyl phthalate,Dissolved,Human Health,Aquatic Organisms Only,,2 years,10,"15 results required for existing impaired, to determine attainment",CALM,,2,10
Freshwater,Toxics,"Dinitrophenol 2, 4-","2,4-DINITROPHENOL",Dissolved,Human Health,Water and Aquatic Organisms,,2 years,10,"15 results required for existing impaired, to determine attainment",CALM,,2,10
Freshwater,Toxics,Heptachlor,HEPTACHLOR,Dissolved,Water Supply,"Drinking, Culinary, and Food Processing",,2 years,10,"15 results required for existing impaired, to determine attainment",CALM,,2,10
Freshwater,Toxics,Heptachlor,HEPTACHLOR,Dissolved,Aquatic Life,,Acute,2 years,5,"15 results required for existing impaired, to determine attainment",CALM,,2,5
Freshwater,Toxics,Heptachlor,HEPTACHLOR,Dissolved,Aquatic Life,,Chronic,2 years,10,,CALM,,2,10
Marine,Toxics,Heptachlor,HEPTACHLOR,Dissolved,Aquatic Life,,Acute,2 years,5,"15 results required for existing impaired, to determine attainment",CALM,,2,5
Marine,Toxics,Heptachlor,HEPTACHLOR,Dissolved,Aquatic Life,,Chronic,2 years,10,,CALM,,2,10
Freshwater,Toxics,Heptachlor Epoxide,HEPTACHLOR EPOXIDE,Dissolved,Water Supply,"Drinking, Culinary, and Food Processing",,2 years,10,"15 results required for existing impaired, to determine attainment",CALM,,2,10
Freshwater,Toxics,Heptachlor Epoxide,HEPTACHLOR EPOXIDE,Dissolved,Aquatic Life,,Acute,2 years,5,"15 results required for existing impaired, to determine attainment",CALM,,2,5
Freshwater,Toxics,Heptachlor Epoxide,HEPTACHLOR EPOXIDE,Dissolved,Aquatic Life,,Chronic,2 years,10,,CALM,,2,10
Marine,Toxics,Heptachlor Epoxide,HEPTACHLOR EPOXIDE,Dissolved,Aquatic Life,,Acute,2 years,5,"15 results required for existing impaired, to determine attainment",CALM,,2,5
Marine,Toxics,Heptachlor Epoxide,HEPTACHLOR EPOXIDE,Dissolved,Aquatic Life,,Chronic,2 years,10,,CALM,,2,10
Freshwater,Toxics,"Dinitrophenol 2, 4-","2,4-DINITROPHENOL",Dissolved,Human Health,Aquatic Organisms Only,,2 years,10,"15 results required for existing impaired, to determine attainment",CALM,,2,10
Freshwater,Toxics,Dioxin,"2,3,7,8-Tetrachlorodibenzo-p-dioxin",Dissolved,Water Supply,"Drinking, Culinary, and Food Processing",,2 years,10,"15 results required for existing impaired, to determine attainment",CALM,,2,10
Freshwater,Toxics,Gross alpha,#N/A,Dissolved,Water Supply,"Drinking, Culinary, and Food Processing",,2 years,10,"15 results required for existing impaired, to determine attainment",CALM,,2,10
Freshwater,Toxics,Gross beta,#N/A,Dissolved,Water Supply,"Drinking, Culinary, and Food Processing",,2 years,10,"15 results required for existing impaired, to determine attainment",CALM,,2,10
Freshwater,Toxics,Guthion,Azinphos-methyl,Dissolved,Aquatic Life,,Chronic,2 years,10,,CALM,,2,10
Marine,Toxics,Guthion,Azinphos-methyl,Dissolved,Aquatic Life,,Chronic,2 years,10,,CALM,,2,10
Freshwater,Toxics,Guthion,Azinphos-methyl,Dissolved,Aquatic Life,,Chronic,2 years,18,"18 results required for existing impaired, to determine attainment",CALM,,2,18
Freshwater,Toxics,Lithium,LITHIUM,Dissolved,Water Supply,Irrigation,,2 years,10,"15 results required for existing impaired, to determine attainment",CALM,,2,10
Freshwater,Toxics,Malathion,MALATHION,Dissolved,Aquatic Life,,Chronic,2 years,10,,CALM,,2,10
Marine,Toxics,Malathion,MALATHION,Dissolved,Aquatic Life,,Chronic,2 years,10,,CALM,,2,10
Freshwater,Toxics,Methoxychlor,METHOXYCHLOR,Dissolved,Water Supply,"Drinking, Culinary, and Food Processing",,2 years,10,"15 results required for existing impaired, to determine attainment",CALM,,2,10
Freshwater,Toxics,Methoxychlor,METHOXYCHLOR,Dissolved,Aquatic Life,,Chronic,2 years,10,,CALM,,2,10
Marine,Toxics,Methoxychlor,METHOXYCHLOR,Dissolved,Aquatic Life,,Chronic,2 years,10,,CALM,,2,10
Freshwater,Toxics,Methyl Bromide,METHYL BROMIDE,Dissolved,Human Health,Water and Aquatic Organisms,,2 years,10,"15 results required for existing impaired, to determine attainment",CALM,,2,10
Freshwater,Toxics,Methyl Bromide,METHYL BROMIDE,Dissolved,Human Health,Aquatic Organisms Only,,2 years,10,"15 results required for existing impaired, to determine attainment",CALM,,2,10
Marine,Toxics,Guthion,Azinphos-methyl,Dissolved,Aquatic Life,,Chronic,2 years,18,"18 results required for existing impaired, to determine attainment",CALM,,2,18
Freshwater,Toxics,Halocetic Acids (HAA5)(five),Haloacetic acids,Dissolved,Water Supply,"Drinking, Culinary, and Food Processing",,2 years,10,"15 results required for existing impaired, to determine attainment",CALM,,2,10
Freshwater,Toxics,Hexachloro-benzene,HEXACHLOROBENZENE,Dissolved,Water Supply,"Drinking, Culinary, and Food Processing",,2 years,10,"15 results required for existing impaired, to determine attainment",CALM,,2,10
Freshwater,Toxics,Mirex,MIREX,Dissolved,Aquatic Life,,Chronic,2 years,10,,CALM,,2,10
Marine,Toxics,Mirex,MIREX,Dissolved,Aquatic Life,,Chronic,2 years,10,,CALM,,2,10
Freshwater,Toxics,Molybdenum,MOLYBDENUM,Dissolved,Water Supply,Irrigation,,2 years,10,"15 results required for existing impaired, to determine attainment",CALM,,2,10
Freshwater,Toxics,Hexachloro-cyclopentadiene,HEXACHLOROCYCLOPENTADIENE,Dissolved,Water Supply,"Drinking, Culinary, and Food Processing",,2 years,10,"15 results required for existing impaired, to determine attainment",CALM,,2,10
Freshwater,Toxics,Nitrobenzene,NITROBENZENE,Dissolved,Human Health,Water and Aquatic Organisms,,2 years,10,"15 results required for existing impaired, to determine attainment",CALM,,2,10
Freshwater,Toxics,Nitrobenzene,NITROBENZENE,Dissolved,Human Health,Aquatic Organisms Only,,2 years,10,"15 results required for existing impaired, to determine attainment",CALM,,2,10
Freshwater,Toxics,Nonylphenol,NONYLPHENOL,Dissolved,Aquatic Life,,Acute,2 years,5,"15 results required for existing impaired, to determine attainment",CALM,,2,5
Freshwater,Toxics,Nonylphenol,NONYLPHENOL,Dissolved,Aquatic Life,,Chronic,2 years,10,,CALM,,2,10
Marine,Toxics,Nonylphenol,NONYLPHENOL,Dissolved,Aquatic Life,,Acute,2 years,5,"15 results required for existing impaired, to determine attainment",CALM,,2,5
Marine,Toxics,Nonylphenol,NONYLPHENOL,Dissolved,Aquatic Life,,Chronic,2 years,10,,CALM,,2,10
Freshwater,Toxics,Hexachloro-cyclopentadiene,HEXACHLOROCYCLOPENTADIENE,Dissolved,Human Health,Water and Aquatic Organisms,,2 years,10,"15 results required for existing impaired, to determine attainment",CALM,,2,10
Freshwater,Toxics,Parathion,PARATHION,Dissolved,Aquatic Life,,Acute,2 years,5,"15 results required for existing impaired, to determine attainment",CALM,,2,5
Freshwater,Toxics,Parathion,PARATHION,Dissolved,Aquatic Life,,Chronic,2 years,10,,CALM,,2,10
Freshwater,Toxics,Hexachloro-cyclopentadiene,HEXACHLOROCYCLOPENTADIENE,Dissolved,Human Health,Aquatic Organisms Only,,2 years,10,"15 results required for existing impaired, to determine attainment",CALM,,2,10
Freshwater,Toxics,Lindane (gamma-BHC),Lindane,Dissolved,Water Supply,"Drinking, Culinary, and Food Processing",,2 years,10,"15 results required for existing impaired, to determine attainment",CALM,,2,10
Freshwater,Toxics,Lindane (gamma-BHC),Lindane,Dissolved,Aquatic Life,,Acute,2 years,5,"15 results required for existing impaired, to determine attainment",CALM,,2,5
Marine,Toxics,Lindane (gamma-BHC),Lindane,Dissolved,Aquatic Life,,Acute,2 years,5,"15 results required for existing impaired, to determine attainment",CALM,,2,5
Freshwater,Toxics,"Methyl-4, 6-dinitrophenol, 2-","4,6-Dinitro-o-cresol",Dissolved,Human Health,Water and Aquatic Organisms,,2 years,10,"15 results required for existing impaired, to determine attainment",CALM,,2,10
Freshwater,Toxics,"Methyl-4, 6-dinitrophenol, 2-","4,6-Dinitro-o-cresol",Dissolved,Human Health,Aquatic Organisms Only,,2 years,10,"15 results required for existing impaired, to determine attainment",CALM,,2,10
Freshwater,Toxics,Phenol,PHENOL,Dissolved,Human Health,Water and Aquatic Organisms,,2 years,10,"15 results required for existing impaired, to determine attainment",CALM,,2,10
Freshwater,Toxics,Phenol,PHENOL,Dissolved,Human Health,Aquatic Organisms Only,,2 years,10,"15 results required for existing impaired, to determine attainment",CALM,,2,10
Freshwater,Toxics,Picloram,PICLORAM,Dissolved,Water Supply,"Drinking, Culinary, and Food Processing",,2 years,10,"15 results required for existing impaired, to determine attainment",CALM,,2,10
Freshwater,Toxics,"Methyl-4, 6-dinitrophenol, 2-","4,6-Dinitro-2-methylphenol-d2",Dissolved,Human Health,Water and Aquatic Organisms,,2 years,10,"15 results required for existing impaired, to determine attainment",CALM,,2,10
Freshwater,Toxics,"Methyl-4, 6-dinitrophenol, 2-","4,6-Dinitro-2-methylphenol-d2",Dissolved,Human Health,Aquatic Organisms Only,,2 years,10,"15 results required for existing impaired, to determine attainment",CALM,,2,10
Freshwater,Toxics,Methylene Chloride (Dichloromethane),Methylene chloride,Dissolved,Water Supply,"Drinking, Culinary, and Food Processing",,2 years,10,"15 results required for existing impaired, to determine attainment",CALM,,2,10
Freshwater,Toxics,Monochloro-benzene,Chlorobenzene,Dissolved,Water Supply,"Drinking, Culinary, and Food Processing",,2 years,10,"15 results required for existing impaired, to determine attainment",CALM,,2,10
Freshwater,Toxics,Oxamyl (Vydate),Oxamyl,Dissolved,Water Supply,"Drinking, Culinary, and Food Processing",,2 years,10,"15 results required for existing impaired, to determine attainment",CALM,,2,10
Freshwater,Toxics,Pyrene,PYRENE,Dissolved,Human Health,Water and Aquatic Organisms,,2 years,10,"15 results required for existing impaired, to determine attainment",CALM,,2,10
Freshwater,Toxics,Pyrene,PYRENE,Dissolved,Human Health,Aquatic Organisms Only,,2 years,10,"15 results required for existing impaired, to determine attainment",CALM,,2,10
Freshwater,Toxics,Pentachloro-benzene,PENTACHLOROBENZENE,Dissolved,Human Health,Water and Aquatic Organisms,,2 years,10,"15 results required for existing impaired, to determine attainment",CALM,,2,10
Freshwater,Toxics,Simazine,SIMAZINE,Dissolved,Water Supply,"Drinking, Culinary, and Food Processing",,2 years,10,"15 results required for existing impaired, to determine attainment",CALM,,2,10
Freshwater,Toxics,Styrene,STYRENE,Dissolved,Water Supply,"Drinking, Culinary, and Food Processing",,2 years,10,"15 results required for existing impaired, to determine attainment",CALM,,2,10
Freshwater,Toxics,Pentachloro-benzene,PENTACHLOROBENZENE,Dissolved,Human Health,Aquatic Organisms Only,,2 years,10,"15 results required for existing impaired, to determine attainment",CALM,,2,10
Freshwater,Toxics,Thallium,THALLIUM,Dissolved,Water Supply,"Drinking, Culinary, and Food Processing",,2 years,10,"15 results required for existing impaired, to determine attainment",CALM,,2,10
Freshwater,Toxics,Thallium,THALLIUM,Dissolved,Human Health,Water and Aquatic Organisms,,2 years,10,"15 results required for existing impaired, to determine attainment",CALM,,2,10
Freshwater,Toxics,Thallium,THALLIUM,Dissolved,Human Health,Aquatic Organisms Only,,2 years,10,"15 results required for existing impaired, to determine attainment",CALM,,2,10
Freshwater,Toxics,Toluene,TOLUENE,Dissolved,Water Supply,"Drinking, Culinary, and Food Processing",,2 years,10,"15 results required for existing impaired, to determine attainment",CALM,,2,10
Freshwater,Toxics,Toluene,TOLUENE,Dissolved,Human Health,Water and Aquatic Organisms,,2 years,10,"15 results required for existing impaired, to determine attainment",CALM,,2,10
Freshwater,Toxics,Toluene,TOLUENE,Dissolved,Human Health,Aquatic Organisms Only,,2 years,10,"15 results required for existing impaired, to determine attainment",CALM,,2,10
Freshwater,Toxics,Pentachloro-phenol,PENTACHLOROPHENOL,Dissolved,Aquatic Life,,Acute,2 years,5,"15 results required for existing impaired, to determine attainment",CALM,,2,5
Freshwater,Toxics,Toxaphene,TOXAPHENE,Dissolved,Water Supply,"Drinking, Culinary, and Food Processing",,2 years,10,"15 results required for existing impaired, to determine attainment",CALM,,2,10
Freshwater,Toxics,Toxaphene,TOXAPHENE,Dissolved,Aquatic Life,,Acute,2 years,5,"15 results required for existing impaired, to determine attainment",CALM,,2,5
Freshwater,Toxics,Toxaphene,TOXAPHENE,Dissolved,Aquatic Life,,Chronic,2 years,10,,CALM,,2,10
Marine,Toxics,Toxaphene,TOXAPHENE,Dissolved,Aquatic Life,,Acute,2 years,5,"15 results required for existing impaired, to determine attainment",CALM,,2,5
Marine,Toxics,Toxaphene,TOXAPHENE,Dissolved,Aquatic Life,,Chronic,2 years,10,,CALM,,2,10
Freshwater,Toxics,Pentachloro-phenol,PENTACHLOROPHENOL,Dissolved,Aquatic Life,,Chronic,2 years,10,,CALM,,2,10
Marine,Toxics,Pentachloro-phenol,PENTACHLOROPHENOL,Dissolved,Aquatic Life,,Acute,2 years,5,"15 results required for existing impaired, to determine attainment",CALM,,2,5
Marine,Toxics,Pentachloro-phenol,PENTACHLOROPHENOL,Dissolved,Aquatic Life,,Chronic,2 years,10,,CALM,,2,10
Freshwater,Toxics,Pentachloro-phenol,PENTACHLOROPHENOL,Dissolved,Aquatic Life,,Chronic,2 years,18,"18 results required for existing impaired, to determine attainment",CALM,,2,18
Marine,Toxics,Pentachloro-phenol,PENTACHLOROPHENOL,Dissolved,Aquatic Life,,Chronic,2 years,18,"18 results required for existing impaired, to determine attainment",CALM,,2,18
Freshwater,Toxics,Polychlorinated Biphenyls (PCBs),Polychlorinated biphenyls,Dissolved,Water Supply,"Drinking, Culinary, and Food Processing",,2 years,10,"15 results required for existing impaired, to determine attainment",CALM,,2,10
Freshwater,Toxics,Polychlorinated Biphenyls (PCBs),Polychlorinated biphenyls,Dissolved,Aquatic Life,,Chronic,2 years,10,,CALM,,2,10
Marine,Toxics,Polychlorinated Biphenyls (PCBs),Polychlorinated biphenyls,Dissolved,Aquatic Life,,Chronic,2 years,10,,CALM,,2,10
Freshwater,Toxics,Polychlorinated Biphenyls (PCBs),Polychlorinated biphenyls,Dissolved,Aquatic Life,,Chronic,2 years,18,"18 results required for existing impaired, to determine attainment",CALM,,2,18
Marine,Toxics,Polychlorinated Biphenyls (PCBs),Polychlorinated biphenyls,Dissolved,Aquatic Life,,Chronic,2 years,18,"18 results required for existing impaired, to determine attainment",CALM,,2,18
Freshwater,Toxics,Radium-226 and -228 (combined),Radium-226/228,Dissolved,Water Supply,"Drinking, Culinary, and Food Processing",,2 years,10,"15 results required for existing impaired, to determine attainment",CALM,,2,10
Freshwater,Toxics,Tetrachloro-ethylene,TETRACHLOROETHYLENE,Dissolved,Water Supply,"Drinking, Culinary, and Food Processing",,2 years,10,"15 results required for existing impaired, to determine attainment",CALM,,2,10
Freshwater,Toxics,Total Trihalomethanes,"TRIHALOMETHANES (FOUR), TOTAL",Dissolved,Water Supply,"Drinking, Culinary, and Food Processing",,2 years,10,"15 results required for existing impaired, to determine attainment",CALM,,2,10
Freshwater,Toxics,Tritium,TRITIUM,Dissolved,Water Supply,"Drinking, Culinary, and Food Processing",,2 years,10,"15 results required for existing impaired, to determine attainment",CALM,,2,10
Freshwater,Toxics,Uranium,URANIUM,Dissolved,Water Supply,"Drinking, Culinary, and Food Processing",,2 years,10,"15 results required for existing impaired, to determine attainment",CALM,,2,10
Freshwater,Toxics,Vanadium,VANADIUM,Dissolved,Water Supply,Irrigation,,2 years,10,"15 results required for existing impaired, to determine attainment",CALM,,2,10
Freshwater,Toxics,Vinyl Chloride,VINYL CHLORIDE,Dissolved,Water Supply,"Drinking, Culinary, and Food Processing",,2 years,10,"15 results required for existing impaired, to determine attainment",CALM,,2,10
Freshwater,Toxics,Tributyltin (TBT),TRIBUTYLIN,Dissolved,Aquatic Life,,Acute,2 years,5,"15 results required for existing impaired, to determine attainment",CALM,,2,5
Freshwater,Toxics,Tributyltin (TBT),TRIBUTYLIN,Dissolved,Aquatic Life,,Chronic,2 years,10,,CALM,,2,10
Freshwater,Toxics,Chlordane,CHLORDANE,Dissolved,Aquatic Life,,Chronic,2 years,18,"18 results required for existing impaired, to determine attainment",CALM,,2,18
Marine,Toxics,Chlordane,CHLORDANE,Dissolved,Aquatic Life,,Chronic,2 years,18,"18 results required for existing impaired, to determine attainment",CALM,,2,18
Marine,Toxics,Tributyltin (TBT),TRIBUTYLIN,Dissolved,Aquatic Life,,Acute,2 years,5,"15 results required for existing impaired, to determine attainment",CALM,,2,5
Marine,Toxics,Tributyltin (TBT),TRIBUTYLIN,Dissolved,Aquatic Life,,Chronic,2 years,10,,CALM,,2,10
Freshwater,Toxics,Tributyltin (TBT),TRIBUTYLIN,Dissolved,Aquatic Life,,Chronic,2 years,18,"18 results required for existing impaired, to determine attainment",CALM,,2,18
Marine,Toxics,Tributyltin (TBT),TRIBUTYLIN,Dissolved,Aquatic Life,,Chronic,2 years,18,"18 results required for existing impaired, to determine attainment",CALM,,2,18
Freshwater,Toxics,Demeton,DEMETON,Dissolved,Aquatic Life,,Chronic,2 years,18,"18 results required for existing impaired, to determine attainment",CALM,,2,18
Marine,Toxics,Demeton,DEMETON,Dissolved,Aquatic Life,,Chronic,2 years,18,"18 results required for existing impaired, to determine attainment",CALM,,2,18
Freshwater,Toxics,Diazinon,DIAZINON,Dissolved,Aquatic Life,,Chronic,2 years,18,"18 results required for existing impaired, to determine attainment",CALM,,2,18
Marine,Toxics,Diazinon,DIAZINON,Dissolved,Aquatic Life,,Chronic,2 years,18,"18 results required for existing impaired, to determine attainment",CALM,,2,18
Freshwater,Toxics,Dieldrin,DIELDRIN,Dissolved,Aquatic Life,,Chronic,2 years,18,"18 results required for existing impaired, to determine attainment",CALM,,2,18
Marine,Toxics,Dieldrin,DIELDRIN,Dissolved,Aquatic Life,,Chronic,2 years,18,"18 results required for existing impaired, to determine attainment",CALM,,2,18
Freshwater,Toxics,Endrin,ENDRIN,Dissolved,Aquatic Life,,Chronic,2 years,18,"18 results required for existing impaired, to determine attainment",CALM,,2,18
Marine,Toxics,Endrin,ENDRIN,Dissolved,Aquatic Life,,Chronic,2 years,18,"18 results required for existing impaired, to determine attainment",CALM,,2,18
Freshwater,Toxics,"Trichlorobenzene 1, 2, 4-","1,2,4-TRICHLOROBENZENE",Dissolved,Water Supply,"Drinking, Culinary, and Food Processing",,2 years,10,"15 results required for existing impaired, to determine attainment",CALM,,2,10
Freshwater,Toxics,"Trichlorobenzene 1, 2, 4-","1,2,4-TRICHLOROBENZENE",Dissolved,Human Health,Water and Aquatic Organisms,,2 years,10,"15 results required for existing impaired, to determine attainment",CALM,,2,10
Freshwater,Toxics,Heptachlor,HEPTACHLOR,Dissolved,Aquatic Life,,Chronic,2 years,18,"18 results required for existing impaired, to determine attainment",CALM,,2,18
Marine,Toxics,Heptachlor,HEPTACHLOR,Dissolved,Aquatic Life,,Chronic,2 years,18,"18 results required for existing impaired, to determine attainment",CALM,,2,18
Freshwater,Toxics,Heptachlor Epoxide,HEPTACHLOR EPOXIDE,Dissolved,Aquatic Life,,Chronic,2 years,18,"18 results required for existing impaired, to determine attainment",CALM,,2,18
Marine,Toxics,Heptachlor Epoxide,HEPTACHLOR EPOXIDE,Dissolved,Aquatic Life,,Chronic,2 years,18,"18 results required for existing impaired, to determine attainment",CALM,,2,18
Freshwater,Toxics,Malathion,MALATHION,Dissolved,Aquatic Life,,Chronic,2 years,18,"18 results required for existing impaired, to determine attainment",CALM,,2,18
Marine,Toxics,Malathion,MALATHION,Dissolved,Aquatic Life,,Chronic,2 years,18,"18 results required for existing impaired, to determine attainment",CALM,,2,18
Freshwater,Toxics,Methoxychlor,METHOXYCHLOR,Dissolved,Aquatic Life,,Chronic,2 years,18,"18 results required for existing impaired, to determine attainment",CALM,,2,18
Marine,Toxics,Methoxychlor,METHOXYCHLOR,Dissolved,Aquatic Life,,Chronic,2 years,18,"18 results required for existing impaired, to determine attainment",CALM,,2,18
Freshwater,Toxics,Mirex,MIREX,Dissolved,Aquatic Life,,Chronic,2 years,18,"18 results required for existing impaired, to determine attainment",CALM,,2,18
Marine,Toxics,Mirex,MIREX,Dissolved,Aquatic Life,,Chronic,2 years,18,"18 results required for existing impaired, to determine attainment",CALM,,2,18
Freshwater,Toxics,Nonylphenol,NONYLPHENOL,Dissolved,Aquatic Life,,Chronic,2 years,18,"18 results required for existing impaired, to determine attainment",CALM,,2,18
Marine,Toxics,Nonylphenol,NONYLPHENOL,Dissolved,Aquatic Life,,Chronic,2 years,18,"18 results required for existing impaired, to determine attainment",CALM,,2,18
Freshwater,Toxics,Parathion,PARATHION,Dissolved,Aquatic Life,,Chronic,2 years,18,"18 results required for existing impaired, to determine attainment",CALM,,2,18
Freshwater,Toxics,"Trichlorobenzene 1, 2, 4-","1,2,4-TRICHLOROBENZENE",Dissolved,Human Health,Aquatic Organisms Only,,2 years,10,"15 results required for existing impaired, to determine attainment",CALM,,2,10
Freshwater,Toxics,"Trichloroethane 1, 1, 1-","1,1,1-TRICHLOROETHANE",Dissolved,Water Supply,"Drinking, Culinary, and Food Processing",,2 years,10,"15 results required for existing impaired, to determine attainment",CALM,,2,10
Freshwater,Toxics,"Trichloroethane 1, 1, 2-","1,1,2-TRICHLOROETHANE",Dissolved,Water Supply,"Drinking, Culinary, and Food Processing",,2 years,10,"15 results required for existing impaired, to determine attainment",CALM,,2,10
Freshwater,Toxics,Trichloro-ethylene,TRICHLOROETHYLENE,Dissolved,Water Supply,"Drinking, Culinary, and Food Processing",,2 years,10,"15 results required for existing impaired, to determine attainment",CALM,,2,10
Freshwater,Toxics,Toxaphene,TOXAPHENE,Dissolved,Aquatic Life,,Chronic,2 years,18,"18 results required for existing impaired, to determine attainment",CALM,,2,18
Marine,Toxics,Toxaphene,TOXAPHENE,Dissolved,Aquatic Life,,Chronic,2 years,18,"18 results required for existing impaired, to determine attainment",CALM,,2,18
Freshwater,Toxics,"Trichlorophenol 2, 4, 5-","2,4,5-TRICHLOROPHENOL",Dissolved,Human Health,Water and Aquatic Organisms,,2 years,10,"15 results required for existing impaired, to determine attainment",CALM,,2,10
Freshwater,Toxics,"Trichlorophenol 2, 4, 5-","2,4,5-TRICHLOROPHENOL",Dissolved,Human Health,Aquatic Organisms Only,,2 years,10,"15 results required for existing impaired, to determine attainment",CALM,,2,10
