OrganizationIdentifier,MonitoringLocationIdentifier,ML_ID,ML_Name,Latitude,Longitude,HUC10_ID,Name_AU,AUID_ATTNS,Type,NavStatus,
21AKBCH,21AKBCH-AK551272-004,AK551272-004,North Kenai Beach site 4,60.54978,-151.26804,1902030218,North Kenai Beach,AK_B_2030218_002,Beach,Navigable,
21AKBCH,21AKBCH-AK802097-003,AK802097-003,South Kenai River Beach 3,60.54332,-151.26532,1902030218,South Kenai Beach,AK_B_2030218_003,Beach,Navigable,
21AKBCH,21AKBCH-AK616287-001,AK616287-001,Snag Point Beach,59.03786,-158.462183,1903030311,Snag Point Beach,AK_B_3030311_003,Beach,Navigable,
21AKBCH,21AKBCH-AK482134-001,AK482134-001,Kanakanak Beach,59.00375,-158.53385,1903030311,Kanakanak Beach,AK_B_3030311_001,Beach,Navigable,
21AKBCH,21AKBCH-AK802097-002,AK802097-002,South Kenai Beach site 2,60.54673,-151.26318,1902030218,South Kenai Beach,AK_B_2030218_003,Beach,Navigable,
21AKBCH,21AKBCH-AK490625-001,AK490625-001,Scandinavian Beach,59.037305,-158.474598,1903030311,Scandinavian Beach,AK_B_3030311_002,Beach,Navigable,
21AKBCH,21AKBCH-AK551272-002,AK551272-002,North Kenai Beach site 2,60.55057,-151.27206,1902030218,North Kenai Beach,AK_B_2030218_002,Beach,Navigable,
21AKBCH,21AKBCH-AK212340,AK212340,KB-Sunset,55.41261,-131.76505,1901010204,Sunset Beach,AK_B_1010204_003,Beach,Navigable,
21AKBCH,21AKBCH-AK439531,AK439531,KB-RotaryBeach,55.30982,-131.58028,1901010204,Rotary Park Beach,AK_B_1010204_008,Beach,Navigable,
21AKBCH,21AKBCH-AK909574,AK909574,KB-SP Higgins,55.44864,-131.83136,1901010204,South Point Higgins Beach,AK_B_1010204_001,Beach,Navigable,
21AKBCH,21AKBCH-AK466549,AK466549,KB-Shull,55.43544,-131.79851,1901010204,Shull Beach,AK_B_1010204_002,Beach,Navigable,
21AKBCH,21AKBCH-AK365539,AK365539,KB-RotaryPool,55.30875,-131.57759,1901010204,Rotary Pool,AK_B_1010204_007,Beach,Navigable,
21AKBCH,21AKBCH-AK508635,AK508635,KB-Thomas Basin,55.34125,-131.64179,1901010204,Thomas Basin Harbor,AK_B_1010204_005,Beach,Navigable,
21AKBCH,21AKBCH-AK544485,AK544485,KB-Refuge,55.40739,-131.75549,1901010204,Refuge Cove Beach,AK_B_1010204_004,Beach,Navigable,
21AKBCH,21AKBCH-AK495900,AK495900,KB-Seaport,55.31462,-131.5932,1901010204,Seaport Beach,AK_B_1010204_006,Beach,Navigable,
21AKBCH,21AKBCH-AK168123,AK168123,KB-MtnPt Surprise Beach,55.29353,-131.5475,1901010208,Mountain Pt Surprise Beach,AK_B_1010208_002,Beach,Navigable,
21AKBCH,21AKBCH-AK406019,AK406019,KB-Knudson,55.47208,-131.79632,1901010203,Knudson Cove Beach,AK_B_1010203_001,Beach,Navigable,
21AKBCH,21AKBCH-AK549954,AK549954,KB-Herring,55.32627,-131.52278,1901010205,Herring Cove,AK_B_1010205_001,Beach,Navigable,
21AKBCH,21AKBCH-AK998211,AK998211,Hoonah Beach-Inner Point Sophia,58.12777778,-135.4627778,1901021109,Cannery Point,AK_B_1021109_001,Beach,Navigable,
21AKBCH,21AKBCH-AK103349,AK103349,Hoonah Beach-Gartina Harbor Way,58.1058,-135.443,1901021109,Gartina Harbor Way beach,AK_B_1021109_003,Beach,Navigable,
21AKBCH,21AKBCH-AK346845,AK346845,KB-Mtn Pt Cultural Food,55.29279,-131.53917,1901010208,Mountain Pt Cultural Food Beach,AK_B_1010208_001,Beach,Navigable,
AKDECWQ,AKDECWQ-ANC01_HSLP,ANC01_HSLP,Anchorage 01,61.2285,-149.9030,1902040108_,Anchorage Harbor,AK_M_2040108_006,Marine,Navigable,
AKDECWQ,AKDECWQ-ANC02_HSLP,ANC02_HSLP,Anchorage 02,61.2361,-149.8946,1902040108_,Anchorage Harbor,AK_M_2040108_006,Marine,Navigable,
AKDECWQ,AKDECWQ-ANC03_HSLP,ANC03_HSLP,Anchorage 03,61.2453,-149.8960,1902040108_,Anchorage Harbor,AK_M_2040108_006,Marine,Navigable,
AKDECWQ,AKDECWQ-ANC04_HSLP,ANC04_HSLP,Anchorage 04,61.2574,-149.9255,1902040108_,Anchorage Harbor,AK_M_2040108_006,Marine,Navigable,
AKDECWQ,AKDECWQ-ANC05_HSLP,ANC05_HSLP,Anchorage 05,61.2390,-149.9255,1902040108_,Anchorage Harbor,AK_M_2040108_006,Marine,Navigable,
AKDECWQ,AKDECWQ-ANC06_HSLP,ANC06_HSLP,Anchorage 06,61.2210,-149.9618,1902040108_,Anchorage Harbor,AK_M_2040108_006,Marine,Navigable,
AKDECWQ,AKDECWQ-AU01_HSLP,AU01_HSLP,Auke Bay 01,58.3826,-134.6540,1901030107_,Auke Bay,AK_M_1030107_025,Marine,Navigable,
AKDECWQ,AKDECWQ-AU02_HSLP,AU02_HSLP,Auke Bay 02,58.3811,-134.6820,1901030107_,Auke Nu Cove,AK_M_1030107_025,Marine,Navigable,
AKDECWQ,AKDECWQ-CHS02_HSLP,CHS02_HSLP,Chatham Strait 02,57.4523,-134.7857,1901050007_,Chatham Strait,AK_M_1050007_001,Marine,Navigable,
AKDECWQ,AKDECWQ-CHS03_HSLP,CHS03_HSLP,Chatham Strait 03,58.3227,-134.9862,1901030108_,Saginaw Channel,AK_M_1030108_002,Marine,Navigable,
AKDECWQ,AKDECWQ-CS01_HSLP,CS01_HSLP,Clarence Strait 01 ,55.4427,-131.8494,1901010210_,Inside Passage,AK_M_1010210_003,Marine,Navigable,
AKDECWQ,AKDECWQ-CS02_HSLP,CS02_HSLP,Clarence Strait 02 ,55.8235,-132.4272,1901050009_,Clarence Strait,AK_M_1050009_001,Marine,Navigable,
AKDECWQ,AKDECWQ-CS03_HSLP,CS03_HSLP,Clarence Strait 03 ,56.1348,-132.7785,1901020903_,Stikine Strait,AK_M_1020903_010,Marine,Navigable,
AKDECWQ,AKDECWQ-DH01_HSLP,DH01_HSLP,Dutch Harbor 01,53.9084,-166.4864,1903010208_,Iliuliuk Bay,AK_M_3010208_008,Marine,Navigable,
AKDECWQ,AKDECWQ-DH02_HSLP,DH02_HSLP,Dutch Harbor 02,53.9089,-166.5135,1903010208_,Dutch Harbor,AK_M_3010208_005,Marine,Navigable,
AKDECWQ,AKDECWQ-DH03_HSLP,DH03_HSLP,Dutch Harbor 03,53.9032,-166.5255,1903010208_,Dutch Harbor,AK_M_3010208_005,Marine,Navigable,
AKDECWQ,AKDECWQ-DH04_HSLP,DH04_HSLP,Dutch Harbor 04,53.8918,-166.5337,1903010208_,Dutch Harbor,AK_M_3010208_005,Marine,Navigable,
AKDECWQ,AKDECWQ-DH05_HSLP,DH05_HSLP,Dutch Harbor 05,53.8835,-166.5282,1903010208_,East Channel,AK_M_3010208_006,Marine,Navigable,
AKDECWQ,AKDECWQ-DH06_HSLP,DH06_HSLP,Dutch Harbor 06,53.8804,-166.5463,1903010208_,Iliuliuk Harbor,AK_M_3010208_009,Marine,Navigable,
AKDECWQ,AKDECWQ-DI_HSLP,DI_HSLP,Dear Island,55.9466,-132.0928,1901050005_,Ernest Sound,AK_M_1050005_001,Marine,Navigable,
AKDECWQ,AKDECWQ-FP_HSLP,FP_HSLP,False Point,58.3658,-134.9726,1901030108_,Saginaw Channel,AK_M_1030108_002,Marine,Navigable,
AKDECWQ,AKDECWQ-FS01_HSLP,FS01_HSLP,Frederick Sound 01,57.0028,-134.3698,1901050004_,Frederick Sound,AK_M_1050004_001,Marine,Navigable,
AKDECWQ,AKDECWQ-FS02_HSLP,FS02_HSLP,Frederick Sound 02,57.1485,-134.0020,1901050004_,Frederick Sound,AK_M_1050004_001,Marine,Navigable,
AKDECWQ,AKDECWQ-FS03_HSLP,FS03_HSLP,Frederick Sound 03,57.0712,-133.1610,1901050004_,Frederick Sound,AK_M_1050004_001,Marine,Navigable,
AKDECWQ,AKDECWQ-HA01_HSLP,HA01_HSLP,Haines 01,59.2262,-135.4072,1901030308_,Portage Cove,AK_M_1030308_005,Marine,Navigable,
AKDECWQ,AKDECWQ-HA02_HSLP,HA02_HSLP,Haines 02,59.2294,-135.4330,1901030308_,Portage Cove,AK_M_1030308_005,Marine,Navigable,
AKDECWQ,AKDECWQ-HA03_HSLP,HA03_HSLP,Haines 03,59.2326,-135.4194,1901030308_,Portage Cove,AK_M_1030308_005,Marine,Navigable,
AKDECWQ,AKDECWQ-HA04_HSLP,HA04_HSLP,Haines 04,59.2327,-135.4386,1901030308_,Portage Cove,AK_M_1030308_005,Marine,Navigable,
AKDECWQ,AKDECWQ-HA05_HSLP,HA05_HSLP,Haines 05,59.2356,-135.4364,1901030308_,Portage Cove,AK_M_1030308_005,Marine,Navigable,
AKDECWQ,AKDECWQ-HA06_HSLP,HA06_HSLP,Haines 06,59.2706,-135.4382,1901030308_,Tanani Bay,AK_M_1030308_007,Marine,Navigable,
AKDECWQ,AKDECWQ-HO01_HSLP,HO01_HSLP,Hoonah 01,58.1371,-135.4612,1901021109_,Port Frederick,AK_M_1021109_005,Marine,Navigable,
AKDECWQ,AKDECWQ-HO02_HSLP,HO02_HSLP,Hoonah 02,58.1345,-135.4657,1901021109_,Port Frederick,AK_M_1021109_005,Marine,Navigable,
AKDECWQ,AKDECWQ-HO03_HSLP,HO03_HSLP,Hoonah 03,58.1289,-135.4668,1901021109_,Port Frederick,AK_M_1021109_005,Marine,Navigable,
AKDECWQ,AKDECWQ-HO04_HSLP,HO04_HSLP,Hoonah 04,58.1348,-135.4793,1901021109_,Port Frederick,AK_M_1021109_005,Marine,Navigable,
AKDECWQ,AKDECWQ-HO05_HSLP,HO05_HSLP,Hoonah 05,58.1164,-135.4593,1901021109_,Hoonah Harbor,AK_M_1021109_002,Marine,Navigable,
AKDECWQ,AKDECWQ-HO06_HSLP,HO06_HSLP,Hoonah 06,58.1116,-135.4504,1901021109_,Hoonah Harbor,AK_M_1021109_002,Marine,Navigable,
AKDECWQ,AKDECWQ-HO07_HSLP,HO07_HSLP,Hoonah 07,58.1076,-135.4491,1901021109_,Hoonah Harbor,AK_M_1021109_002,Marine,Navigable,
AKDECWQ,AKDECWQ-HO08_HSLP,HO08_HSLP,Hoonah 08,58.1045,-135.4517,1901021109_,East Port Frederick,AK_M_1021109_010,Marine,Navigable,
AKDECWQ,AKDECWQ-HR01_HSLP,HR01_HSLP,Homer 01,59.6183,-151.4241,1902030108_,Homer Harbor,AK_M_2030108_006,Marine,Navigable,
AKDECWQ,AKDECWQ-HR02_HSLP,HR02_HSLP,Homer 02,59.6041,-151.4185,1902030108_,Homer Harbor,AK_M_2030108_006,Marine,Navigable,
AKDECWQ,AKDECWQ-HR03_HSLP,HR03_HSLP,Homer 03,59.6094,-151.4212,1902030108_,Homer Harbor,AK_M_2030108_006,Marine,Navigable,
AKDECWQ,AKDECWQ-HR04_HSLP,HR04_HSLP,Homer 04,59.6064,-151.4132,1902030108_,Homer Harbor,AK_M_2030108_006,Marine,Navigable,
AKDECWQ,AKDECWQ-HR05_HSLP,HR05_HSLP,Homer 05,59.6034,-151.4094,1902030108_,Homer Harbor,AK_M_2030108_006,Marine,Navigable,
AKDECWQ,AKDECWQ-HR06_HSLP,HR06_HSLP,Homer 06,59.5982,-151.4050,1902030108_,Homer Harbor,AK_M_2030108_006,Marine,Navigable,
AKDECWQ,AKDECWQ-IS01_HSLP,IS01_HSLP,Icy Strait 01,58.1545,-134.9898,1901030214_,Swanson Harbor,AK_M_1030214_001,Marine,Navigable,
AKDECWQ,AKDECWQ-IS02_HSLP,IS02_HSLP,Icy Strait 02,58.2983,-135.7742,1901050006_,Icy Strait,AK_M_1050006_003,Marine,Navigable,
AKDECWQ,AKDECWQ-JU01_HSLP,JU01_HSLP,Juneau 01,58.2964,-134.4247,1901030106_,Harris Harbor,AK_M_1030106_003,Marine,Navigable,
AKDECWQ,AKDECWQ-JU02_HSLP,JU02_HSLP,Juneau 02,58.2965,-134.4076,1901030106_,Harris Harbor,AK_M_1030106_003,Marine,Navigable,
AKDECWQ,AKDECWQ-JU05_HSLP,JU05_HSLP,Juneau 05,58.2949,-134.4021,1901030106_,Harris Harbor,AK_M_1030106_003,Marine,Navigable,
AKDECWQ,AKDECWQ-JU06_HSLP,JU06_HSLP,Juneau 06,58.2927,-134.4064,1901030106_,Harris Harbor,AK_M_1030106_003,Marine,Navigable,
AKDECWQ,AKDECWQ-JU07_HSLP,JU07_HSLP,Juneau 07,58.2917,-134.3959,1901030106_,Harris Harbor,AK_M_1030106_003,Marine,Navigable,
AKDECWQ,AKDECWQ-JU08_HSLP,JU08_HSLP,Juneau 08,58.2893,-134.4006,1901030106_,Harris Harbor,AK_M_1030106_003,Marine,Navigable,
AKDECWQ,AKDECWQ-JU09_HSLP,JU09_HSLP,Juneau 09,58.2847,-134.3974,1901030106_,Harris Harbor,AK_M_1030106_003,Marine,Navigable,
AKDECWQ,AKDECWQ-JU10_HSLP,JU10_HSLP,Juneau 10,58.2773,-134.3861,1901030106_,Douglas Boat Harbor,AK_M_1030106_001,Marine,Navigable,
AKDECWQ,AKDECWQ-JU11_HSLP,JU11_HSLP,Juneau 11,58.3008,-134.4290,1901030106_,Harris Harbor,AK_M_1030106_003,Marine,Navigable,
AKDECWQ,AKDECWQ-JU12_HSLP,JU12_HSLP,Juneau 12,58.3074,-134.4398,1901030106_,Harris Harbor,AK_M_1030106_003,Marine,Navigable,
AKDECWQ,AKDECWQ-JU13_HSLP,JU13_HSLP,Juneau 13,58.2744,-134.3662,1901030106_,Gastineau Channel,AK_M_1030106_002,Marine,Navigable,
AKDECWQ,AKDECWQ-KDK01_HSLP,KDK01_HSLP,Kodiak 01,57.7852,-152.4094,1902070115_,Kodiak Harbor,AK_M_2070115_007,Marine,Navigable,
AKDECWQ,AKDECWQ-KDK02_HSLP,KDK02_HSLP,Kodiak 02,57.7832,-152.4254,1902070115_,Kodiak Harbor,AK_M_2070115_007,Marine,Navigable,
AKDECWQ,AKDECWQ-KDK03_HSLP,KDK03_HSLP,Kodiak 03,57.7750,-152.4172,1902070115_,Saint Herman Bay,AK_M_2070115_011,Marine,Navigable,
AKDECWQ,AKDECWQ-KDK04_HSLP,KDK04_HSLP,Kodiak 04,57.7897,-152.3915,1902070115_,Kodiak Harbor,AK_M_2070115_007,Marine,Navigable,
AKDECWQ,AKDECWQ-KDK05_HSLP,KDK05_HSLP,Kodiak 05,57.8308,-152.3357,1902070114_,Mill Bay,AK_M_2070114_018,Marine,Navigable,
AKDECWQ,AKDECWQ-KDK06_HSLP,KDK06_HSLP,Kodiak 06,57.8126,-152.3053,1902070115_,Woody Island Channel,AK_M_2070115_016,Marine,Navigable,
AKDECWQ,AKDECWQ-KE01_HSLP,KE01_HSLP,Ketchikan 01,55.3386,-131.6434,1901010204_,Tongass Narrows,AK_M_1010204_010,Marine,Navigable,
AKDECWQ,AKDECWQ-KE02_HSLP,KE02_HSLP,Ketchikan 02,55.3363,-131.6454,1901010204_,Tongass Narrows,AK_M_1010204_010,Marine,Navigable,
AKDECWQ,AKDECWQ-KE03_HSLP,KE03_HSLP,Ketchikan 03,55.3405,-131.6592,1901010204_,Tongass Narrows 1,AK_M_1010204_006,Marine,Navigable,
AKDECWQ,AKDECWQ-KE04_HSLP,KE04_HSLP,Ketchikan 04,55.3438,-131.6561,1901010204_,Tongass Narrows 1,AK_M_1010204_006,Marine,Navigable,
AKDECWQ,AKDECWQ-KE05_HSLP,KE05_HSLP,Ketchikan 05,55.3454,-131.6626,1901010204_,Tongass Narrows 1,AK_M_1010204_006,Marine,Navigable,
AKDECWQ,AKDECWQ-KE06_HSLP,KE06_HSLP,Ketchikan 06,55.3420,-131.6668,1901010204_,Tongass Narrows 1,AK_M_1010204_006,Marine,Navigable,
AKDECWQ,AKDECWQ-KE07_HSLP,KE07_HSLP,Ketchikan 07,55.3300,-131.6259,1901010204_,Tongass Narrows,AK_M_1010204_010,Marine,Navigable,
AKDECWQ,AKDECWQ-KE08_HSLP,KE08_HSLP,Ketchikan 08,55.3468,-131.6706,1901010204_,Tongass Narrows 1,AK_M_1010204_006,Marine,Navigable,
AKDECWQ,AKDECWQ-KE09_HSLP,KE09_HSLP,Ketchikan 09,55.3480,-131.6879,1901010204_,Tongass Narrows 1,AK_M_1010204_006,Marine,Navigable,
AKDECWQ,AKDECWQ-LC01_HSLP,LC01_HSLP,Lynn Canal 01,58.5702,-134.9415,1901030108_,Lynn Canal,AK_M_1030108_001,Marine,Navigable,
AKDECWQ,AKDECWQ-LC02_HSLP,LC02_HSLP,Lynn Canal 02,58.9982,-135.2790,1901030308_,Chilkoot Inlet,AK_M_1030308_001,Marine,Navigable,
AKDECWQ,AKDECWQ-MP_HSLP,MP_HSLP,Middle Point,58.2408,-134.6421,1901020401_,Young Bay,AK_M_1020401_005,Marine,Navigable,
AKDECWQ,AKDECWQ-NC_HSLP,NC_HSLP,North Cove,58.2960,-136.3306,1901050006_,North Inian Pass,AK_M_1050006_004,Marine,Navigable,
AKDECWQ,AKDECWQ-NI01_HSLP,NI01_HSLP,Nichols Passage 01,55.2897,-131.6105,1901010207_,Annette Bay,AK_M_1010207_001,Marine,Navigable,
AKDECWQ,AKDECWQ-NI02_HSLP,NI02_HSLP,Nichols Passage 02,55.1093,-131.6578,1901010207_,Nichols Passage,AK_M_1010207_008,Marine,Navigable,
AKDECWQ,AKDECWQ-NME01_HSLP,NME01_HSLP,Nome 01,64.4944,-165.4373,1905010417_,Snake River,AK_M_5010417_001,Marine,Navigable,
AKDECWQ,AKDECWQ-NME02_HSLP,NME02_HSLP,Nome 02,64.5003,-165.4230,1905010417_,Snake River,AK_M_5010417_001,Marine,Navigable,
AKDECWQ,AKDECWQ-NME03_HSLP,NME03_HSLP,Nome 03,64.5017,-165.4550,1905010417_,Snake River,AK_M_5010417_001,Marine,Navigable,
AKDECWQ,AKDECWQ-NME04_HSLP,NME04_HSLP,Nome 04,64.4942,-165.3942,1905010417_,Snake River,AK_M_5010417_001,Marine,Navigable,
AKDECWQ,AKDECWQ-NME05_HSLP,NME05_HSLP,Nome 05,64.4805,-165.2979,1905010416_,Nome River,AK_M_5010416_001,Marine,Navigable,
AKDECWQ,AKDECWQ-NME06_HSLP,NME06_HSLP,Nome 06,64.4584,-165.4774,1905010420_,Port Safety,AK_M_5010420_001,Marine,Navigable,
AKDECWQ,AKDECWQ-PE01_HSLP,PE01_HSLP,Petersburg 01,56.8274,-132.9378,1901021010_,Hammer Slough,AK_M_1021010_006,Marine,Navigable,
AKDECWQ,AKDECWQ-PE02_HSLP,PE02_HSLP,Petersburg 02,56.8164,-132.9602,1901021010_,Hammer Slough,AK_M_1021010_006,Marine,Navigable,
AKDECWQ,AKDECWQ-PE03_HSLP,PE03_HSLP,Petersburg 03,56.8122,-132.9667,1901021010_,Hammer Slough,AK_M_1021010_006,Marine,Navigable,
AKDECWQ,AKDECWQ-PE04_HSLP,PE04_HSLP,Petersburg 04,56.8099,-132.9736,1901021010_,Hammer Slough,AK_M_1021010_006,Marine,Navigable,
AKDECWQ,AKDECWQ-PE05_HSLP,PE05_HSLP,Petersburg 05,56.8076,-132.9796,1901021010_,Hammer Slough,AK_M_1021010_006,Marine,Navigable,
AKDECWQ,AKDECWQ-PE06_HSLP,PE06_HSLP,Petersburg 06,56.7993,-132.9857,1901021010_,Hammer Slough,AK_M_1021010_006,Marine,Navigable,
AKDECWQ,AKDECWQ-PS_HSLP,PS_HSLP,Peril Strait,57.5693,-135.3549,1901050011_,Peril Strait,AK_M_1050011_007,Marine,Navigable,
AKDECWQ,AKDECWQ-SC_HSLP,SC_HSLP,Sunny Cove,59.9177,-149.3639,1902020206_,Sunny Cove,AK_M_2020206_011,Marine,Navigable,
AKDECWQ,AKDECWQ-SE01_HSLP,SE01_HSLP,Seward 01,60.1144,-149.4155,1902020205_,Derby Cove,AK_M_2020205_001,Marine,Navigable,
AKDECWQ,AKDECWQ-SE02_HSLP,SE02_HSLP,Seward 02,60.1185,-149.4262,1902020205_,Derby Cove,AK_M_2020205_001,Marine,Navigable,
AKDECWQ,AKDECWQ-SE03_HSLP,SE03_HSLP,Seward 03,60.1183,-149.4294,1902020205_,Derby Cove,AK_M_2020205_001,Marine,Navigable,
AKDECWQ,AKDECWQ-SE04_HSLP,SE04_HSLP,Seward 04,60.1161,-149.4328,1902020205_,Derby Cove,AK_M_2020205_001,Marine,Navigable,
AKDECWQ,AKDECWQ-SE05_HSLP,SE05_HSLP,Seward 05,60.1067,-149.4318,1902020205_,Derby Cove,AK_M_2020205_001,Marine,Navigable,
AKDECWQ,AKDECWQ-SE06_HSLP,SE06_HSLP,Seward 06,60.0971,-149.4155,1902020205_,Derby Cove,AK_M_2020205_001,Marine,Navigable,
AKDECWQ,AKDECWQ-SI01_HSLP,SI01_HSLP,Sitka 01,57.0489,-135.3301,1901021211_,Crescent Bay,AK_M_1021211_005,Marine,Navigable,
AKDECWQ,AKDECWQ-SI02_HSLP,SI02_HSLP,Sitka 02,57.0443,-135.3218,1901021211_,Crescent Bay,AK_M_1021211_005,Marine,Navigable,
AKDECWQ,AKDECWQ-SI03_HSLP,SI03_HSLP,Sitka 03,57.0454,-135.3350,1901021211_,Crescent Bay,AK_M_1021211_005,Marine,Navigable,
AKDECWQ,AKDECWQ-SI04_HSLP,SI04_HSLP,Sitka 04,57.0362,-135.3088,1901021211_,Eastern Channel,AK_M_1021211_007,Marine,Navigable,
AKDECWQ,AKDECWQ-SI05_HSLP,SI05_HSLP,Sitka 05,57.0484,-135.3418,1901021212_,Sitka Channel,AK_M_1021212_017,Marine,Navigable,
AKDECWQ,AKDECWQ-SI06_HSLP,SI06_HSLP,Sitka 06,57.0551,-135.3514,1901021212_,Sitka Channel,AK_M_1021212_017,Marine,Navigable,
AKDECWQ,AKDECWQ-SI07_HSLP,SI07_HSLP,Sitka 07,57.0600,-135.3590,1901021212_,Thomsen Harbor,AK_M_1021212_013,Marine,Navigable,
AKDECWQ,AKDECWQ-SI08_HSLP,SI08_HSLP,Sitka 08,57.0630,-135.3675,1901021212_,Thomsen Harbor,AK_M_1021212_013,Marine,Navigable,
AKDECWQ,AKDECWQ-SI09_HSLP,SI09_HSLP,Sitka 09,57.1161,-135.3965,1901021212_,Starrigavan Bay,AK_M_1021212_012,Marine,Navigable,
AKDECWQ,AKDECWQ-SI10_HSLP,SI10_HSLP,Sitka 10,57.1179,-135.3935,1901021212_,Starrigavan Bay,AK_M_1021212_012,Marine,Navigable,
AKDECWQ,AKDECWQ-SK01_HSLP,SK01_HSLP,Skagway 01,59.4496,-135.3330,1901030305_,Skagway Harbor,AK_M_1030305_003,Marine,Navigable,
AKDECWQ,AKDECWQ-SK02_HSLP,SK02_HSLP,Skagway 02,59.4505,-135.3267,1901030305_,Skagway Harbor,AK_M_1030305_003,Marine,Navigable,
AKDECWQ,AKDECWQ-SK03_HSLP,SK03_HSLP,Skagway 03,59.4512,-135.3231,1901030305_,Skagway Harbor,AK_M_1030305_003,Marine,Navigable,
AKDECWQ,AKDECWQ-SK04_HSLP,SK04_HSLP,Skagway 04,59.4489,-135.3235,1901030305_,Skagway Harbor,AK_M_1030305_003,Marine,Navigable,
AKDECWQ,AKDECWQ-SK05_HSLP,SK05_HSLP,Skagway 05,59.4445,-135.3290,1901030305_,Skagway Harbor,AK_M_1030305_003,Marine,Navigable,
AKDECWQ,AKDECWQ-SK06_HSLP,SK06_HSLP,Skagway 06,59.4459,-135.3317,1901030305_,Skagway Harbor,AK_M_1030305_003,Marine,Navigable,
AKDECWQ,AKDECWQ-SK07_HSLP,SK07_HSLP,Skagway 07,59.4418,-135.3453,1901030305_,Skagway Harbor,AK_M_1030305_003,Marine,Navigable,
AKDECWQ,AKDECWQ-SP01_HSLP,SP01_HSLP,Stephens Passage 01,57.2848,-133.7560,1901050001_,Stephens Passage,AK_M_1050001_001,Marine,Navigable,
AKDECWQ,AKDECWQ-SP02_HSLP,SP02_HSLP,Stephens Passage 02,58.2102,-134.1140,1901030409_,Taku Inlet,AK_M_1030409_004,Marine,Navigable,
AKDECWQ,AKDECWQ-SP03_HSLP,SP03_HSLP,Stephens Passage 03,57.7398,-133.6705,1901020612_,Holkham Bay,AK_M_1020612_003,Marine,Navigable,
AKDECWQ,AKDECWQ-SS01_HSLP,SS01_HSLP,Sumner Strait 01,56.3403,-133.1292,1901050008_,Sumner Strait,AK_M_1050008_001,Marine,Navigable,
AKDECWQ,AKDECWQ-SS02_HSLP,SS02_HSLP,Sumner Strait 02,56.3990,-133.4593,1901050008_,Sumner Strait,AK_M_1050008_001,Marine,Navigable,
AKDECWQ,AKDECWQ-SS03_HSLP,SS03_HSLP,Sumner Strait 03,56.5020,-132.6827,1901021012_,Blind Slough,AK_M_1021012_001,Marine,Navigable,
AKDECWQ,AKDECWQ-Stikine_HSLP,Stikine_HSLP,Stikine Strait ,56.3755,-132.5915,1901020903_,Stikine Strait,AK_M_1020903_010,Marine,Navigable,
AKDECWQ,AKDECWQ-Storey_HSLP,Storey_HSLP,Storey Island,60.7474,-147.4580,1902020302_,Liljegren Passage,AK_M_2020302_015,Marine,Navigable,
AKDECWQ,AKDECWQ-TB_HSLP,TB_HSLP,Tebenkof Bay,56.4912,-134.1920,1901021008_,Tebenkof Bay,AK_M_1021008_007,Marine,Navigable,
AKDECWQ,AKDECWQ-UQK01_HSLP,UQK01_HSLP,Utqiagvik 01,71.3335,-156.6724,1906020201_,Eluitkak Pass,AK_M_6020201_004,Marine,Navigable,
AKDECWQ,AKDECWQ-UQK02_HSLP,UQK02_HSLP,Utqiagvik 02,71.3056,-156.7633,1906020201_,Eluitkak Pass,AK_M_6020201_004,Marine,Navigable,
AKDECWQ,AKDECWQ-UQK03_HSLP,UQK03_HSLP,Utqiagvik 03,71.2929,-156.7967,1906020201_,Eluitkak Pass,AK_M_6020201_004,Marine,Navigable,
AKDECWQ,AKDECWQ-UQK04_HSLP,UQK04_HSLP,Utqiagvik 04,71.2821,-156.8254,1906020201_,Eluitkak Pass,AK_M_6020201_004,Marine,Navigable,
AKDECWQ,AKDECWQ-VA01_HSLP,VA01_HSLP,Valdez 01,61.1230,-146.3935,1902020111_,Port Valdez Small Boat Harbor,AK_M_2020111_011,Marine,Navigable,
AKDECWQ,AKDECWQ-VA02_HSLP,VA02_HSLP,Valdez 02,61.1237,-146.3597,1902020111_,Port Valdez Small Boat Harbor,AK_M_2020111_011,Marine,Navigable,
AKDECWQ,AKDECWQ-VA03_HSLP,VA03_HSLP,Valdez 03,61.1231,-146.3669,1902020111_,Port Valdez Small Boat Harbor,AK_M_2020111_011,Marine,Navigable,
AKDECWQ,AKDECWQ-VA04_HSLP,VA04_HSLP,Valdez 04,61.1252,-146.3495,1902020111_,Port Valdez Small Boat Harbor,AK_M_2020111_011,Marine,Navigable,
AKDECWQ,AKDECWQ-VA05_HSLP,VA05_HSLP,Valdez 05,61.1213,-146.3374,1902020111_,Port Valdez Small Boat Harbor,AK_M_2020111_011,Marine,Navigable,
AKDECWQ,AKDECWQ-VA06_HSLP,VA06_HSLP,Valdez 06,61.1092,-146.4374,1902020111_,Port Valdez,AK_M_2020111_005,Marine,Navigable,
AKDECWQ,AKDECWQ-WA01_HSLP,WA01_HSLP,Ward Cove 01,55.3937,-131.7440,1901010204_,Tongass Narrows 2,AK_M_1010204_010,Marine,Navigable,
AKDECWQ,AKDECWQ-WA02_HSLP,WA02_HSLP,Ward Cove 02,55.4016,-131.7309,1901010204_,Ward Cove,AK_M_1010204_008,Marine,Navigable,
AKDECWQ,AKDECWQ-WA03_HSLP,WA03_HSLP,Ward Cove 03,55.4062,-131.7255,1901010204_,Ward Cove,AK_M_1010204_008,Marine,Navigable,
AKDECWQ,AKDECWQ-WA04_HSLP,WA04_HSLP,Ward Cove 04,55.4064,-131.7203,1901010204_,Ward Cove,AK_M_1010204_008,Marine,Navigable,
AKDECWQ,AKDECWQ-WA05_HSLP,WA05_HSLP,Ward Cove 05,55.4037,-131.7218,1901010204_,Ward Cove,AK_M_1010204_008,Marine,Navigable,
AKDECWQ,AKDECWQ-WA06_HSLP,WA06_HSLP,Ward Cove 06,55.4006,-131.7255,1901010204_,Ward Cove,AK_M_1010204_008,Marine,Navigable,
AKDECWQ,AKDECWQ-WH01_HSLP,WH01_HSLP,Whittier 01,60.7777,-148.7093,1902020120_,Whittier Creek,AK_M_2020120_011,Marine,Navigable,
AKDECWQ,AKDECWQ-WH02_HSLP,WH02_HSLP,Whittier 02,60.7782,-148.7024,1902020120_,Whittier Creek,AK_M_2020120_011,Marine,Navigable,
AKDECWQ,AKDECWQ-WH03_HSLP,WH03_HSLP,Whittier 03,60.7788,-148.6989,1902020120_,Whittier Creek,AK_M_2020120_011,Marine,Navigable,
AKDECWQ,AKDECWQ-WH04_HSLP,WH04_HSLP,Whittier 04,60.7779,-148.6926,1902020120_,Whittier Creek,AK_M_2020120_011,Marine,Navigable,
AKDECWQ,AKDECWQ-WH05_HSLP,WH05_HSLP,Whittier 05,60.7776,-148.6820,1902020120_,Whittier Creek,AK_M_2020120_011,Marine,Navigable,
AKDECWQ,AKDECWQ-WH06_HSLP,WH06_HSLP,Whittier 06,60.8112,-148.4530,1902020120_,Whittier Creek,AK_M_2020120_011,Marine,Navigable,
AKDECWQ,AKDECWQ-WR01_HSLP,WR01_HSLP,Wrangell 01,56.4875,-132.3960,1901050002_,Eastern Passage,AK_M_1050002_002,Marine,Navigable,
AKDECWQ,AKDECWQ-WR02_HSLP,WR02_HSLP,Wrangell 02,56.4642,-132.3983,1901020904_,Wrangell Harbor,AK_M_1020904_004,Marine,Navigable,
AKDECWQ,AKDECWQ-WR03_HSLP,WR03_HSLP,Wrangell 03,56.4705,-132.3903,1901020904_,Wrangell Harbor,AK_M_1020904_004,Marine,Navigable,
AKDECWQ,AKDECWQ-WR04_HSLP,WR04_HSLP,Wrangell 04,56.4677,-132.3852,1901020904_,Wrangell Harbor,AK_M_1020904_004,Marine,Navigable,
AKDECWQ,AKDECWQ-WR05_HSLP,WR05_HSLP,Wrangell 05,56.4591,-132.3871,1901020904_,Wrangell Harbor,AK_M_1020904_004,Marine,Navigable,
AKDECWQ,AKDECWQ-WR06_HSLP,WR06_HSLP,Wrangell 06,56.4642,-132.3983,1901020904_,Wrangell Harbor,AK_M_1020904_004,Marine,Navigable,
AKDECWQ,AKDECWQ-WS_HSLP,WS_HSLP,Warm Springs,57.2803,-134.8513,1901021201_,Kelp Bay,AK_M_1021201_001,Marine,Navigable,
AKDECWQ,AKDECWQ-JC-JordanAveSouth,JC-JordanAveSouth,Jordan Creek-Jordan Avenue South,58.360121,-134.579727,1901030106,Jordan Creek,AK_R_1030106_014,River,Unknown,
AKDECWQ,AKDECWQ-JC-Egan,JC-Egan,Jordan Creek Egan,58.366779,-134.577177,1901030106,Jordan Creek,AK_R_1030106_014,River,Unknown,
AKDECWQ,AKDECWQ-JC-Glacier,JC-Glacier,Jordan Creek Glacier,58.362528,-134.581459,1901030106,Jordan Creek,AK_R_1030106_014,River,Unknown,
AKDECWQ,AKDECWQ-WHADA-WA01,WHADA-WA01,Wasilla Creek,61.66172415,-149.1883615,1902040108,Wasilla Creek,AK_R_2040108_022,River,Non-navigable,
AKDECWQ,AKDECWQ-KR RM 20.75,KR RM 20.75,Kenai River - River Mile 20.75,60.48051,-151.10495,1902030218,Kenai River,AK_R_2030218_002_002,River,Navigable,
AKDECWQ,AKDECWQ-KR RM 31,KR RM 31,Kenai River - River Mile 31,60.49797,-150.8633,1902030218,Kenai River,AK_R_2030218_002_002,River,Navigable,
AKDECWQ,AKDECWQ-KR RM 21,KR RM 21,Kenai River - River Mile 21 - Soldotna Bridge,60.47676,-151.08232,1902030218,Kenai River,AK_R_2030218_002_002,River,Navigable,
AKDECWQ,AKDECWQ-KR RM 19.1,KR RM 19.1,Kenai River - River Mile 19.1,60.47629,-151.11902,1902030218,Kenai River,AK_R_2030218_002_002,River,Navigable,
AKDECWQ,AKDECWQ-WHADA-Che33,WHADA-Che33,Chester Creek,61.20574,-149.717616,1902040108,Chester Creek,AK_R_2040108_003,River,Unknown,
AKDECWQ,AKDECWQ-KR RM 19 SC,KR RM 19 SC,Kenai River - River Mile 19 - Slikok Creek,60.48255,-151.12753,1902030218,Slikok Creek,AK_R_2030218_006,River,Unknown,
AKDECWQ,AKDECWQ-KR RM 12.75,KR RM 12.75,Kenai River - River Mile 12.75 - Upstream Pillars Boat Launch,60.53261,-151.10283,1902030218,Kenai River,AK_R_2030218_002_001,River,Navigable,
AKDECWQ,AKDECWQ-KR RM 5,KR RM 5,Kenai River - River Mile 5,60.52553,-151.20901,1902030218,Kenai River,AK_R_2030218_002_001,River,Navigable,
AKDECWQ,AKDECWQ-KR RM 21.1,KR RM 21.1,Kenai River - River Mile 21.1 - Upstream Soldotna Bridge,60.47637,-151.08139,1902030218,Kenai River,AK_R_2030218_002_002,River,Navigable,
AKDECWQ,AKDECWQ-KR RM 23,KR RM 23,Kenai River - River Mile 23 - Swiftwater Park,60.48072,-151.02959,1902030218,Kenai River,AK_R_2030218_002_002,River,Navigable,
AKDECWQ,AKDECWQ-KR RM 76,KR RM 76,Kenai River - River Mile 76,60.484,-149.95114,1902030214,Kenai River,AK_R_2030214_007,River,Non-navigable,
AKDECWQ,AKDECWQ-AnchBact20-01,AnchBact20-01,Campbell Creek,61.177817,-149.825138,1902040106,Campbell Creek,AK_R_2040106_001,River,Undetermined,
AKDECWQ,AKDECWQ-WHADA-LCCr-7.5,WHADA-LCCr-7.5,Little Campbell Creek,61.11339175,-149.7088856,1902040106,Little Campbell Creek,AK_R_2040106_004,River,Undetermined,
AKDECWQ,AKDECWQ-KR RM 10.1,KR RM 10.1,Kenai River - River Mile 10.1,60.53845,-151.14294,1902030218,Kenai River,AK_R_2030218_002_001,River,Navigable,
AKDECWQ,AKDECWQ-WHADA-Che3,WHADA-Che3,Chester Creek,61.20476,-149.899965,1902040108,Chester Creek,AK_R_2040108_003,River,Unknown,
AKDECWQ,AKDECWQ-KR RM 40,KR RM 40,Kenai River - River Mile 40,60.51557,-150.70308,1902030218,Kenai River,AK_R_2030218_002_002,River,Navigable,
AKDECWQ,AKDECWQ-WHADA-LSuRi-86,WHADA-LSuRi-86,Little Susitna River,61.716906,-149.2316,1902050512,Little Susitna River,AK_R_2050512_016_009,River,Navigable,
AKDECWQ,AKDECWQ-WHADA-WA04,WHADA-WA04,Wasilla Creek,61.56713608,-149.3141876,1902040108,Wasilla Creek,AK_R_2040108_022,River,Non-navigable,
AKDECWQ,AKDECWQ-KR RM 70,KR RM 70,Kenai River - River Mile 70 - Jim's Landing,60.48193,-150.11447,1902030214,Kenai River,AK_R_2030214_007,River,Non-navigable,
AKDECWQ,AKDECWQ-WHADA-LCCr-2.1,WHADA-LCCr-2.1,Little Campbell Creek,61.147444,-149.853096,1902040106,Little Campbell Creek,AK_R_2040106_004,River,Undetermined,
AKDECWQ,AKDECWQ-KR RM 19,KR RM 19,Kenai River - River Mile 19,60.48177,-151.1308,1902030218,Kenai River,AK_R_2030218_002_002,River,Navigable,
AKDECWQ,AKDECWQ-WHADA-ShCr-1.3,WHADA-ShCr-1.3,Ship Creek,61.223394,-149.874029,1902040104,Ship Creek,AK_R_2040104_002_001,River,Undetermined,
AKDECWQ,AKDECWQ-WHADA-SoCr-0.05,WHADA-SoCr-0.05,Soldotna Creek,60.483834,-151.0568701,1902030218,Soldotna Creek,AK_R_2030218_007,River,Unknown,
AKDECWQ,AKDECWQ-WHADA-ShCr-11,WHADA-ShCr-11,Ship Creek,61.225188,-149.64973,1902040104,Ship Creek,AK_R_2040104_002_002,River,Undetermined,
AKDECWQ,AKDECWQ-WHADA-Cam6,WHADA-Cam6,Campbell Creek,61.139387,-149.92181,1902040106,Campbell Creek,AK_R_2040106_001,River,Undetermined,
AKDECWQ,AKDECWQ-WHADA-SoCr-4.5,WHADA-SoCr-4.5,Soldotna Creek,60.515439,-150.980252,1902030218,Soldotna Creek,AK_R_2030218_007,River,Unknown,
AKDECWQ,AKDECWQ-WHADA-LSuRi-55,WHADA-LSuRi-55,Little Susitna River,61.626459,-149.806021,1902050512,Little Susitna River,AK_R_2050512_016_005,River,Navigable,
AKDECWQ,AKDECWQ-WHADA-JoCr-1.5,WHADA-JoCr-1.5,Jordan Creek,58.3581518,-134.5749,1901030106,Jordan Creek,AK_R_1030106_014,River,Unknown,
AKDECWQ,AKDECWQ-WHADA-ShCr-12.4,WHADA-ShCr-12.4,Ship Creek,61.224396,-149.6305,1902040104,Ship Creek,AK_R_2040104_002_002,River,Undetermined,
AKDECWQ,AKDECWQ-WHADA-ChRi-6.0,WHADA-ChRi-6.0,Chena River,64.840359,-147.817503,1908030609,Chena River,AK_R_8030609_003,River,Navigable,
AKDECWQ,AKDECWQ-WHADA-ChRi-45.3,WHADA-ChRi-45.3,Chena River,64.79441,-147.191477,1908030606,Chena River,AK_R_8030606_001,River,Navigable,
AKDECWQ,AKDECWQ-WHADA-JoCr-2.3,WHADA-JoCr-2.3,Jordan Creek,58.3665648,-134.5773,1901030106,Jordan Creek,AK_R_1030106_014,River,Unknown,
AKDECWQ,AKDECWQ-CS-5,CS-5,Chena Slough Persinger,64.8348,-147.4875,1908030609,Chena Slough,AK_R_8030609_004_001,River,"Conflict (State=Nav, Fed=Non-nav)",
AKDECWQ,AKDECWQ-CS-4,CS-4,Chena Slough Peede,64.8345,-147.4875,1908030609,Chena Slough,AK_R_8030609_004_001,River,"Conflict (State=Nav, Fed=Non-nav)",
AKDECWQ,AKDECWQ-CS-3,CS-3,Chena Slough Plack,64.777,-147.3536,1908030609,Chena Slough,AK_R_8030609_004_001,River,"Conflict (State=Nav, Fed=Non-nav)",
AKDECWQ,AKDECWQ-CS-2,CS-2,Chena Slough Airway,64.76957,-147.3434,1908030609,Chena Slough,AK_R_8030609_004_001,River,"Conflict (State=Nav, Fed=Non-nav)",
AKDECWQ,AKDECWQ-CS-6,CS-6,Nordale,64.814283,-147.411905,1908030609,Chena Slough,AK_R_8030609_004_001,River,"Conflict (State=Nav, Fed=Non-nav)",
AKDECWQ,AKDECWQ-CS-1,CS-1,Chena Slough Mission,64.74777,-147.31668,1908030609,Chena Slough,AK_R_8030609_004_001,River,"Conflict (State=Nav, Fed=Non-nav)",
AKDECWQ,AKDECWQ-AnchBact20-14,AnchBact20-14,Rabbit Creek,61.08427,-149.825035,1902040107,Rabbit Creek,AK_R_2040107_005,River,Unknown,
AKDECWQ,AKDECWQ-AnchBact20-15,AnchBact20-15,Rainbow Creek,61.000648,-149.642506,1902030207,Rainbow Creek,AK_R_2030207_018,River,Unknown,
AKDECWQ,AKDECWQ-AnchBact20-05,AnchBact20-05,Eagle River,61.310353,-149.576255,1902040103,Eagle River,AK_R_2040103_003_004,River,Undetermined,
AKDECWQ,AKDECWQ-AnchBact20-11,AnchBact20-11,McHugh Creek,61.017844,-149.731088,1902030207,McHugh Creek,AK_R_2030207_012,River,Unknown,
AKDECWQ,AKDECWQ-AnchBact20-04,AnchBact20-04,Craig Creek,61.133343,-149.784853,1902040106,Craig Creek,AK_R_2040106_005,River,Unknown,
AKDECWQ,AKDECWQ-AnchBact20-13,AnchBact20-13,Potter Creek,61.050488,-149.794517,1902040107,Potter Creek,AK_R_2040107_004,River,Unknown,
AKDECWQ,AKDECWQ-AnchBact20-12,AnchBact20-12,Peters Creek,61.420809,-149.485839,1902040102,Peters Creek,AK_R_2040102_002,River,Unknown,
AKDECWQ,AKDECWQ-AnchBact20-Che3,AnchBact20-Che3,Chester Creek - Lower,61.204757,-149.899965,1902040108,Chester Creek,AK_R_2040108_003,River,Unknown,
AKDECWQ,AKDECWQ-AnchBact20-Fur3,AnchBact20-Fur3,Furrow Creek - Lower,61.105813,-149.881275,1902040107,Furrow Creek,AK_R_2040107_002,River,Unknown,
AKDECWQ,AKDECWQ-AnchBact20-Cam6,AnchBact20-Cam6,Campbell Creek - Lower,61.139387,-149.92181,1902040106,Campbell Creek,AK_R_2040106_001,River,Undetermined,
AKDECWQ,AKDECWQ-AnchBact20-18,AnchBact20-18,Chester Creek - Mid,61.184617,-149.794537,1902040108,Chester Creek,AK_R_2040108_003,River,Unknown,
AKDECWQ,AKDECWQ-AnchBact20-LSur2,AnchBact20-LSur2,Little Survival Creek - Lower,61.068538,-149.79956,1902040107,Little Survival Creek,AK_R_2040107_007,River,Unknown,
AKDECWQ,AKDECWQ-AnchBact20-10,AnchBact20-10,Little Survival Creek - Upper,61.06016,-149.746257,1902040107,Little Survival Creek,AK_R_2040107_007,River,Unknown,
AKDECWQ,AKDECWQ-AnchBact20-FC11,AnchBact20-FC11,Fish Creek - S Fork Upper,61.179487,-149.930347,1902040108,Fish Creek,AK_R_2040108_009,River,Unknown,
AKDECWQ,AKDECWQ-AnchBact20-06,AnchBact20-06,Fish Creek - N Fork Upper,61.18267,-149.842264,1902040108,Fish Creek,AK_R_2040108_009,River,Unknown,
AKDECWQ,AKDECWQ-AnchBact20-FC7,AnchBact20-FC7,Fish Creek - Lower,61.196385,-149.929546,1902040108,Fish Creek,AK_R_2040108_009,River,Unknown,
AKDECWQ,AKDECWQ-AnchBact20-07,AnchBact20-07,Furrow Creek - Upper,61.108755,-149.842274,1902040107,Furrow Creek,AK_R_2040107_002,River,Unknown,
AKDECWQ,AKDECWQ-AnchBact20-Che33,AnchBact20-Che33,Chester Creek - Upper,61.205741,-149.717616,1902040108,Chester Creek,AK_R_2040108_003,River,Unknown,
AKDECWQ,AKDECWQ-AnchBact20-LRab4,AnchBact20-LRab4,Little Rabbit Creek - Lower,61.080493,-149.789695,1902040107,Little Rabbit Creek,AK_R_2040107_003_001,River,Unknown,
AKDECWQ,AKDECWQ-AnchBact20-09,AnchBact20-09,Little Rabbit Creek - Upper,61.065216,-149.71607,1902040107,Little Rabbit Creek,AK_R_2040107_003_001,River,Unknown,
AKDECWQ,AKDECWQ-LS-8 km dn,LS-8 km dn,Little Susitna River 8 km downstream of state PUF boat launch,61.40973,-150.20883,1902050512,Little Susitna River,AK_R_2050512_016_002,River,Navigable,
AKDECWQ,AKDECWQ-LS-4 km dn,LS-4 km dn,Little Susitna River 4 km downstream of State PUF boat launch,61.42336,-150.19395,1902050512,Little Susitna River,AK_R_2050512_016_003,River,Navigable,
AKDECWQ,AKDECWQ-LS-Ref,LS-Ref,Little Susitna River upstream of Parks Highway in Houston,61.62517,-149.79807,1902050512,Little Susitna River,AK_R_2050512_016_005,River,Navigable,
AKBLM_FDO,AKBLM_FDO-15392000,AKBLM_FDO-15392000,Birch Creek Above Twelvemile Creek,65.3925,-145.7125,1908040102,Ikhèenjik River,AK_R_8040102_012_002,River,Undetermined,
USFWS_ALASKA,USFWS_ALASKA-665429151405100,6.65429E+14,KYK61,66.90805556,-151.68083,1909010501,Koyukuk River,AK_R_9010501_004,River,Navigable,
USFWS_ALASKA,USFWS_ALASKA-580223156504200,5.80223E+14,EGU02,58.03972222,-156.845,1903020311,Egegik River,AK_R_3020311_001_002,River,Navigable,
AKDECWQ,AKDECWQ-BL-1,BL-1,Birch Lake,64.304991,-146.665853,1908030709,Birch Lake,AK_L_8030709_001,Lake,Unknown,
AKDECWQ,AKDECWQ-CL-1,CL-1,Chena Lake southeast parking lot,64.768754,-147.214083,1908030609,Chena Lake,AK_L_8030609_003,Lake,Unknown,
AKDECWQ,AKDECWQ-BP-1,BP-1,Bathing Beauty Pond,64.713986,-147.19315,1908030710,Bathing Beauty Pond,AK_L_8030710_001,Lake,Unknown,
AKDECWQ,AKDECWQ-AnchBact20-08,AnchBact20-08,Lake Hood,61.179926,-149.946808,1902040108,Hood/Spenard Lake,AK_L_2040108_063,Lake,Unknown,
AKDECWQ,AKDECWQ-AnchBact20-03,AnchBact20-03,Campbell Lake - West,61.130191,-149.956301,1902040106,Campbell Lake,AK_L_2040106_003,Lake,Navigable,
AKDECWQ,AKDECWQ-AnchBact20-16,AnchBact20-16,Westchester Lagoon - North,61.208092,-149.921283,1902040108,Westchester Lagoon,AK_L_2040108_060,Lake,Unknown,
AKDECWQ,AKDECWQ-AnchBact20-17,AnchBact20-17,Westchester Lagoon - South,61.205377,-149.912301,1902040108,Westchester Lagoon,AK_L_2040108_060,Lake,Unknown,
AKDECWQ,AKDECWQ-AnchBact20-02,AnchBact20-02,Campbell Lake - East,61.136146,-149.92546,1902040106,Campbell Lake,AK_L_2040106_003,Lake,Unknown,
AKDECWQ,AKDECWQ-AnchBact20-Che7,AnchBact20-Che7,University Lake - East,61.186344,-149.798528,1902040108,University Lake,AK_L_2040108_055,Lake,Unknown,
AKDECWQ,AKDECWQ-AnchBact20-Che26,AnchBact20-Che26,University Lake - West,61.184924,-149.803826,1902040108,University Lake,AK_L_2040108_055,Lake,Unknown,
AKDECWQ,AKDECWQ-KR RM 82.1,KR RM 82.1,Kenai River - River Mile 82.1,60.49177,-149.81033,1902030212,Kenai Lake,AK_L_2030212_001,Lake,Navigable,
AKDECWQ,AKDECWQ-KR RM 82,KR RM 82,Kenai River - River Mile 82 - Kenai Lake Bridge,60.49215,-149.81105,1902030212,Kenai Lake,AK_L_2030212_001,Lake,Navigable,
AKDECWQ,AKDECWQ-UPD1,UPD1,Upper Piledriver 1,64.60163,-147.09196,1908030710,Piledriver Slough,AK_R_8030710_005,River,Unknown,AU streamline not mapped
AKDECWQ,AKDECWQ-UPD2,UPD2,Upper Piledriver 2,64.60163,-147.09196,1908030710,Piledriver Slough,AK_R_8030710_005,River,Unknown,AU streamline not mapped
AKDECWQ,AKDECWQ-UPD3,UPD3,Upper Piledriver 3,64.60043,-147.091,1908030710,Piledriver Slough,AK_R_8030710_005,River,Unknown,AU streamline not mapped
AKDECWQ,AKDECWQ-UPD4,UPD4,Upper Piledriver 4,64.59784,-147.08646,1908030710,Piledriver Slough,AK_R_8030710_005,River,Unknown,AU streamline not mapped
AKDECWQ,AKDECWQ-UPD5,UPD5,Upper Piledriver 5,64.59394,-147.08308,1908030710,Piledriver Slough,AK_R_8030710_005,River,Unknown,AU streamline not mapped
AKDECWQ,AKDECWQ-UPD6,UPD6,Upper Piledriver 6,64.59294,-147.07301,1908030710,Piledriver Slough,AK_R_8030710_005,River,Unknown,AU streamline not mapped
AKDECWQ,AKDECWQ-UPD7,UPD7,Upper Piledriver 7,64.58689,-147.06996,1908030710,Piledriver Slough,AK_R_8030710_005,River,Unknown,AU streamline not mapped
AKDECWQ,AKDECWQ-UPD8,UPD8,Upper Piledriver 8,64.58608,-147.06863,1908030710,Piledriver Slough,AK_R_8030710_005,River,Unknown,AU streamline not mapped
USGS-AK,USGS-15008000,USGS-15008000,,56.025815,-130.0669823,1901010601,Salmon River,AK_R_1010601_009,River,Navigable,
USGS-AK,USGS-15015593,USGS-15015593,,56.25791667,-130.8202778,1901010504,Unuk River,AK_R_1010504_005,River,Navigable,
USGS-AK,USGS-15015595,USGS-15015595,,56.2402062,-130.8819864,1901010504,Unuk River,AK_R_1010504_005,River,Navigable,
USGS-AK,USGS-15024740,USGS-15024740,,56.6474444,-131.8949167,1901020709,Stikine River,AK_R_1020709_011,River,Navigable,
USGS-AK,USGS-15024800,USGS-15024800,,56.70772188,-132.1319653,1901020709,Stikine River,AK_R_1020709_011,River,Navigable,
USGS-AK,USGS-15041140,USGS-15041140,,58.5813556,-133.6553546,1901030407,Taku River,AK_R_1030407_006,River,Navigable,
USGS-AK,USGS-15041200,USGS-15041200,,58.53829828,-133.7017432,1901030407,Taku River,AK_R_1030407_006,River,Navigable,
USGS-AK,USGS-15129120,USGS-15129120,,59.1928056,-138.3339167,1901040422,Alsek River,AK_R_1040422_001,River,Navigable,
AKDECWQ,AKDECWQ-LPD1,LPD1,Lower Piledriver 1,64.60265,-147.09042,1908030710,Piledriver Slough,AK_R_8030710_005,River,Unknown,
AKDECWQ,AKDECWQ-LPD12,LPD12,Lower Piledriver 12,64.62975,-147.09305,1908030710,Piledriver Slough,AK_R_8030710_005,River,Unknown,
AKDECWQ,AKDECWQ-LPD5,LPD5,Lower Piledriver 5,64.6044,-147.088,1908030710,Piledriver Slough,AK_R_8030710_005,River,Unknown,
AKDECWQ,AKDECWQ-LPD8,LPD8,Lower Piledriver 8,64.61433,-147.08876,1908030710,Piledriver Slough,AK_R_8030710_005,River,Unknown,
21AKBCH,AKDECWQ-Kanakanak,AK482134-001,Kanakanak Beach,59.0028897,-158.5329718,1903030311,Kanakanak Beach,AK_B_3030311_001,Beach,Navigable,
AKDECWQ,AKDECWQ-Scandinavian,Scandinavian,Scandinavian Beach,59.03743292,-158.4747797,1903030311,Scandinavian Beach,AK_B_3030311_002,Beach,Navigable,
AKDECWQ,AKDECWQ-Snag Point,Snag Point,Snag Point Beach,59.03786152,-158.4606696,1903030311,Snag Point Beach,AK_B_3030311_003,Beach,Navigable,
