Waterbody_Type,Constituent Group,Constituent,TADA.CharacteristicName,Fraction,Use,Use Description,Type,Magnitude_Text,Magnitude_Numeric,Units,Directionality,Frequency,Duration,Details,Source(s),Listing Methodology,Notes,Reason
Freshwater,Color,Color,COLOR,NA,Aquatic Life,"Growth and Propagation of Fish, Shellfish, Other Aquatic Life, and Wildlife",NA,50,50,Color units,Maximum,Not to exceed,Daily average,NA,AK DEQ SWQS; criteria-search-tool-data.xlsx,CALM,NA,No Samples
Freshwater,Color,Color,COLOR,NA,Primary Contact Recreation,NA,NA,15,15,Color units,Maximum,Not to exceed,Daily average,NA,AK DEQ SWQS; criteria-search-tool-data.xlsx,CALM,NA,No Samples
Freshwater,Color,Color,COLOR,NA,Water Supply,Aquaculture,NA,50,50,Color units,Maximum,Not to exceed,Daily average,NA,AK DEQ SWQS; criteria-search-tool-data.xlsx,CALM,NA,No Samples
Freshwater,Color,Color,COLOR,NA,Water Supply,"Drinking, Culinary, and Food Processing",NA,15,15,Color units,Maximum,Not to exceed,Daily average,NA,AK DEQ SWQS; criteria-search-tool-data.xlsx,CALM,NA,No Samples
Marine,Color,Color,COLOR,NA,Aquatic Life,"Growth and Propagation of Fish, Shellfish, Other Aquatic Life, and Wildlife",NA,50,50,Color units,Maximum,Not to exceed,Daily average,NA,AK DEQ SWQS; criteria-search-tool-data.xlsx,CALM,NA,No Samples
Marine,Color,Color,COLOR,NA,Aquatic Life,Harvesting for Consumption of Raw Mollusks or Other Raw Aquatic Life,NA,50,50,Color units,Maximum,Not to exceed,Daily average,NA,AK DEQ SWQS; criteria-search-tool-data.xlsx,CALM,NA,No Samples
Marine,Color,Color,COLOR,NA,Primary Contact Recreation,NA,NA,15,15,Color units,Maximum,Not to exceed,Daily average,NA,AK DEQ SWQS; criteria-search-tool-data.xlsx,CALM,NA,No Samples
Marine,Color,Color,COLOR,NA,Water Supply,Aquaculture,NA,50,50,Color units,Maximum,Not to exceed,Daily average,NA,AK DEQ SWQS; criteria-search-tool-data.xlsx,CALM,NA,No Samples
Marine,Color,Color,COLOR,NA,Water Supply,Seafood Processing,NA,15,15,Color units,Maximum,Not to exceed,Daily average,NA,AK DEQ SWQS; criteria-search-tool-data.xlsx,CALM,NA,No Samples
Freshwater,Toxics,Acenapthene,NA,Dissolved,Human Health,Water and Aquatic Organisms,NA,1200,1200,ug/L,Maximum,Not to exceed,Arithmetic Mean,Frequency - harmonic mean of most recent 3 years,AK Toxics Manual,CALM,NA,No Samples
Freshwater,Toxics,Acenapthene,NA,Dissolved,Human Health,Aquatic Organisms Only,NA,2700,2700,ug/L,Maximum,Not to exceed,Arithmetic Mean,Frequency - harmonic mean of most recent 3 years,AK Toxics Manual,CALM,NA,No Samples
Freshwater,Toxics,Acrolein,NA,Dissolved,Human Health,Water and Aquatic Organisms,NA,320,320,ug/L,Maximum,Not to exceed,Arithmetic Mean,Frequency - harmonic mean of most recent 3 years,AK Toxics Manual,CALM,NA,No Samples
Freshwater,Toxics,Acrolein,NA,Dissolved,Human Health,Aquatic Organisms Only,NA,780,720,ug/L,Maximum,Not to exceed,Arithmetic Mean,Frequency - harmonic mean of most recent 3 years,AK Toxics Manual,CALM,NA,No Samples
Freshwater,Toxics,Alachor,NA,Dissolved,Water Supply,"Drinking, Culinary, and Food Processing",NA,2,2,ug/L,Maximum,Not to exceed,Arithmetic Mean,NA,AK  Toxics Manual,CALM,NA,No Samples
Freshwater,Toxics,Aldicarb,NA,Dissolved,Water Supply,"Drinking, Culinary, and Food Processing",NA,3,3,ug/L,Maximum,Not to exceed,Arithmetic Mean,NA,AK  Toxics Manual,CALM,NA,No Samples
Freshwater,Toxics,Aldicarb Sulfone,NA,Dissolved,Water Supply,"Drinking, Culinary, and Food Processing",NA,2,2,ug/L,Maximum,Not to exceed,Arithmetic Mean,NA,AK  Toxics Manual,CALM,NA,No Samples
Freshwater,Toxics,Aldicarb Sulfoxide,NA,Dissolved,Water Supply,"Drinking, Culinary, and Food Processing",NA,4,4,ug/L,Maximum,Not to exceed,Arithmetic Mean,NA,AK  Toxics Manual,CALM,NA,No Samples
Freshwater,Toxics,Aldrin,NA,Dissolved,Aquatic Life,NA,Acute,3,3,ug/L,Maximum,1 in most recent 3 years,24-hour max,NA,AK Toxics Manual,CALM,NA,No Samples
Marine,Toxics,Aldrin,NA,Dissolved,Aquatic Life,NA,Acute,1.3,1.3,ug/L,Maximum,1 in most recent 3 years,24-hour max,NA,AK Toxics Manual,CALM,NA,No Samples
Freshwater,Toxics,alpha-Endosulfan,NA,Dissolved,Aquatic Life,NA,Acute,0.22,0.22,ug/L,Maximum,1 in most recent 3 years,24-hour max,NA,AK Toxics Manual,CALM,NA,No Samples
Freshwater,Toxics,alpha-Endosulfan,NA,Dissolved,Aquatic Life,NA,Chronic,0.056,0.056,ug/L,Maximum,â‰¥2 exceedances and >5% exceedance frequency in 3 year period,24-hour average,NA,AK Toxics Manual,CALM,NA,No Samples
Marine,Toxics,alpha-Endosulfan,NA,Dissolved,Aquatic Life,NA,Acute,0.034,0.034,ug/L,Maximum,1 in most recent 3 years,24-hour max,NA,AK Toxics Manual,CALM,NA,No Samples
Marine,Toxics,alpha-Endosulfan,NA,Dissolved,Aquatic Life,NA,Chronic,0.0087,0.0087,ug/L,Maximum,â‰¥2 exceedances and >5% exceedance frequency in 3 year period,24-hour average,NA,AK Toxics Manual,CALM,NA,No Samples
Freshwater,Toxics,alpha-Endosulfan,NA,Dissolved,Human Health,Water and Aquatic Organisms,NA,110,110,ug/L,Maximum,Not to exceed,Arithmetic Mean,Frequency - harmonic mean of most recent 3 years,AK Toxics Manual,CALM,NA,No Samples
Freshwater,Toxics,alpha-Endosulfan,NA,Dissolved,Human Health,Aquatic Organisms Only,NA,240,240,ug/L,Maximum,Not to exceed,Arithmetic Mean,Frequency - harmonic mean of most recent 3 years,AK Toxics Manual,CALM,NA,No Samples
Marine,Toxics,Ammonia,AMMONIA,Total,Aquatic Life,NA,Acute,See equation,NA,mg/L,Maximum,1 in most recent 3 years,30-day average,pH dependent,AK Toxics Manual; criteria-search-tool-data.xlsx,CALM,NA,No Samples
Marine,Toxics,Ammonia,AMMONIA,Total,Aquatic Life,NA,Chronic,See equation,NA,mg/L,Maximum,â‰¥2 exceedances and >5% exceedance frequency in 3 year period,96-hour average,pH dependent,AK Toxics Manual; criteria-search-tool-data.xlsx,CALM,NA,No Samples
Marine,Toxics,"Ammonia, un-ionized",AMMONIA,Dissolved,Aquatic Life,NA,Acute,0.233,0.233,mg/L,Maximum,1 in most recent 3 years,1-hour average,NA,AK Toxics Manual; criteria-search-tool-data.xlsx,CALM,NA,No Samples
Marine,Toxics,"Ammonia, un-ionized",AMMONIA,Dissolved,Aquatic Life,NA,Chronic,0.035,0.034999999999999996,mg/L,Maximum,â‰¥2 exceedances and >5% exceedance frequency in 3 year period,96-hour average,NA,AK Toxics Manual; criteria-search-tool-data.xlsx,CALM,NA,No Samples
Freshwater,Toxics,Anthracene,ANTHRACENCE,Dissolved,Human Health,Water and Aquatic Organisms,NA,9600,9600,ug/L,Maximum,Not to exceed,Arithmetic Mean,Frequency - harmonic mean of most recent 3 years,AK Toxics Manual,CALM,NA,No Samples
Freshwater,Toxics,Anthracene,ANTHRACENCE,Dissolved,Human Health,Aquatic Organisms Only,NA,110000,110000,ug/L,Maximum,Not to exceed,Arithmetic Mean,Frequency - harmonic mean of most recent 3 years,AK Toxics Manual,CALM,NA,No Samples
Marine,Toxics,Arsenic,ARSENIC,Dissolved,Aquatic Life,NA,Acute,69,69,ug/L,Maximum,1 in most recent 3 years,1-hour average,NA,AK Toxics Manual; criteria-search-tool-data.xlsx,CALM,NA,No Samples
Marine,Toxics,Arsenic,ARSENIC,Dissolved,Aquatic Life,NA,Chronic,36,36,ug/L,Maximum,â‰¥2 exceedances and >5% exceedance frequency in 3 year period,96-hour average,NA,AK Toxics Manual; criteria-search-tool-data.xlsx,CALM,NA,No Samples
Freshwater,Toxics,Asbestos,ASBESTOS,NA,Water Supply,"Drinking, Culinary, and Food Processing",NA,7 million fibers/liter (for fibers longer than 10 um),7000000,fibers/liter,Maximum,Not to exceed,Arithmetic Mean,sample fraction for asbestos fibers?,AK Toxics Manual,CALM,NA,No Samples
Freshwater,Toxics,Atrazine,NA,Dissolved,Water Supply,"Drinking, Culinary, and Food Processing",NA,3,3,ug/L,Maximum,Not to exceed,Arithmetic Mean,NA,AK Toxics Manual,CALM,NA,No Samples
Freshwater,Toxics,beta-Endosulfan,NA,Dissolved,Aquatic Life,NA,Acute,0.22,0.22,ug/L,Maximum,1 in most recent 3 years,24-hour Max,NA,AK Toxics Manual,CALM,NA,No Samples
Freshwater,Toxics,beta-Endosulfan,NA,Dissolved,Aquatic Life,NA,Chronic,0.56,0.56,ug/L,Maximum,â‰¥2 exceedances and >5% exceedance frequency in 3 year period,24-hour average,NA,AK Toxics Manual,CALM,NA,No Samples
Marine,Toxics,beta-Endosulfan,NA,Dissolved,Aquatic Life,NA,Acute,0.034,0.034,ug/L,Maximum,1 in most recent 3 years,24-hour Max,NA,AK Toxics Manual,CALM,NA,No Samples
Marine,Toxics,beta-Endosulfan,NA,Dissolved,Aquatic Life,NA,Chronic,0.0087,0.0087,ug/L,Maximum,â‰¥2 exceedances and >5% exceedance frequency in 3 year period,24-hour average,NA,AK Toxics Manual,CALM,NA,No Samples
Freshwater,Toxics,beta-Endosulfan,NA,Dissolved,Human Health,Water and Aquatic Organisms,NA,110,110,ug/L,Maximum,Not to exceed,Arithmetic Mean,Frequency - harmonic mean of most recent 3 years,AK Toxics Manual,CALM,NA,No Samples
Freshwater,Toxics,beta-Endosulfan,NA,Dissolved,Human Health,Aquatic Organisms Only,NA,240,240,ug/L,Maximum,Not to exceed,Arithmetic Mean,Frequency - harmonic mean of most recent 3 years,AK Toxics Manual,CALM,NA,No Samples
Freshwater,Toxics,Bis(2-chloro-isoproply) Ether,NA,Dissolved,Human Health,Water and Aquatic Organisms,NA,1400,1400,ug/L,Maximum,Not to exceed,Arithmetic Mean,Frequency - harmonic mean of most recent 3 years,AK Toxics Manual,CALM,NA,No Samples
Freshwater,Toxics,Bis(2-chloro-isoproply) Ether,NA,Dissolved,Human Health,Aquatic Organisms Only,NA,170000,170000,ug/L,Maximum,Not to exceed,Arithmetic Mean,Frequency - harmonic mean of most recent 3 years,AK Toxics Manual,CALM,NA,No Samples
Freshwater,Toxics,Bis-chloromethyl Ether,NA,Dissolved,Human Health,Water and Aquatic Organisms,NA,1400,1400,ug/L,Maximum,Not to exceed,Arithmetic Mean,Frequency - harmonic mean of most recent 3 years,AK Toxics Manual,CALM,NA,No Samples
Freshwater,Toxics,Bis-chloromethyl Ether,NA,Dissolved,Human Health,Aquatic Organisms Only,NA,0.00013,1.3000000000000002e-4,ug/L,Maximum,Not to exceed,Arithmetic Mean,Frequency - harmonic mean of most recent 3 years,AK Toxics Manual,CALM,NA,No Samples
Freshwater,Toxics,Bromate,NA,Dissolved,Water Supply,"Drinking, Culinary, and Food Processing",NA,10,10,ug/L,Maximum,Not to exceed,Arithmetic Mean,NA,AK Toxics Manual,CALM,NA,No Samples
Freshwater,Toxics,Butylbenzyl Phthalate,NA,Dissolved,Human Health,Water and Aquatic Organisms,NA,3000,3000,ug/L,Maximum,Not to exceed,Arithmetic Mean,Frequency - harmonic mean of most recent 3 years,AK Toxics Manual,CALM,NA,No Samples
Freshwater,Toxics,Butylbenzyl Phthalate,NA,Dissolved,Human Health,Aquatic Organisms Only,NA,5200,5200,ug/L,Maximum,Not to exceed,Arithmetic Mean,Frequency - harmonic mean of most recent 3 years,AK Toxics Manual,CALM,NA,No Samples
Marine,Toxics,Cadmium,CADMIUM,Dissolved,Aquatic Life,NA,Acute,40,40,ug/L,Maximum,1 in most recent 3 years,1-hour average,NA,AK Toxics Manual; criteria-search-tool-data.xlsx,CALM,NA,No Samples
Marine,Toxics,Cadmium,CADMIUM,Dissolved,Aquatic Life,NA,Chronic,8.8,8.8,ug/L,Maximum,â‰¥2 exceedances and >5% exceedance frequency in 3 year period,96-hour average,NA,AK Toxics Manual; criteria-search-tool-data.xlsx,CALM,NA,No Samples
Freshwater,Toxics,Carbofuran,NA,Dissolved,Water Supply,"Drinking, Culinary, and Food Processing",NA,40,40,ug/L,Maximum,Not to exceed,Arithmetic mean,NA,AK Toxics Manual,CALM,NA,No Samples
Freshwater,Toxics,Carbon Tetrachloride,NA,Dissolved,Water Supply,"Drinking, Culinary, and Food Processing",NA,5,5,ug/L,Maximum,Not to exceed,Arithmetic Mean,NA,AK Toxics Manual,CALM,NA,No Samples
Freshwater,Toxics,Chlordane,NA,Dissolved,Water Supply,"Drinking, Culinary, and Food Processing",NA,2,2,ug/L,Maximum,Not to exceed,Arithmetic Mean,NA,AK Toxics Manual,CALM,NA,No Samples
Freshwater,Toxics,Chlordane,NA,Dissolved,Aquatic Life,NA,Acute,2.4,2.4,ug/L,Maximum,1 in most recent 3 years,24-hour Max,NA,NA,NA,NA,No Samples
Freshwater,Toxics,Chlordane,NA,Dissolved,Aquatic Life,NA,Chronic,0.0043,0.0043,ug/L,Maximum,â‰¥2 exceedances and >5% exceedance frequency in 3 year period,24-hour average,NA,NA,NA,NA,No Samples
Marine,Toxics,Chlordane,NA,Dissolved,Aquatic Life,NA,Acute,0.09,0.09,ug/L,Maximum,1 in most recent 3 years,24-hour Max,NA,NA,NA,NA,No Samples
Marine,Toxics,Chlordane,NA,Dissolved,Aquatic Life,NA,Chronic,0.004,0.004,ug/L,Maximum,â‰¥2 exceedances and >5% exceedance frequency in 3 year period,24-hour average,NA,NA,NA,NA,No Samples
Marine,Toxics,Chlorine,CHLORINE,Total Residual,Aquatic Life,NA,Acute,13,13,ug/L,Maximum,1 in most recent 3 years,1-hour average,NA,AK Toxics Manual; criteria-search-tool-data.xlsx,CALM,NA,No Samples
Marine,Toxics,Chlorine,CHLORINE,Total Residual,Aquatic Life,NA,Chronic,7.5,7.5,ug/L,Maximum,â‰¥2 exceedances and >5% exceedance frequency in 3 year period,96-hour average,NA,AK Toxics Manual; criteria-search-tool-data.xlsx,CALM,NA,No Samples
Freshwater,Toxics,"Chloro-napthalene, 2-",NA,Dissolved,Human Health,Water and Aquatic Organisms,NA,1700,1700,ug/L,Maximum,Not to exceed,Arithmetic mean,Frequency - harmonic mean of most recent 3 years,AK Toxics Manual,CALM,NA,No Samples
Freshwater,Toxics,"Chloro-napthalene, 2-",NA,Dissolved,Human Health,Aquatic Organisms Only,NA,4300,4300,ug/L,Maximum,Not to exceed,Arithmetic mean,Frequency - harmonic mean of most recent 3 years,AK Toxics Manual,CALM,NA,No Samples
Freshwater,Toxics,"Chlorophenol, 2-",NA,Dissolved,Human Health,Water and Aquatic Organisms,NA,120,400,ug/L,Maximum,Not to exceed,Arithmetic mean,Frequency - harmonic mean of most recent 3 years,AK Toxics Manual,CALM,NA,No Samples
Freshwater,Toxics,"Chlorophenol, 2-",NA,Dissolved,Human Health,Aquatic Organisms Only,NA,120,400,ug/L,Maximum,Not to exceed,Arithmetic mean,Frequency - harmonic mean of most recent 3 years,AK Toxics Manual,CALM,NA,No Samples
Freshwater,Toxics,Chloropyrifos,NA,Dissolved,Aquatic Life,NA,Acute,0.083,0.083,ug/L,Maximum,1 in most recent 3 years,1-hour Average,NA,AK Toxics Manual,CALM,NA,No Samples
Freshwater,Toxics,Chloropyrifos,NA,Dissolved,Aquatic Life,NA,Chronic,0.041,0.041,ug/L,Maximum,â‰¥2 exceedances and >5% exceedance frequency in 3 year period,96-hour average,NA,AK Toxics Manual,CALM,NA,No Samples
Marine,Toxics,Chloropyrifos,NA,Dissolved,Aquatic Life,NA,Acute,0.011,0.011,ug/L,Maximum,1 in most recent 3 years,1-hour Average,NA,AK Toxics Manual,CALM,NA,No Samples
Marine,Toxics,Chloropyrifos,NA,Dissolved,Aquatic Life,NA,Chronic,0.0056,0.0056,ug/L,Maximum,â‰¥2 exceedances and >5% exceedance frequency in 3 year period,96-hour average,NA,AK Toxics Manual,CALM,NA,No Samples
Marine,Toxics,Chromium (VI),CHROMIUM,Dissolved,Aquatic Life,NA,Acute,1100,1100,ug/L,Maximum,1 in most recent 3 years,1-hour average,NA,AK Toxics Manual; criteria-search-tool-data.xlsx,CALM,NA,No Samples
Marine,Toxics,Chromium (VI),CHROMIUM,Dissolved,Aquatic Life,NA,Chronic,50,50,ug/L,Maximum,â‰¥2 exceedances and >5% exceedance frequency in 3 year period,96-hour average,NA,AK Toxics Manual; criteria-search-tool-data.xlsx,CALM,NA,No Samples
Marine,Toxics,Cyanide,CYANIDE,Dissolved,Aquatic Life,NA,Acute,1,1,ug/L,Maximum,1 in most recent 3 years,1-hour average,NA,AK Toxics Manual; criteria-search-tool-data.xlsx,CALM,NA,No Samples
Marine,Toxics,Cyanide,CYANIDE,Dissolved,Aquatic Life,NA,Chronic,1,1,ug/L,Maximum,â‰¥2 exceedances and >5% exceedance frequency in 3 year period,96-hour average,NA,AK Toxics Manual; criteria-search-tool-data.xlsx,CALM,NA,No Samples
Freshwater,Toxics,Dalapon,NA,Dissolved,Water Supply,"Drinking, Culinary, and Food Processing",NA,200,200,ug/L,Maximum,Not to exceed,Arithmetic mean,NA,AK Toxics Manual,CALM,NA,No Samples
Freshwater,Toxics,"DDT, 4,4'-",NA,Dissolved,Aquatic Life,NA,Acute,1.1,1.1,ug/L,Maximum,1 in most recent 3 years,24-hour max,NA,AK Toxics Manual,CALM,NA,No Samples
Freshwater,Toxics,"DDT, 4,4'-",NA,Dissolved,Aquatic Life,NA,Chronic,0.001,0.001,ug/L,Maximum,â‰¥2 exceedances and >5% exceedance frequency in 3 year period,24-hour average,NA,AK Toxics Manual,CALM,NA,No Samples
Marine,Toxics,"DDT, 4,4'-",NA,Dissolved,Aquatic Life,NA,Acute,0.13,0.13,ug/L,Maximum,1 in most recent 3 years,24-hour max,NA,AK Toxics Manual,CALM,NA,No Samples
Marine,Toxics,"DDT, 4,4'-",NA,Dissolved,Aquatic Life,NA,Chronic,0.001,0.001,ug/L,Maximum,â‰¥2 exceedances and >5% exceedance frequency in 3 year period,24-hour average,NA,AK Toxics Manual,CALM,NA,No Samples
Freshwater,Toxics,Demeton,NA,Dissolved,Aquatic Life,NA,Chronic,0.1,0.1,ug/L,Maximum,â‰¥2 exceedances and >5% exceedance frequency in 3 year period,96-hour average,NA,AK Toxics Manual,CALM,NA,No Samples
Marine,Toxics,Demeton,NA,Dissolved,Aquatic Life,NA,Chronic,0.1,0.1,ug/L,Maximum,â‰¥2 exceedances and >5% exceedance frequency in 3 year period,96-hour average,NA,AK Toxics Manual,CALM,NA,No Samples
Freshwater,Toxics,Diazinon,NA,Dissolved,Aquatic Life,NA,Acute,0.17,0.17,ug/L,Maximum,1 in most recent 3 years,1-hour average,NA,AK Toxics Manual,CALM,NA,No Samples
Freshwater,Toxics,Diazinon,NA,Dissolved,Aquatic Life,NA,Chronic,0.17,0.17,ug/L,Maximum,â‰¥2 exceedances and >5% exceedance frequency in 3 year period,96-hour average,NA,AK Toxics Manual,CALM,NA,No Samples
Marine,Toxics,Diazinon,NA,Dissolved,Aquatic Life,NA,Acute,0.82,0.8200000000000001,ug/L,Maximum,1 in most recent 3 years,1-hour average,NA,AK Toxics Manual,CALM,NA,No Samples
Marine,Toxics,Diazinon,NA,Dissolved,Aquatic Life,NA,Chronic,0.82,0.8200000000000001,ug/L,Maximum,â‰¥2 exceedances and >5% exceedance frequency in 3 year period,96-hour average,NA,AK Toxics Manual,CALM,NA,No Samples
Freshwater,Toxics,Dibromo-chloropropane,NA,Dissolved,Water Supply,"Drinking, Culinary, and Food Processing",NA,0.2,0.2,ug/L,Maximum,Not to exceed,Arithmetic mean,NA,AK Toxics Manual,CALM,NA,No Samples
Freshwater,Toxics,"Dichlorobenzene 1,2-",NA,Dissolved,Human Health,Aquatic Organisms Only,NA,17000,17000,ug/L,Maximum,Not to exceed,Arithmetic mean,Frequency - harmonic mean of most recent 3 years,NA,CALM,NA,No Samples
Freshwater,Toxics,"Dichlorobenzene 1,2-",NA,Dissolved,Human Health,Water and Aquatic Organisms,NA,2700,2700,ug/L,Maximum,Not to exceed,Arithmetic mean,Frequency - harmonic mean of most recent 3 years,NA,CALM,NA,No Samples
Freshwater,Toxics,"Dichlorobenzene 1,2-",NA,Dissolved,Water Supply,"Drinking, Culinary, and Food Processing",NA,600,600,ug/L,Maximum,Not to exceed,Arithmetic mean,NA,AK Toxics Manual,CALM,NA,No Samples
Freshwater,Toxics,"Dichlorobenzene 1,3-",NA,Dissolved,Human Health,Aquatic Organisms Only,NA,2600,2600,ug/L,Maximum,Not to exceed,Arithmetic mean,Frequency - harmonic mean of most recent 3 years,NA,CALM,NA,No Samples
Freshwater,Toxics,"Dichlorobenzene 1,3-",NA,Dissolved,Human Health,Water and Aquatic Organisms,NA,400,400,ug/L,Maximum,Not to exceed,Arithmetic mean,Frequency - harmonic mean of most recent 3 years,NA,CALM,NA,No Samples
Freshwater,Toxics,"Dichlorobenzene 1,4-",NA,Dissolved,Human Health,Aquatic Organisms Only,NA,2600,2600,ug/L,Maximum,Not to exceed,Arithmetic mean,Frequency - harmonic mean of most recent 3 years,NA,CALM,NA,No Samples
Freshwater,Toxics,"Dichlorobenzene 1,4-",NA,Dissolved,Human Health,Water and Aquatic Organisms,NA,400,400,ug/L,Maximum,Not to exceed,Arithmetic mean,Frequency - harmonic mean of most recent 3 years,NA,CALM,NA,No Samples
Freshwater,Toxics,"Dichlorobenzene 1,4-",NA,Dissolved,Water Supply,"Drinking, Culinary, and Food Processing",NA,75,75,ug/L,Maximum,Not to exceed,Arithmetic mean,NA,AK Toxics Manual,CALM,NA,No Samples
Freshwater,Toxics,"Dichloroethane 1,2-",NA,Dissolved,Water Supply,"Drinking, Culinary, and Food Processing",NA,5,5,ug/L,Maximum,Not to exceed,Arithmetic mean,NA,AK Toxics Manual,CALM,NA,No Samples
Freshwater,Toxics,"Dichloroethylene 1,1-",NA,Dissolved,Water Supply,"Drinking, Culinary, and Food Processing",NA,7,7,ug/L,Maximum,Not to exceed,Arithmetic mean,NA,AK Toxics Manual,CALM,NA,No Samples
Freshwater,Toxics,"Dichloroethylene cis-1,2-",NA,Dissolved,Water Supply,"Drinking, Culinary, and Food Processing",NA,70,70,ug/L,Maximum,Not to exceed,Arithmetic mean,NA,AK Toxics Manual,CALM,NA,No Samples
Freshwater,Toxics,"Dichloroethylene trans-1,2-",NA,Dissolved,Water Supply,"Drinking, Culinary, and Food Processing",NA,100,100,ug/L,Maximum,Not to exceed,Arithmetic mean,NA,AK Toxics Manual,CALM,NA,No Samples
Freshwater,Toxics,"Dichloroethylene trans-1,2-",NA,Dissolved,Human Health,Water and Aquatic Organisms,NA,700,700,ug/L,Maximum,Not to exceed,Arithmetic mean,Frequency - harmonic mean of most recent 3 years,AK Toxics Manual,CALM,NA,No Samples
Freshwater,Toxics,"Dichloroethylene trans-1,2-",NA,Dissolved,Human Health,Aquatic Organisms Only,NA,140000,140000,ug/L,Maximum,Not to exceed,Arithmetic mean,Frequency - harmonic mean of most recent 3 years,AK Toxics Manual,CALM,NA,No Samples
Freshwater,Toxics,"Dichlorophenol 2, 4-",NA,Dissolved,Human Health,Water and Aquatic Organisms,NA,93,93,ug/L,Maximum,Not to exceed,Arithmetic mean,Frequency - harmonic mean of most recent 3 years,AK Toxics Manual,CALM,NA,No Samples
Freshwater,Toxics,"Dichlorophenol 2, 4-",NA,Dissolved,Human Health,Aquatic Organisms Only,NA,790,790,ug/L,Maximum,Not to exceed,Arithmetic mean,Frequency - harmonic mean of most recent 3 years,AK Toxics Manual,CALM,NA,No Samples
Freshwater,Toxics,"Dichlorophenoxy 2, 4-Acetic Acid (2,4-D)",NA,Dissolved,Water Supply,"Drinking, Culinary, and Food Processing",NA,70,70,ug/L,Maximum,Not to exceed,Arithmetic mean,NA,NA,CALM,NA,No Samples
Freshwater,Toxics,"Dichloropropane 1, 2-",NA,Dissolved,Water Supply,"Drinking, Culinary, and Food Processing",NA,5,5,ug/L,Maximum,Not to exceed,Arithmetic mean,NA,NA,CALM,NA,No Samples
Freshwater,Toxics,Dieldrin,NA,Dissolved,Aquatic Life,NA,Acute,0.24,0.24000000000000002,ug/L,Maximum,1 in most recent 3 years,1-hour average,NA,NA,CALM,NA,No Samples
Freshwater,Toxics,Dieldrin,NA,Dissolved,Aquatic Life,NA,Chronic,0.056,0.056,ug/L,Maximum,â‰¥2 exceedances and >5% exceedance frequency in 3 year period,96-hour average,NA,NA,CALM,NA,No Samples
Marine,Toxics,Dieldrin,NA,Dissolved,Aquatic Life,NA,Acute,0.71,0.71,ug/L,Maximum,1 in most recent 3 years,1-hour average,NA,NA,CALM,NA,No Samples
Marine,Toxics,Dieldrin,NA,Dissolved,Aquatic Life,NA,Chronic,0.0019,0.0019,ug/L,Maximum,â‰¥2 exceedances and >5% exceedance frequency in 3 year period,96-hour average,NA,NA,CALM,NA,No Samples
Freshwater,Toxics,Di(2-ethylhexyl Adipate,NA,Dissolved,Water Supply,"Drinking, Culinary, and Food Processing",NA,400,400,ug/L,Maximum,Not to exceed,Arithmetic mean,NA,NA,CALM,NA,No Samples
Freshwater,Toxics,Di(2-ethylhexyl) Phthalate,NA,Dissolved,Water Supply,"Drinking, Culinary, and Food Processing",NA,6,6,ug/L,Maximum,Not to exceed,Arithmetic mean,NA,NA,CALM,NA,No Samples
Freshwater,Toxics,Diethyl Phthalate,NA,Dissolved,Human Health,Water and Aquatic Organisms,NA,23000,23000,ug/L,Maximum,Not to exceed,Arithmetic mean,Frequency - harmonic mean of most recent 3 years,AK Toxics Manual,CALM,NA,No Samples
Freshwater,Toxics,Diethyl Phthalate,NA,Dissolved,Human Health,Aquatic Organisms Only,NA,120000,120000,ug/L,Maximum,Not to exceed,Arithmetic mean,Frequency - harmonic mean of most recent 3 years,AK Toxics Manual,CALM,NA,No Samples
Freshwater,Toxics,"Dimethylphenol 2, 4-",NA,Dissolved,Human Health,Water and Aquatic Organisms,NA,540,540,ug/L,Maximum,Not to exceed,Arithmetic mean,Frequency - harmonic mean of most recent 3 years,AK Toxics Manual,CALM,NA,No Samples
Freshwater,Toxics,"Dimethylphenol 2, 4-",NA,Dissolved,Human Health,Aquatic Organisms Only,NA,2300,2300,ug/L,Maximum,Not to exceed,Arithmetic mean,Frequency - harmonic mean of most recent 3 years,AK Toxics Manual,CALM,NA,No Samples
Freshwater,Toxics,Dimethyl Phthalate,NA,Dissolved,Human Health,Water and Aquatic Organisms,NA,313000,313000,ug/L,Maximum,Not to exceed,Arithmetic mean,Frequency - harmonic mean of most recent 3 years,AK Toxics Manual,CALM,NA,No Samples
Freshwater,Toxics,Dimethyl Phthalate,NA,Dissolved,Human Health,Aquatic Organisms Only,NA,2900000,2900000,ug/L,Maximum,Not to exceed,Arithmetic mean,Frequency - harmonic mean of most recent 3 years,AK Toxics Manual,CALM,NA,No Samples
Freshwater,Toxics,Di-n-butyl Phthalate,NA,Dissolved,Human Health,Water and Aquatic Organisms,NA,2700,2700,ug/L,Maximum,Not to exceed,Arithmetic mean,Frequency - harmonic mean of most recent 3 years,AK Toxics Manual,CALM,NA,No Samples
Freshwater,Toxics,Di-n-butyl Phthalate,NA,Dissolved,Human Health,Aquatic Organisms Only,NA,12000,12000,ug/L,Maximum,Not to exceed,Arithmetic mean,Frequency - harmonic mean of most recent 3 years,AK Toxics Manual,CALM,NA,No Samples
Freshwater,Toxics,"Dinitrophenol 2, 4-",NA,Dissolved,Human Health,Water and Aquatic Organisms,NA,70,70,ug/L,Maximum,Not to exceed,Arithmetic mean,Frequency - harmonic mean of most recent 3 years,AK Toxics Manual,CALM,NA,No Samples
Freshwater,Toxics,"Dinitrophenol 2, 4-",NA,Dissolved,Human Health,Aquatic Organisms Only,NA,14000,14000,ug/L,Maximum,Not to exceed,Arithmetic mean,Frequency - harmonic mean of most recent 3 years,AK Toxics Manual,CALM,NA,No Samples
Freshwater,Toxics,Dinoseb,NA,Dissolved,Water Supply,"Drinking, Culinary, and Food Processing",NA,7,7,ug/L,Maximum,Not to exceed,Arithmetic mean,NA,AK Toxics Manual,CALM,NA,No Samples
Freshwater,Toxics,Dioxin,NA,Dissolved,Water Supply,"Drinking, Culinary, and Food Processing",NA,0.00003,3e-5,ug/L,Maximum,Not to exceed,Arithmetic mean,NA,AK Toxics Manual,CALM,NA,No Samples
Freshwater,Toxics,Diquat,NA,Dissolved,Water Supply,"Drinking, Culinary, and Food Processing",NA,20,20,ug/L,Maximum,Not to exceed,Arithmetic mean,NA,NA,CALM,NA,No Samples
Freshwater,Toxics,Endosulfan Sulfate,NA,Dissolved,Human Health,Water and Aquatic Organisms,NA,110,110,ug/L,Maximum,Not to exceed,Arithmetic mean,Frequency - harmonic mean of most recent 3 years,AK Toxics Manual,CALM,NA,No Samples
Freshwater,Toxics,Endosulfan Sulfate,NA,Dissolved,Human Health,Aquatic Organisms Only,NA,240,240,ug/L,Maximum,Not to exceed,Arithmetic mean,Frequency - harmonic mean of most recent 3 years,AK Toxics Manual,CALM,NA,No Samples
Freshwater,Toxics,Endothall,NA,Dissolved,Water Supply,"Drinking, Culinary, and Food Processing",NA,100,100,ug/L,Maximum,Not to exceed,Arithmetic mean,NA,NA,CALM,NA,No Samples
Freshwater,Toxics,Endrin,NA,Dissolved,Aquatic Life,NA,Acute,0.086,0.086,ug/L,Maximum,1 in most recent 3 years,1-hour average,NA,NA,CALM,NA,No Samples
Freshwater,Toxics,Endrin,NA,Dissolved,Aquatic Life,NA,Chronic,0.036,0.036,ug/L,Maximum,â‰¥2 exceedances and >5% exceedance frequency in 3 year period,96-hour average,NA,NA,CALM,NA,No Samples
Marine,Toxics,Endrin,NA,Dissolved,Aquatic Life,NA,Acute,0.037,0.037,ug/L,Maximum,1 in most recent 3 years,24-hour max,NA,NA,CALM,NA,No Samples
Marine,Toxics,Endrin,NA,Dissolved,Aquatic Life,NA,Chronic,0.0023,0.0023,ug/L,Maximum,â‰¥2 exceedances and >5% exceedance frequency in 3 year period,24-hour average,NA,NA,CALM,NA,No Samples
Freshwater,Toxics,Endrin,NA,Dissolved,Human Health,Water and Aquatic Organisms,NA,0.76,0.76,ug/L,Maximum,Not to exceed,Arithmetic mean,Frequency - harmonic mean of most recent 3 years,NA,CALM,NA,No Samples
Freshwater,Toxics,Endrin,NA,Dissolved,Human Health,Aquatic Organisms Only,NA,0.81,0.81,ug/L,Maximum,Not to exceed,Arithmetic mean,Frequency - harmonic mean of most recent 3 years,NA,CALM,NA,No Samples
Freshwater,Toxics,Endrin Aldehyde,NA,Dissolved,Human Health,Water and Aquatic Organisms,NA,0.76,0.76,ug/L,Maximum,Not to exceed,Arithmetic mean,Frequency - harmonic mean of most recent 3 years,NA,CALM,NA,No Samples
Freshwater,Toxics,Endrin Aldehyde,NA,Dissolved,Human Health,Aquatic Organisms Only,NA,0.81,0.81,ug/L,Maximum,Not to exceed,Arithmetic mean,Frequency - harmonic mean of most recent 3 years,NA,CALM,NA,No Samples
Freshwater,Toxics,Ethylene Dibromide,NA,Dissolved,Water Supply,"Drinking, Culinary, and Food Processing",NA,0.05,0.05,ug/L,Maximum,Not to exceed,Arithmetic mean,NA,AK Toxics Manual,CALM,NA,No Samples
Freshwater,Toxics,Fluoranthene,NA,Dissolved,Human Health,Water and Aquatic Organisms,NA,300,300,ug/L,Maximum,Not to exceed,Arithmetic mean,Frequency - harmonic mean of most recent 3 years,NA,CALM,NA,No Samples
Freshwater,Toxics,Fluoranthene,NA,Dissolved,Human Health,Aquatic Organisms Only,NA,370,370,ug/L,Maximum,Not to exceed,Arithmetic mean,Frequency - harmonic mean of most recent 3 years,NA,CALM,NA,No Samples
Freshwater,Toxics,Fluorene,NA,Dissolved,Human Health,Water and Aquatic Organisms,NA,1300,1300,ug/L,Maximum,Not to exceed,Arithmetic mean,Frequency - harmonic mean of most recent 3 years,NA,CALM,NA,No Samples
Freshwater,Toxics,Fluorene,NA,Dissolved,Human Health,Aquatic Organisms Only,NA,14000,14000,ug/L,Maximum,Not to exceed,Arithmetic mean,Frequency - harmonic mean of most recent 3 years,NA,CALM,NA,No Samples
Freshwater,Toxics,Fluoride,NA,Dissolved,Water Supply,"Drinking, Culinary, and Food Processing",NA,4000,4000,ug/L,Maximum,Not to exceed,Arithmetic mean,NA,AK Toxics Manual,CALM,NA,No Samples
Freshwater,Toxics,Fluoride,NA,Dissolved,Water Supply,Stock Watering,NA,1000,1000,ug/L,Maximum,Not to exceed,Arithmetic mean,NA,AK Toxics Manual,CALM,NA,No Samples
Freshwater,Toxics,Glyphosate,NA,Dissolved,Water Supply,"Drinking, Culinary, and Food Processing",NA,700,700,ug/L,Maximum,Not to exceed,Arithmetic mean,NA,NA,CALM,NA,No Samples
Freshwater,Toxics,Gross alpha,NA,Dissolved,Water Supply,"Drinking, Culinary, and Food Processing",NA,15,15,pCi/l,Maximum,Not to exceed,Arithmetic mean,NA,NA,CALM,NA,No Samples
Freshwater,Toxics,Gross beta,NA,Dissolved,Water Supply,"Drinking, Culinary, and Food Processing",NA,4,4,millirems,Maximum,Not to exceed,Arithmetic mean,NA,NA,CALM,NA,No Samples
Freshwater,Toxics,Guthion,NA,Dissolved,Aquatic Life,NA,Chronic,0.01,0.01,ug/L,Maximum,â‰¥2 exceedances and >5% exceedance frequency in 3 year period,96-hour average,NA,NA,CALM,NA,No Samples
Marine,Toxics,Guthion,NA,Dissolved,Aquatic Life,NA,Chronic,0.01,0.01,ug/L,Maximum,â‰¥2 exceedances and >5% exceedance frequency in 3 year period,96-hour average,NA,NA,CALM,NA,No Samples
Freshwater,Toxics,Halocetic Acids (HAA5)(five),NA,Dissolved,Water Supply,"Drinking, Culinary, and Food Processing",NA,60,60,ug/L,Maximum,Not to exceed,Arithmetic mean,NA,NA,CALM,NA,No Samples
Freshwater,Toxics,Heptachlor,NA,Dissolved,Water Supply,"Drinking, Culinary, and Food Processing",NA,0.4,0.4,ug/L,Maximum,Not to exceed,Arithmetic mean,NA,NA,CALM,NA,No Samples
Freshwater,Toxics,Heptachlor,NA,Dissolved,Aquatic Life,NA,Acute,0.52,0.52,ug/L,Maximum,1 in most recent 3 years,24-hour max,NA,NA,CALM,NA,No Samples
Freshwater,Toxics,Heptachlor,NA,Dissolved,Aquatic Life,NA,Chronic,0.0038,0.0038,ug/L,Maximum,â‰¥2 exceedances and >5% exceedance frequency in 3 year period,24-hour average,NA,NA,CALM,NA,No Samples
Marine,Toxics,Heptachlor,NA,Dissolved,Aquatic Life,NA,Acute,0.053,0.053000000000000005,ug/L,Maximum,1 in most recent 3 years,24-hour max,NA,NA,CALM,NA,No Samples
Marine,Toxics,Heptachlor,NA,Dissolved,Aquatic Life,NA,Chronic,0.0036,0.0036,ug/L,Maximum,â‰¥2 exceedances and >5% exceedance frequency in 3 year period,24-hour average,NA,NA,CALM,NA,No Samples
Freshwater,Toxics,Heptachlor Epoxide,NA,Dissolved,Water Supply,"Drinking, Culinary, and Food Processing",NA,0.2,0.2,ug/L,Maximum,Not to exceed,Arithmetic mean,NA,NA,CALM,NA,No Samples
Freshwater,Toxics,Heptachlor Epoxide,NA,Dissolved,Aquatic Life,NA,Acute,0.052,0.052000000000000005,ug/L,Maximum,1 in most recent 3 years,24-hour max,NA,NA,CALM,NA,No Samples
Freshwater,Toxics,Heptachlor Epoxide,NA,Dissolved,Aquatic Life,NA,Chronic,0.0038,0.0038,ug/L,Maximum,â‰¥2 exceedances and >5% exceedance frequency in 3 year period,24-hour average,NA,NA,CALM,NA,No Samples
Marine,Toxics,Heptachlor Epoxide,NA,Dissolved,Aquatic Life,NA,Acute,0.053,0.053000000000000005,ug/L,Maximum,1 in most recent 3 years,24-hour max,NA,NA,CALM,NA,No Samples
Marine,Toxics,Heptachlor Epoxide,NA,Dissolved,Aquatic Life,NA,Chronic,0.0036,0.0036,ug/L,Maximum,â‰¥2 exceedances and >5% exceedance frequency in 3 year period,24-hour average,NA,NA,CALM,NA,No Samples
Freshwater,Toxics,Hexachloro-benzene,NA,Dissolved,Water Supply,"Drinking, Culinary, and Food Processing",NA,1,1,ug/L,Maximum,Not to exceed,Arithmetic mean,NA,NA,CALM,NA,No Samples
Freshwater,Toxics,Hexachloro-cyclopentadiene,NA,Dissolved,Water Supply,"Drinking, Culinary, and Food Processing",NA,50,50,ug/L,Maximum,Not to exceed,Arithmetic mean,NA,NA,CALM,NA,No Samples
Freshwater,Toxics,Hexachloro-cyclopentadiene,NA,Dissolved,Human Health,Water and Aquatic Organisms,NA,240,240,ug/L,Maximum,Not to exceed,Arithmetic mean,Frequency - harmonic mean of most recent 3 years,NA,CALM,NA,No Samples
Freshwater,Toxics,Hexachloro-cyclopentadiene,NA,Dissolved,Human Health,Aquatic Organisms Only,NA,17000,17000,ug/L,Maximum,Not to exceed,Arithmetic mean,Frequency - harmonic mean of most recent 3 years,NA,CALM,NA,No Samples
Freshwater,Toxics,Hydrogen Sulfide,HYDROGEN SULFIDE,Dissolved,Aquatic Life,NA,Chronic,2,2,ug/L,Maximum,â‰¥2 exceedances and >5% exceedance frequency in 3 year period,96-hour average,"Toxics manual also refers to Sulfide, undissociated hydrogen sulfide",AK Toxics Manual; criteria-search-tool-data.xlsx,CALM,NA,No Samples
Marine,Toxics,Hydrogen Sulfide,HYDROGEN SULFIDE,Dissolved,Aquatic Life,NA,Chronic,2,2,ug/L,Maximum,â‰¥2 exceedances and >5% exceedance frequency in 3 year period,96-hour average,"Toxics manual also refers to Sulfide, undissociated hydrogen sulfide",AK Toxics Manual; criteria-search-tool-data.xlsx,CALM,NA,No Samples
Marine,Toxics,Lead,LEAD,Dissolved,Aquatic Life,NA,Acute,210,210,ug/L,Maximum,1 in most recent 3 years,1-hour average,NA,AK Toxics Manual; criteria-search-tool-data.xlsx,CALM,NA,No Samples
Marine,Toxics,Lead,LEAD,Dissolved,Aquatic Life,NA,Chronic,8.1,8.1,ug/L,Maximum,â‰¥2 exceedances and >5% exceedance frequency in 3 year period,96-hour average,NA,AK Toxics Manual; criteria-search-tool-data.xlsx,CALM,NA,No Samples
Freshwater,Toxics,Lindane (gamma-BHC),NA,Dissolved,Water Supply,"Drinking, Culinary, and Food Processing",NA,0.2,0.2,ug/L,Maximum,Not to exceed,Arithmetic mean,NA,NA,CALM,NA,No Samples
Freshwater,Toxics,Lindane (gamma-BHC),NA,Dissolved,Aquatic Life,NA,Acute,0.95,0.9500000000000001,ug/L,Maximum,1 in most recent 3 years,1-hour average,NA,NA,CALM,NA,No Samples
Marine,Toxics,Lindane (gamma-BHC),NA,Dissolved,Aquatic Life,NA,Acute,0.16,0.16,ug/L,Maximum,1 in most recent 3 years,24-hour max,NA,NA,CALM,NA,No Samples
Freshwater,Toxics,Lithium,NA,Dissolved,Water Supply,Irrigation,NA,2500,2500,ug/L,Maximum,Not to exceed,Arithmetic mean,NA,NA,CALM,NA,No Samples
Freshwater,Toxics,Malathion,NA,Dissolved,Aquatic Life,NA,Chronic,0.1,0.1,ug/L,Maximum,â‰¥2 exceedances and >5% exceedance frequency in 3 year period,1-hour average,NA,NA,CALM,NA,No Samples
Marine,Toxics,Malathion,NA,Dissolved,Aquatic Life,NA,Chronic,0.1,0.1,ug/L,Maximum,â‰¥2 exceedances and >5% exceedance frequency in 3 year period,1-hour average,NA,NA,CALM,NA,No Samples
Marine,Toxics,Mercury,MERCURY,Dissolved,Aquatic Life,NA,Acute,1.8,1.8,ug/L,Maximum,1 in most recent 3 years,1-hour average,NA,AK Toxics Manual; criteria-search-tool-data.xlsx,CALM,NA,No Samples
Marine,Toxics,Mercury,MERCURY,Dissolved,Aquatic Life,NA,Chronic,0.94,0.9400000000000001,ug/L,Maximum,â‰¥2 exceedances and >5% exceedance frequency in 3 year period,96-hour average,NA,AK Toxics Manual; criteria-search-tool-data.xlsx,CALM,NA,No Samples
Freshwater,Toxics,Methoxychlor,NA,Dissolved,Water Supply,"Drinking, Culinary, and Food Processing",NA,40,40,ug/L,Maximum,Not to exceed,Arithmetic mean,NA,NA,CALM,NA,No Samples
Freshwater,Toxics,Methoxychlor,NA,Dissolved,Aquatic Life,NA,Chronic,0.03,0.03,ug/L,Maximum,â‰¥2 exceedances and >5% exceedance frequency in 3 year period,96-hour average,NA,NA,CALM,NA,No Samples
Marine,Toxics,Methoxychlor,NA,Dissolved,Aquatic Life,NA,Chronic,0.03,0.03,ug/L,Maximum,â‰¥2 exceedances and >5% exceedance frequency in 3 year period,96-hour average,NA,NA,CALM,NA,No Samples
Freshwater,Toxics,Methyl Bromide,NA,Dissolved,Human Health,Water and Aquatic Organisms,NA,48,48,ug/L,Maximum,Not to exceed,Arithmetic mean,Frequency - harmonic mean of most recent 3 years,NA,CALM,NA,No Samples
Freshwater,Toxics,Methyl Bromide,NA,Dissolved,Human Health,Aquatic Organisms Only,NA,4000,4000,ug/L,Maximum,Not to exceed,Arithmetic mean,Frequency - harmonic mean of most recent 3 years,NA,CALM,NA,No Samples
Freshwater,Toxics,"Methyl-4, 6-dinitrophenol, 2-",NA,Dissolved,Human Health,Water and Aquatic Organisms,NA,13.4,13.4,ug/L,Maximum,Not to exceed,Arithmetic mean,Frequency - harmonic mean of most recent 3 years,NA,CALM,NA,No Samples
Freshwater,Toxics,"Methyl-4, 6-dinitrophenol, 2-",NA,Dissolved,Human Health,Aquatic Organisms Only,NA,765,765,ug/L,Maximum,Not to exceed,Arithmetic mean,Frequency - harmonic mean of most recent 3 years,NA,CALM,NA,No Samples
Freshwater,Toxics,Methylene Chloride (Dichloromethane),NA,Dissolved,Water Supply,"Drinking, Culinary, and Food Processing",NA,5,5,ug/L,Maximum,Not to exceed,Arithmetic mean,NA,NA,CALM,NA,No Samples
Freshwater,Toxics,Mirex,NA,Dissolved,Aquatic Life,NA,Chronic,0.001,0.001,ug/L,Maximum,â‰¥2 exceedances and >5% exceedance frequency in 3 year period,96-hour average,NA,NA,CALM,NA,No Samples
Marine,Toxics,Mirex,NA,Dissolved,Aquatic Life,NA,Chronic,0.001,0.001,ug/L,Maximum,â‰¥2 exceedances and >5% exceedance frequency in 3 year period,96-hour average,NA,NA,CALM,NA,No Samples
Freshwater,Toxics,Molybdenum,NA,Dissolved,Water Supply,Irrigation,NA,10,10,ug/L,Maximum,Not to exceed,Arithmetic mean,NA,NA,CALM,NA,No Samples
Freshwater,Toxics,Monochloro-benzene,NA,Dissolved,Water Supply,"Drinking, Culinary, and Food Processing",NA,100,100,ug/L,Maximum,Not to exceed,Arithmetic mean,NA,NA,CALM,NA,No Samples
Freshwater,Toxics,Nitrate and Nitrite,NITRATEÂ +Â NITRITE,Total,Water Supply,"Drinking, Culinary, and Food Processing",NA,10000,10000,ug/L,Maximum,Not to exceed,Arithmetic mean,NA,AK Toxics Manual; criteria-search-tool-data.xlsx,CALM,NA,No Samples
Freshwater,Toxics,Nitrobenzene,NA,Dissolved,Human Health,Water and Aquatic Organisms,NA,17,17,ug/L,Maximum,Not to exceed,Arithmetic mean,Frequency - harmonic mean of most recent 3 years,NA,CALM,NA,No Samples
Freshwater,Toxics,Nitrobenzene,NA,Dissolved,Human Health,Aquatic Organisms Only,NA,1900,1900,ug/L,Maximum,Not to exceed,Arithmetic mean,Frequency - harmonic mean of most recent 3 years,NA,CALM,NA,No Samples
Freshwater,Toxics,Nonylphenol,NA,Dissolved,Aquatic Life,NA,Acute,28,28,ug/L,Maximum,1 in most recent 3 years,1-hour average,NA,NA,CALM,NA,No Samples
Freshwater,Toxics,Nonylphenol,NA,Dissolved,Aquatic Life,NA,Chronic,6.6,6.6,ug/L,Maximum,â‰¥2 exceedances and >5% exceedance frequency in 3 year period,96-hour average,NA,NA,CALM,NA,No Samples
Marine,Toxics,Nonylphenol,NA,Dissolved,Aquatic Life,NA,Acute,7,7,ug/L,Maximum,1 in most recent 3 years,1-hour average,NA,NA,CALM,NA,No Samples
Marine,Toxics,Nonylphenol,NA,Dissolved,Aquatic Life,NA,Chronic,1.7,1.7,ug/L,Maximum,â‰¥2 exceedances and >5% exceedance frequency in 3 year period,96-hour average,NA,NA,CALM,NA,No Samples
Freshwater,Toxics,Oxamyl (Vydate),NA,Dissolved,Water Supply,"Drinking, Culinary, and Food Processing",NA,200,200,ug/L,Maximum,Not to exceed,Arithmetic mean,NA,NA,CALM,NA,No Samples
Freshwater,Toxics,Parathion,NA,Dissolved,Aquatic Life,NA,Acute,0.065,0.065,ug/L,Maximum,1 in most recent 3 years,1-hour average,NA,NA,CALM,NA,No Samples
Freshwater,Toxics,Parathion,NA,Dissolved,Aquatic Life,NA,Chronic,0.0013,0.0013,ug/L,Maximum,â‰¥2 exceedances and >5% exceedance frequency in 3 year period,96-hour average,NA,NA,CALM,NA,No Samples
Freshwater,Toxics,Pentachloro-benzene,NA,Dissolved,Human Health,Water and Aquatic Organisms,NA,3.5,3.5,ug/L,Maximum,Not to exceed,Arithmetic mean,Frequency - harmonic mean of most recent 3 years,NA,CALM,NA,No Samples
Freshwater,Toxics,Pentachloro-benzene,NA,Dissolved,Human Health,Aquatic Organisms Only,NA,4.1,4.1,ug/L,Maximum,Not to exceed,Arithmetic mean,Frequency - harmonic mean of most recent 3 years,NA,CALM,NA,No Samples
Freshwater,Toxics,Pentachloro-phenol,NA,Dissolved,Aquatic Life,NA,Acute,See equation,NA,ug/L,Maximum,1 in most recent 3 years,1-hour average,pH dependent; e(1.005(pH)-4.869),NA,CALM,NA,No Samples
Freshwater,Toxics,Pentachloro-phenol,NA,Dissolved,Aquatic Life,NA,Chronic,See equation,NA,ug/L,Maximum,â‰¥2 exceedances and >5% exceedance frequency in 3 year period,96-hour average,pH dependent; e(1.005(pH)-5.134),NA,CALM,NA,No Samples
Marine,Toxics,Pentachloro-phenol,NA,Dissolved,Aquatic Life,NA,Acute,13,13,ug/L,Maximum,1 in most recent 3 years,1-hour average,pH dependent; e(1.005(pH)-4.869),NA,CALM,NA,No Samples
Marine,Toxics,Pentachloro-phenol,NA,Dissolved,Aquatic Life,NA,Chronic,7.9,7.9,ug/L,Maximum,â‰¥2 exceedances and >5% exceedance frequency in 3 year period,96-hour average,pH dependent; e(1.005(pH)-5.134),NA,CALM,NA,No Samples
Freshwater,Toxics,Phenol,NA,Dissolved,Human Health,Water and Aquatic Organisms,NA,21000,21000,ug/L,Maximum,Not to exceed,Arithmetic mean,Frequency - harmonic mean of most recent 3 years,NA,CALM,NA,No Samples
Freshwater,Toxics,Phenol,NA,Dissolved,Human Health,Aquatic Organisms Only,NA,4600000,4600000,ug/L,Maximum,Not to exceed,Arithmetic mean,Frequency - harmonic mean of most recent 3 years,NA,CALM,NA,No Samples
Marine,Toxics,Phosphorus,NA,Total,Aquatic Life,NA,Chronic,0.1,0.1,ug/L,Maximum,â‰¥2 exceedances and >5% exceedance frequency in 3 year period,96-hour average,NA,AK Toxics Manual; criteria-search-tool-data.xlsx,CALM,NA,No Samples
Freshwater,Toxics,Picloram,NA,Dissolved,Water Supply,"Drinking, Culinary, and Food Processing",NA,500,500,ug/L,Maximum,Not to exceed,Arithmetic mean,NA,NA,CALM,NA,No Samples
Freshwater,Toxics,Polychlorinated Biphenyls (PCBs),NA,Dissolved,Water Supply,"Drinking, Culinary, and Food Processing",NA,0.5,0.5,ug/L,Maximum,Not to exceed,Arithmetic mean,NA,NA,CALM,NA,No Samples
Freshwater,Toxics,Polychlorinated Biphenyls (PCBs),NA,Dissolved,Aquatic Life,NA,Chronic,0.014,0.014,ug/L,Maximum,â‰¥2 exceedances and >5% exceedance frequency in 3 year period,24-hour average,NA,NA,CALM,NA,No Samples
Marine,Toxics,Polychlorinated Biphenyls (PCBs),NA,Dissolved,Aquatic Life,NA,Chronic,0.03,0.03,ug/L,Maximum,â‰¥2 exceedances and >5% exceedance frequency in 3 year period,24-hour average,NA,NA,CALM,NA,No Samples
Freshwater,Toxics,Pyrene,NA,Dissolved,Human Health,Water and Aquatic Organisms,NA,960,960,ug/L,Maximum,Not to exceed,Arithmetic mean,Frequency - harmonic mean of most recent 3 years,NA,CALM,NA,No Samples
Freshwater,Toxics,Pyrene,NA,Dissolved,Human Health,Aquatic Organisms Only,NA,11000,11000,ug/L,Maximum,Not to exceed,Arithmetic mean,Frequency - harmonic mean of most recent 3 years,NA,CALM,NA,No Samples
Freshwater,Toxics,Radium-226 and -228 (combined),NA,Dissolved,Water Supply,"Drinking, Culinary, and Food Processing",NA,5,5,pCi/l,Maximum,Not to exceed,Arithmetic mean,NA,NA,CALM,NA,No Samples
Marine,Toxics,Selenium,SELENIUM,Dissolved,Aquatic Life,NA,Acute,290,290,ug/L,Maximum,1 in most recent 3 years,1-hour average,NA,AK Toxics Manual; criteria-search-tool-data.xlsx,CALM,NA,No Samples
Marine,Toxics,Selenium,SELENIUM,Dissolved,Aquatic Life,NA,Chronic,71,71,ug/L,Maximum,â‰¥2 exceedances and >5% exceedance frequency in 3 year period,96-hour average,NA,AK Toxics Manual; criteria-search-tool-data.xlsx,CALM,NA,No Samples
Marine,Toxics,Silver,SILVER,Dissolved,Aquatic Life,NA,Acute,1.9,1.9,ug/L,Maximum,1 in most recent 3 years,1-hour average,NA,AK Toxics Manual; criteria-search-tool-data.xlsx,CALM,NA,No Samples
Freshwater,Toxics,Simazine,NA,Dissolved,Water Supply,"Drinking, Culinary, and Food Processing",NA,4,4,ug/L,Maximum,Not to exceed,Arithmetic mean,NA,NA,CALM,NA,No Samples
Freshwater,Toxics,Strontium-90,STRONTIUM-90,Dissolved,Water Supply,"Drinking, Culinary, and Food Processing",NA,8,8,pCi/L,Maximum,Not to exceed,Arithmetic mean,NA,AK Toxics Manual,CALM,NA,No Samples
Freshwater,Toxics,Styrene,NA,Dissolved,Water Supply,"Drinking, Culinary, and Food Processing",NA,100,100,ug/L,Maximum,Not to exceed,Arithmetic mean,NA,NA,CALM,NA,No Samples
Freshwater,Toxics,Tetrachloro-ethylene,NA,Dissolved,Water Supply,"Drinking, Culinary, and Food Processing",NA,5,5,ug/L,Maximum,Not to exceed,Arithmetic mean,NA,NA,CALM,NA,No Samples
Freshwater,Toxics,Thallium,NA,Dissolved,Water Supply,"Drinking, Culinary, and Food Processing",NA,2,2,ug/L,Maximum,Not to exceed,Arithmetic mean,NA,NA,CALM,NA,No Samples
Freshwater,Toxics,Thallium,NA,Dissolved,Human Health,Water and Aquatic Organisms,NA,1.7,1.7,ug/L,Maximum,Not to exceed,Arithmetic mean,Frequency - harmonic mean of most recent 3 years,NA,CALM,NA,No Samples
Freshwater,Toxics,Thallium,NA,Dissolved,Human Health,Aquatic Organisms Only,NA,6.3,6.3,ug/L,Maximum,Not to exceed,Arithmetic mean,Frequency - harmonic mean of most recent 3 years,NA,CALM,NA,No Samples
Freshwater,Toxics,Total Trihalomethanes,NA,Dissolved,Water Supply,"Drinking, Culinary, and Food Processing",NA,80,80,ug/L,Maximum,Not to exceed,Arithmetic mean,NA,NA,CALM,NA,No Samples
Freshwater,Toxics,Toxaphene,NA,Dissolved,Water Supply,"Drinking, Culinary, and Food Processing",NA,3,3,ug/L,Maximum,Not to exceed,Arithmetic mean,NA,NA,CALM,NA,No Samples
Freshwater,Toxics,Toxaphene,NA,Dissolved,Aquatic Life,NA,Acute,0.73,0.73,ug/L,Maximum,1 in most recent 3 years,1-hour average,NA,NA,CALM,NA,No Samples
Freshwater,Toxics,Toxaphene,NA,Dissolved,Aquatic Life,NA,Chronic,0.0002,2e-4,ug/L,Maximum,â‰¥2 exceedances and >5% exceedance frequency in 3 year period,96-hour average,NA,NA,CALM,NA,No Samples
Marine,Toxics,Toxaphene,NA,Dissolved,Aquatic Life,NA,Acute,0.21,0.21000000000000002,ug/L,Maximum,1 in most recent 3 years,1-hour average,NA,NA,CALM,NA,No Samples
Marine,Toxics,Toxaphene,NA,Dissolved,Aquatic Life,NA,Chronic,0.0002,2e-4,ug/L,Maximum,â‰¥2 exceedances and >5% exceedance frequency in 3 year period,96-hour average,NA,NA,CALM,NA,No Samples
Freshwater,Toxics,Tributyltin (TBT),NA,Dissolved,Aquatic Life,NA,Acute,0.46,0.46,ug/L,Maximum,1 in most recent 3 years,1-hour average,NA,NA,CALM,NA,No Samples
Freshwater,Toxics,Tributyltin (TBT),NA,Dissolved,Aquatic Life,NA,Chronic,0.072,0.072,ug/L,Maximum,â‰¥2 exceedances and >5% exceedance frequency in 3 year period,96-hour average,NA,NA,CALM,NA,No Samples
Marine,Toxics,Tributyltin (TBT),NA,Dissolved,Aquatic Life,NA,Acute,0.42,0.42000000000000004,ug/L,Maximum,1 in most recent 3 years,1-hour average,NA,NA,CALM,NA,No Samples
Marine,Toxics,Tributyltin (TBT),NA,Dissolved,Aquatic Life,NA,Chronic,0.0074,0.0074,ug/L,Maximum,â‰¥2 exceedances and >5% exceedance frequency in 3 year period,96-hour average,NA,NA,CALM,NA,No Samples
Freshwater,Toxics,"Trichlorobenzene 1, 2, 4-",NA,Dissolved,Water Supply,"Drinking, Culinary, and Food Processing",NA,70,70,ug/L,Maximum,Not to exceed,Arithmetic mean,NA,Mean of most recent 3 years not to exceed,CALM,NA,No Samples
Freshwater,Toxics,"Trichlorobenzene 1, 2, 4-",NA,Dissolved,Human Health,Water and Aquatic Organisms,NA,260,260,ug/L,Maximum,Not to exceed,Arithmetic mean,Frequency - harmonic mean of most recent 3 years,Harmonic mean in 3 years,CALM,NA,No Samples
Freshwater,Toxics,"Trichlorobenzene 1, 2, 4-",NA,Dissolved,Human Health,Aquatic Organisms Only,NA,940,940,ug/L,Maximum,Not to exceed,Arithmetic mean,Frequency - harmonic mean of most recent 3 years,Harmonic mean in 3 years,CALM,NA,No Samples
Freshwater,Toxics,"Trichloroethane 1, 1, 1-",NA,Dissolved,Water Supply,"Drinking, Culinary, and Food Processing",NA,200,200,ug/L,Maximum,Not to exceed,Arithmetic mean,NA,NA,CALM,NA,No Samples
Freshwater,Toxics,"Trichloroethane 1, 1, 2-",NA,Dissolved,Water Supply,"Drinking, Culinary, and Food Processing",NA,5,5,ug/L,Maximum,Not to exceed,Arithmetic mean,NA,NA,CALM,NA,No Samples
Freshwater,Toxics,Trichloro-ethylene,NA,Dissolved,Water Supply,"Drinking, Culinary, and Food Processing",NA,5,5,ug/L,Maximum,Not to exceed,Arithmetic mean,NA,NA,CALM,NA,No Samples
Freshwater,Toxics,"Trichlorophenol 2, 4, 5-",NA,Dissolved,Human Health,Water and Aquatic Organisms,NA,2600,9800,ug/L,Maximum,Not to exceed,Arithmetic mean,Frequency - harmonic mean of most recent 3 years,Harmonic mean in 3 years,CALM,NA,No Samples
Freshwater,Toxics,"Trichlorophenol 2, 4, 5-",NA,Dissolved,Human Health,Aquatic Organisms Only,NA,2600,9800,ug/L,Maximum,Not to exceed,Arithmetic mean,Frequency - harmonic mean of most recent 3 years,Harmonic mean in 3 years,CALM,NA,No Samples
Freshwater,Toxics,"(Trichloro-phenoxy 2, 4, 5-TP)-Proprionic Acid (2, 4, 5-TP)",NA,Dissolved,Water Supply,"Drinking, Culinary, and Food Processing",NA,50,50,ug/L,Maximum,Not to exceed,Arithmetic mean,NA,NA,CALM,NA,No Samples
Freshwater,Toxics,Tritium,NA,Dissolved,Water Supply,"Drinking, Culinary, and Food Processing",NA,20000,20000,pCi/l,Maximum,Not to exceed,Arithmetic mean,NA,NA,CALM,NA,No Samples
Freshwater,Toxics,Uranium,NA,Dissolved,Water Supply,"Drinking, Culinary, and Food Processing",NA,30,30,ug/L,Maximum,Not to exceed,Arithmetic mean,NA,NA,CALM,NA,No Samples
Freshwater,Toxics,Vanadium,NA,Dissolved,Water Supply,Irrigation,NA,100,100,ug/L,Maximum,Not to exceed,Arithmetic mean,NA,NA,CALM,NA,No Samples
Freshwater,Toxics,Vinyl Chloride,NA,Dissolved,Water Supply,"Drinking, Culinary, and Food Processing",NA,2,2,ug/L,Maximum,Not to exceed,Arithmetic mean,NA,NA,CALM,NA,No Samples
Freshwater,Toxics,Xylenes,TOTAL XYLENES,Total,Water Supply,"Drinking, Culinary, and Food Processing",NA,10000,10000,ug/L,Maximum,Not to exceed,Arithmetic mean,NA,AK Toxics Manual,CALM,NA,No Samples
Marine,Dissolved Gas,Dissolved Oxygen,DISSOLVED OXYGEN (DO),NA,Aquatic Life,"Growth and Propagation of Fish, Shellfish, Other Aquatic Life, and Wildlife",NA,4,4,mg/L,Minimum,10%,Daily average,At any depth,AK DEQ SWQS; criteria-search-tool-data.xlsx,CALM,NA,Insufficient Data
Marine,Dissolved Gas,Dissolved Oxygen,DISSOLVED OXYGEN (DO),NA,Aquatic Life,"Growth and Propagation of Fish, Shellfish, Other Aquatic Life, and Wildlife",NA,5,5,mg/L,Minimum,10%,Daily average,Estuaries and tidal tributaries,AK DEQ SWQS; criteria-search-tool-data.xlsx,CALM,NA,Insufficient Data
Marine,Dissolved Gas,Dissolved Oxygen,DISSOLVED OXYGEN (DO),NA,Aquatic Life,"Growth and Propagation of Fish, Shellfish, Other Aquatic Life, and Wildlife",NA,6,6,mg/L,Minimum,10%,Daily average,1m Depth,AK DEQ SWQS; criteria-search-tool-data.xlsx,CALM,NA,Insufficient Data
Marine,Dissolved Gas,Dissolved Oxygen,DISSOLVED OXYGEN (DO),NA,Aquatic Life,"Growth and Propagation of Fish, Shellfish, Other Aquatic Life, and Wildlife",NA,17,17,mg/L,Maximum,10%,Daily average,NA,AK DEQ SWQS; criteria-search-tool-data.xlsx,CALM,NA,Insufficient Data
Marine,Dissolved Gas,Dissolved Oxygen,DISSOLVED OXYGEN (DO),NA,Aquatic Life,"Growth and Propagation of Fish, Shellfish, Other Aquatic Life, and Wildlife",NA,110,110,%,Maximum,10%,Daily average,NA,AK DEQ SWQS,CALM,NA,Insufficient Data
Marine,Dissolved Gas,Dissolved Oxygen,DISSOLVED OXYGEN (DO),NA,Aquatic Life,Harvesting for Consumption of Raw Mollusks or Other Raw Aquatic Life,NA,4,4,mg/L,Minimum,10%,Daily average,At any depth,AK DEQ SWQS; criteria-search-tool-data.xlsx,CALM,NA,Insufficient Data
Marine,Dissolved Gas,Dissolved Oxygen,DISSOLVED OXYGEN (DO),NA,Aquatic Life,Harvesting for Consumption of Raw Mollusks or Other Raw Aquatic Life,NA,5,5,mg/L,Minimum,10%,Daily average,Estuaries and tidal tributaries,AK DEQ SWQS; criteria-search-tool-data.xlsx,CALM,NA,Insufficient Data
Marine,Dissolved Gas,Dissolved Oxygen,DISSOLVED OXYGEN (DO),NA,Aquatic Life,Harvesting for Consumption of Raw Mollusks or Other Raw Aquatic Life,NA,6,6,mg/L,Minimum,10%,Daily average,1m Depth,AK DEQ SWQS; criteria-search-tool-data.xlsx,CALM,NA,Insufficient Data
Marine,Dissolved Gas,Dissolved Oxygen,DISSOLVED OXYGEN (DO),NA,Aquatic Life,Harvesting for Consumption of Raw Mollusks or Other Raw Aquatic Life,NA,17,17,mg/L,Maximum,10%,Daily average,NA,AK DEQ SWQS; criteria-search-tool-data.xlsx,CALM,NA,Insufficient Data
Marine,Dissolved Gas,Dissolved Oxygen,DISSOLVED OXYGEN (DO),NA,Aquatic Life,Harvesting for Consumption of Raw Mollusks or Other Raw Aquatic Life,NA,110,110,%,Maximum,10%,Daily average,NA,AK DEQ SWQS,CALM,NA,Insufficient Data
Marine,Dissolved Gas,Dissolved Oxygen,DISSOLVED OXYGEN (DO),NA,Primary Contact Recreation,NA,NA,4,4,mg/L,Minimum,10%,Daily average,At any depth,AK DEQ SWQS; criteria-search-tool-data.xlsx,CALM,NA,Insufficient Data
Marine,Dissolved Gas,Dissolved Oxygen,DISSOLVED OXYGEN (DO),NA,Primary Contact Recreation,NA,NA,5,5,mg/L,Minimum,10%,Daily average,Estuaries and tidal tributaries,AK DEQ SWQS; criteria-search-tool-data.xlsx,CALM,NA,Insufficient Data
Marine,Dissolved Gas,Dissolved Oxygen,DISSOLVED OXYGEN (DO),NA,Primary Contact Recreation,NA,NA,6,6,mg/L,Minimum,10%,Daily average,1m Depth,AK DEQ SWQS; criteria-search-tool-data.xlsx,CALM,NA,Insufficient Data
Marine,Dissolved Gas,Dissolved Oxygen,DISSOLVED OXYGEN (DO),NA,Primary Contact Recreation,NA,NA,17,17,mg/L,Maximum,10%,Daily average,NA,AK DEQ SWQS; criteria-search-tool-data.xlsx,CALM,NA,Insufficient Data
Marine,Dissolved Gas,Dissolved Oxygen,DISSOLVED OXYGEN (DO),NA,Primary Contact Recreation,NA,NA,110,110,%,Maximum,10%,Daily average,NA,AK DEQ SWQS,CALM,NA,Insufficient Data
Marine,Dissolved Gas,Dissolved Oxygen,DISSOLVED OXYGEN (DO),NA,Secondary Contact Recreation,NA,NA,4,4,mg/L,Minimum,10%,Daily average,At any depth,AK DEQ SWQS; criteria-search-tool-data.xlsx,CALM,NA,Insufficient Data
Marine,Dissolved Gas,Dissolved Oxygen,DISSOLVED OXYGEN (DO),NA,Secondary Contact Recreation,NA,NA,5,5,mg/L,Minimum,10%,Daily average,Estuaries and tidal tributaries,AK DEQ SWQS; criteria-search-tool-data.xlsx,CALM,NA,Insufficient Data
Marine,Dissolved Gas,Dissolved Oxygen,DISSOLVED OXYGEN (DO),NA,Secondary Contact Recreation,NA,NA,6,6,mg/L,Minimum,10%,Daily average,1m Depth,AK DEQ SWQS; criteria-search-tool-data.xlsx,CALM,NA,Insufficient Data
Marine,Dissolved Gas,Dissolved Oxygen,DISSOLVED OXYGEN (DO),NA,Secondary Contact Recreation,NA,NA,17,17,mg/L,Maximum,10%,Daily average,NA,AK DEQ SWQS; criteria-search-tool-data.xlsx,CALM,NA,Insufficient Data
Marine,Dissolved Gas,Dissolved Oxygen,DISSOLVED OXYGEN (DO),NA,Secondary Contact Recreation,NA,NA,110,110,%,Maximum,10%,Daily average,NA,AK DEQ SWQS,CALM,NA,Insufficient Data
Marine,Dissolved Gas,Dissolved Oxygen,DISSOLVED OXYGEN (DO),NA,Water Supply,Aquaculture,NA,4,4,mg/L,Minimum,10%,Daily average,At any depth,AK DEQ SWQS; criteria-search-tool-data.xlsx,CALM,NA,Insufficient Data
Marine,Dissolved Gas,Dissolved Oxygen,DISSOLVED OXYGEN (DO),NA,Water Supply,Aquaculture,NA,5,5,mg/L,Minimum,10%,Daily average,Estuaries and tidal tributaries,AK DEQ SWQS; criteria-search-tool-data.xlsx,CALM,NA,Insufficient Data
Marine,Dissolved Gas,Dissolved Oxygen,DISSOLVED OXYGEN (DO),NA,Water Supply,Aquaculture,NA,6,6,mg/L,Minimum,10%,Daily average,1m Depth,AK DEQ SWQS; criteria-search-tool-data.xlsx,CALM,NA,Insufficient Data
Marine,Dissolved Gas,Dissolved Oxygen,DISSOLVED OXYGEN (DO),NA,Water Supply,Aquaculture,NA,17,17,mg/L,Maximum,10%,Daily average,NA,AK DEQ SWQS; criteria-search-tool-data.xlsx,CALM,NA,Insufficient Data
Marine,Dissolved Gas,Dissolved Oxygen,DISSOLVED OXYGEN (DO),NA,Water Supply,Aquaculture,NA,110,110,%,Maximum,10%,Daily average,NA,AK DEQ SWQS,CALM,NA,Insufficient Data
Freshwater,Temperature,Temperature,"TEMPERATURE, WATER",NA,Aquatic Life,"Growth and Propagation of Fish, Shellfish, Other Aquatic Life, and Wildlife",NA,13,13,Degrees C,Maximum,Not to exceed,Not to exceed,Spawning areas; no listing methodology,AK DEQ SWQS; criteria-search-tool-data.xlsx,None,NA,Insufficient Data
Freshwater,Temperature,Temperature,"TEMPERATURE, WATER",NA,Aquatic Life,"Growth and Propagation of Fish, Shellfish, Other Aquatic Life, and Wildlife",NA,13,13,Degrees C,Maximum,Not to exceed,Not to exceed,Egg & fry incubation; no listing methodology,AK DEQ SWQS; criteria-search-tool-data.xlsx,None,NA,Insufficient Data
Freshwater,Temperature,Temperature,"TEMPERATURE, WATER",NA,Aquatic Life,"Growth and Propagation of Fish, Shellfish, Other Aquatic Life, and Wildlife",NA,15,15,Degrees C,Maximum,Not to exceed,Not to exceed,Migration routes; no listing methodology,criteria-search-tool-data.xlsx,None,NA,Insufficient Data
Freshwater,Temperature,Temperature,"TEMPERATURE, WATER",NA,Aquatic Life,"Growth and Propagation of Fish, Shellfish, Other Aquatic Life, and Wildlife",NA,15,15,Degrees C,Maximum,Not to exceed,Not to exceed,Rearing areas; no listing methodology,criteria-search-tool-data.xlsx,None,NA,Insufficient Data
Freshwater,Temperature,Temperature,"TEMPERATURE, WATER",NA,Aquatic Life,"Growth and Propagation of Fish, Shellfish, Other Aquatic Life, and Wildlife",NA,20,20,Degrees C,Maximum,Not to exceed,Not to exceed,no listing methodology,AK DEQ SWQS; criteria-search-tool-data.xlsx,None,NA,Insufficient Data
Freshwater,Temperature,Temperature,"TEMPERATURE, WATER",NA,Primary Contact Recreation,NA,NA,30,30,Degrees C,Maximum,Not to exceed,Not to exceed,no listing methodology,AK DEQ SWQS; criteria-search-tool-data.xlsx,None,NA,Insufficient Data
Freshwater,Temperature,Temperature,"TEMPERATURE, WATER",NA,Water Supply,"Agriculture, Including Irrigation and Stock Watering",NA,30,30,Degrees C,Maximum,Not to exceed,Not to exceed,no listing methodology,AK DEQ SWQS; criteria-search-tool-data.xlsx,None,NA,Insufficient Data
Freshwater,Temperature,Temperature,"TEMPERATURE, WATER",NA,Water Supply,Aquaculture,NA,13,13,Degrees C,Maximum,Not to exceed,Not to exceed,Spawning areas; no listing methodology,AK DEQ SWQS; criteria-search-tool-data.xlsx,None,NA,Insufficient Data
Freshwater,Temperature,Temperature,"TEMPERATURE, WATER",NA,Water Supply,Aquaculture,NA,13,13,Degrees C,Maximum,Not to exceed,Not to exceed,Egg & fry incubation; no listing methodology,AK DEQ SWQS; criteria-search-tool-data.xlsx,None,NA,Insufficient Data
Freshwater,Temperature,Temperature,"TEMPERATURE, WATER",NA,Water Supply,Aquaculture,NA,15,15,Degrees C,Maximum,Not to exceed,Not to exceed,Migration routes; no listing methodology,AK DEQ SWQS; criteria-search-tool-data.xlsx,None,NA,Insufficient Data
Freshwater,Temperature,Temperature,"TEMPERATURE, WATER",NA,Water Supply,Aquaculture,NA,15,15,Degrees C,Maximum,Not to exceed,Not to exceed,Rearing areas; no listing methodology,AK DEQ SWQS; criteria-search-tool-data.xlsx,None,NA,Insufficient Data
Freshwater,Temperature,Temperature,"TEMPERATURE, WATER",NA,Water Supply,Aquaculture,NA,20,20,Degrees C,Maximum,Not to exceed,Not to exceed,no listing methodology,AK DEQ SWQS; criteria-search-tool-data.xlsx,None,NA,Insufficient Data
Freshwater,Temperature,Temperature,"TEMPERATURE, WATER",NA,Water Supply,"Drinking, Culinary, and Food Processing",NA,15,15,Degrees C,Maximum,Not to exceed,Not to exceed,no listing methodology,AK DEQ SWQS; criteria-search-tool-data.xlsx,None,NA,Insufficient Data
Freshwater,Temperature,Temperature,"TEMPERATURE, WATER",NA,Water Supply,Industrial,NA,25,25,Degrees C,Maximum,Not to exceed,Not to exceed,no listing methodology,AK DEQ SWQS; criteria-search-tool-data.xlsx,None,NA,Insufficient Data
Marine,Temperature,Temperature,"TEMPERATURE, WATER",NA,Water Supply,Industrial,NA,25,25,Degrees C,Maximum,Not to exceed,Not to exceed,no listing methodology,AK DEQ SWQS; criteria-search-tool-data.xlsx,None,NA,Insufficient Data
Marine,Temperature,Temperature,"TEMPERATURE, WATER",NA,Water Supply,Seafood Processing,NA,15,15,Degrees C,Maximum,Not to exceed,Not to exceed,no listing methodology,AK DEQ SWQS; criteria-search-tool-data.xlsx,None,NA,Insufficient Data
Freshwater,Toxics,Benzene,BENZENE,Dissolved,Water Supply,"Drinking, Culinary, and Food Processing",NA,5,5,ug/L,Maximum,Not to exceed,Arithmetic mean,NA,AK Toxics Manual,CALM,NA,Insufficient Data
Freshwater,Toxics,Benzo(a)Pyrene,BENZENE,Dissolved,Water Supply,"Drinking, Culinary, and Food Processing",NA,0.2,0.2,ug/L,Maximum,Not to exceed,Arithmetic Mean,NA,AK Toxics Manual,CALM,NA,Insufficient Data
Freshwater,Toxics,Chlorine,CHLORINE,Total Residual,Aquatic Life,NA,Acute,19,19,ug/L,Maximum,1 in most recent 3 years,1-hour average,NA,AK Toxics Manual; criteria-search-tool-data.xlsx,CALM,NA,Insufficient Data
Freshwater,Toxics,Chlorine,CHLORINE,Total Residual,Aquatic Life,NA,Chronic,11,11,ug/L,Maximum,â‰¥2 exceedances and >5% exceedance frequency in 3 year period,96-hour average,NA,AK Toxics Manual; criteria-search-tool-data.xlsx,CALM,NA,Insufficient Data
Freshwater,Toxics,Chlorite,CHLORINE,Dissolved,Water Supply,"Drinking, Culinary, and Food Processing",NA,1000,1000,ug/L,Maximum,Not to exceed,Arithmetic mean,NA,AK Toxics Manual,CALM,NA,Insufficient Data
Freshwater,Toxics,Chlorobenzene,CHLOROBENZENE,Dissolved,Human Health,Water and Aquatic Organisms,NA,21000,21000,ug/L,Maximum,Not to exceed,Arithmetic mean,Frequency - harmonic mean of most recent 3 years,AK Toxics Manual,CALM,NA,Insufficient Data
Freshwater,Toxics,Chlorobenzene,CHLOROBENZENE,Dissolved,Human Health,Aquatic Organisms Only,NA,680,680,ug/L,Maximum,Not to exceed,Arithmetic mean,Frequency - harmonic mean of most recent 3 years,AK Toxics Manual,CALM,NA,Insufficient Data
Marine,Toxics,Copper,COPPER,Dissolved,Aquatic Life,NA,Acute,4.8,4.8,ug/L,Maximum,1 in most recent 3 years,24-hour average,NA,AK Toxics Manual; criteria-search-tool-data.xlsx,CALM,NA,Insufficient Data
Marine,Toxics,Copper,COPPER,Dissolved,Aquatic Life,NA,Chronic,3.1,3.1,ug/L,Maximum,â‰¥2 exceedances and >5% exceedance frequency in 3 year period,96-hour average,NA,AK Toxics Manual; criteria-search-tool-data.xlsx,CALM,NA,Insufficient Data
Freshwater,Toxics,Cyanide,CYANIDE,Dissolved,Aquatic Life,NA,Acute,22,22,ug/L,Maximum,1 in most recent 3 years,1-hour average,NA,AK Toxics Manual; criteria-search-tool-data.xlsx,CALM,"As free cyanide, CN/L",Insufficient Data
Freshwater,Toxics,Cyanide,CYANIDE,Dissolved,Aquatic Life,NA,Chronic,5.2,5.2,ug/L,Maximum,â‰¥2 exceedances and >5% exceedance frequency in 3 year period,96-hour average,NA,AK Toxics Manual; criteria-search-tool-data.xlsx,CALM,NA,Insufficient Data
Freshwater,Toxics,Cyanide,CYANIDE,Dissolved,Human Health,Aquatic Organisms Only,NA,220000,220000,ug/L,Maximum,Not to exceed,Arithmetic mean,Frequency - harmonic mean of most recent 3 years,AK Toxics Manual; criteria-search-tool-data.xlsx,CALM,NA,Insufficient Data
Freshwater,Toxics,Cyanide,CYANIDE,Dissolved,Human Health,Water and Aquatic Organisms,NA,700,700,ug/L,Maximum,Not to exceed,Arithmetic mean,Frequency - harmonic mean of most recent 3 years,AK Toxics Manual; criteria-search-tool-data.xlsx,CALM,NA,Insufficient Data
Freshwater,Toxics,Cyanide,CYANIDE,Dissolved,Water Supply,"Drinking, Culinary, and Food Processing",NA,200,200,ug/L,Maximum,Not to exceed,Arithmetic mean,NA,AK Toxics Manual; criteria-search-tool-data.xlsx,CALM,NA,Insufficient Data
Freshwater,Toxics,Ethylbenzene,ETHYLBENZENE,Dissolved,Human Health,Aquatic Organisms Only,NA,29000,29000,ug/L,Maximum,Not to exceed,Arithmetic mean,Frequency - harmonic mean of most recent 3 years,NA,CALM,NA,Insufficient Data
Freshwater,Toxics,Ethylbenzene,ETHYLBENZENE,Dissolved,Human Health,Water and Aquatic Organisms,NA,3100,3100,ug/L,Maximum,Not to exceed,Arithmetic mean,Frequency - harmonic mean of most recent 3 years,NA,CALM,NA,Insufficient Data
Freshwater,Toxics,Ethylbenzene,ETHYLBENZENE,Dissolved,Water Supply,"Drinking, Culinary, and Food Processing",NA,700,700,ug/L,Maximum,Not to exceed,Arithmetic mean,NA,AK Toxics Manual,CALM,NA,Insufficient Data
Marine,Toxics,Nickel,NICKEL,Dissolved,Aquatic Life,NA,Acute,74,74,ug/L,Maximum,1 in most recent 3 years,1-hour average,NA,AK Toxics Manual; criteria-search-tool-data.xlsx,CALM,NA,Insufficient Data
Marine,Toxics,Nickel,NICKEL,Dissolved,Aquatic Life,NA,Chronic,8.2,8.2,ug/L,Maximum,â‰¥2 exceedances and >5% exceedance frequency in 3 year period,96-hour average,NA,AK Toxics Manual; criteria-search-tool-data.xlsx,CALM,NA,Insufficient Data
Freshwater,Toxics,Toluene,TOLUENE,Dissolved,Water Supply,"Drinking, Culinary, and Food Processing",NA,1000,1000,ug/L,Maximum,Not to exceed,Arithmetic mean,NA,NA,CALM,NA,Insufficient Data
Freshwater,Toxics,Toluene,TOLUENE,Dissolved,Human Health,Water and Aquatic Organisms,NA,6800,6800,ug/L,Maximum,Not to exceed,Arithmetic mean,Frequency - harmonic mean of most recent 3 years,NA,CALM,NA,Insufficient Data
Freshwater,Toxics,Toluene,TOLUENE,Dissolved,Human Health,Aquatic Organisms Only,NA,200000,200000,ug/L,Maximum,Not to exceed,Arithmetic mean,Frequency - harmonic mean of most recent 3 years,NA,CALM,NA,Insufficient Data
Freshwater,Toxics,Toluene,TOLUENE,Dissolved,Water Supply,"Drinking, Culinary, and Food Processing",NA,1000,1000,ug/L,Maximum,Not to exceed,Arithmetic mean,NA,AK Toxics Manual,CALM,NA,Insufficient Data
